ID,var_resp
1377484057720537344,0
-1525719144337569280,0
67615714461006448,0
8796173792749960192,1
28103788459531572,0
61355404474341664,0
-3477991795859422,0
9172134556666576,0
14804314947071036,0
1222640215433999360,0
-1973190484827487232,0
-6424038129495478272,0
24166555324417336,0
-112662460942712224,0
2892691426478230,0
8796598812585962496,0
-3018365942586868736,0
154744365808068832,0
308769083120323136,1
-4245269798130761728,0
-4403456307545819648,1
-33145626161179712,0
-18905470115103068,0
2745352906343634944,0
-8209998305019151360,0
5898643794161032,0
-65158937936758328,0
-3302653663142631936,0
7194028431596214272,0
21272656056574508,0
87951325474255120,1
281487234272602880,0
490468326114433280,0
-338643296568587072,1
678547902095195904,0
63612374266361400,0
3421429617937779200,0
-1084237028527700224,0
29887568121667740,0
34374800679925788,0
6172854600017822720,0
4396131505869592576,0
676003531457763072,0
-139668757366580384,0
148507722567540832,0
-46047316678336088,0
506859045737710976,1
7776294363437173760,0
7575300963177148,0
20379146237996936,0
-17756148636107548,0
-142145635568274656,0
1518864478717578,0
-2434158172839031,0
2292661737608130304,0
4609220585248124,0
53509265985725184,0
6815825159250,0
318443148930225216,0
3603594137455977472,0
22844573621668772,0
39875056410462976,0
-5385234090097006592,0
-10208973624841620,0
-6442933464424610816,0
940210156424165888,0
-1607283063593838336,0
4664592965519120384,0
-129320639770487456,0
-9374643685505526,0
-10130519877941624,0
20760657862654468,0
-316521379015386176,0
589478906274393216,0
547647371650695616,1
-3893377522221353472,0
433862988877804992,0
78840751803243552,0
10296727723299936,0
-251941067156973184,0
8742425414285452,0
125316137931867008,1
-34321075426770032,0
484802227406606848,0
254285647103887040,0
1033994183342137472,0
25405173478398916,0
4807681171965751296,0
408582066354273152,0
-568453597677835456,0
-14612501609966896,0
1112216553598338176,0
-3371268626162815488,1
-553470271339745216,0
-66343185219120256,0
34193338441936556,1
-9046482651573419008,0
1228348938025766912,1
3145236448672210432,0
-583192230969937664,1
-4032413034408742,0
-1070586269278665472,0
64824974872886096,0
-2079383783622277632,0
12041605492737564,0
202270724141933888,0
9725086030222160,0
2894865913956233216,0
8208352004181908,0
-8547723915191043072,0
-28514422242424996,0
13146900683396296,0
-206024075660828096,0
6720880537409725,0
-7903801655001154,0
236736619994149120,0
3472156090334152192,0
-3669287616126714,0
-537708771022959296,1
1343867361648173,0
-65348190654168008,0
1788153342663173888,1
35392037794791416,0
-3988438998171416576,0
-916060393401926144,1
2158522471183983616,0
6287853535804528640,0
2810744562628827136,0
13739658830247962,0
6703160890851327,0
103555823102229264,1
248012456151905888,0
68550770060461952,0
-9137192113290336,0
-496378024759208832,0
-3610279940314629120,0
4621592453278722048,0
1381208593430340864,1
7961099053814820,0
-2566145023669016393,1
-2802643317543404810,1
7457484512666334636,1
8320674852027678960,1
-7495693851562851922,1
7632511109875147917,1
4338369869992166320,1
-6881946549616547208,1
-7317506074060178980,1
-5540152237092306141,1
9155104994696256277,1
8308554553301372911,1
7142905096746918273,1
376507740028610355,1
3783996417218850233,1
7155480701122207435,1
-5585037082688542991,1
-2772961112644990510,1
-7160312737004213918,1
-3466375393977746527,1
7242688345335733016,1
5988462038992945267,1
5249676713439930282,1
-717672741560598369,1
4454292859036024353,1
-5147185527983706540,1
-5183339202566052296,1
9010120833313007097,1
-2521903200154830599,1
4838432155276746724,1
8380926412198233616,1
-3472465272761331041,1
-1021551619384543667,1
-6533816008695721186,1
-853631307037485963,1
-6735997903561912939,1
2314521104266005575,1
6039920354931731107,1
744106760663224563,1
-4774286264150338312,1
-5986708104543173591,1
-7288421235102598447,1
3172179159666912104,1
-8589419375122370564,1
1784563476410829110,1
3271911779784858180,1
-7569352842349481838,1
2560880459496235639,1
8626175653778648558,1
8400758789074165769,1
2097004051218727808,1
-4811103593569050599,1
-796820265542838437,1
-2131626149409472215,1
-2649641467692635529,1
2390300313702546028,1
832641786978476787,1
6961667700349606478,1
-4711588727665896116,1
999868876733162570,1
9099121701235935303,1
-1025009691611908639,1
2561250109998124556,1
4077386098712472976,1
-524040685499829947,1
9153303103220742312,1
4667518260586196792,1
-6840755640477120595,1
-3033734435560352219,1
7742816374056205283,1
7179415307443379149,1
-2384075039046345170,1
-1457216410439661976,1
6098595316989790793,1
8454453230487081847,1
-2371415370324318984,1
-2694560234099581252,1
4504698088939425341,1
5822990353961103707,1
-4883259878345416254,1
-7427910547017324051,1
-6828336614269056024,1
-7429553221571695857,1
2444320946380186078,1
-4311041026246784333,1
-4091538428364868992,1
8773434795770389558,1
-2354342368796300329,1
-27442194329771269,1
3286675047830568216,1
5880110642836355942,1
-5547600240431467480,1
-6063349907623932823,1
7263183206092263482,1
6936636157971586862,1
8579883384881949821,1
-1769674518899666627,1
-1641343432479650930,1
6246190202569436920,1
3209423406870025869,1
-2004360248910732488,1
-7011777977327362596,1
-690896066453178776,1
-3047910432770777039,1
-1171396870823790287,1
-8121085205382709677,1
5606561176215953928,1
7685705943491840991,1
-1743395879764907673,1
4339263253700100263,1
3968099903414846955,1
-4152221108014607146,1
5209546638433220633,1
4058602430269617554,1
-4106618059267814313,1
6276337701917358534,1
8449603441421175069,1
4029085686952647527,1
-7484773855557509769,1
-2251766619229811660,1
5388073022661486602,1
-1482169593359848526,1
7400051583710043875,1
1426600652274652579,1
489643015562982503,1
4546977899256388648,1
-2448787332843437302,1
4298214101192010108,1
504130874743875837,1
-6338757028080580163,1
3617839807707105310,1
-6141989139326745600,1
4426202388974883360,1
3313612455471160943,1
3356924970695600457,1
-6670103380448651977,1
-2690089294155805757,1
3027851396329770998,1
7751314520704750823,1
5432878826598481808,1
5422264948383251998,1
-4057322144577638444,1
-7943819814654327500,1
5894007513787082635,1
-7327325680722929118,1
8467357304364417549,1
-5424316326143364418,1
5740971571824431621,1
2788486546709778005,1
-6180918521437097102,1
8911955463252711797,1
7688612010368378809,1
4911925844329981300,1
-6768092692833963161,1
-5835416801613783703,1
5387003540139199349,1
5985373407140379800,1
-2656819626032191383,1
-4659946757443406720,1
487359337964701076,1
-1208972499661087588,1
1597004546620573126,1
-234277873023809022,1
-6579204634685810892,1
9076421553241290889,1
-6220206058061707486,1
3061019567886043036,1
8695985281156910594,1
-2515765055365067085,1
8325873618238875848,1
-6843394798360812288,1
5704357460938328165,1
5671951062003468938,1
823953322839488095,1
-1770493573533150721,1
-1336181187282489830,1
-2386099808539487559,1
3727034093193914917,1
8057802304859462324,1
-199701518648062604,1
-679830162047668810,1
7827994019111218033,1
2515594473749070318,1
-4512188736007558365,1
1046947603380911231,1
-1162150450709176031,1
-8368444865554061241,1
-115768587691458397,1
4386183922180848720,1
-545134765388708543,1
-1397220493171914875,1
9069347002245840248,1
-7868644516212849082,1
4062187867853242601,1
5845635994219114900,1
475531203748165987,1
7615529931328442195,1
4625680784636335737,1
475028737194714644,1
8965578114730048143,1
-3531795894478340059,1
-8045571128382792895,1
2350849981251295657,1
2115999107788541415,1
-5786192811122450185,1
2584969641675891496,1
4008780953853457292,1
-936587483848164723,1
7196910808570951384,1
5405829162475739332,1
-8484004172456139947,1
-353014676395631398,1
6679374944483179322,1
5378074741822015173,1
3854381616848065705,1
3476231337350412736,1
-4415313597345473526,1
7354016479554236491,1
5055200841251898942,1
5839907593960924728,1
3856864102854057063,1
-4366614396527016891,1
145516931856249738,1
529332020544822637,1
-3049948354307182272,1
1255902577777390654,1
8924061667040605097,1
1729401994448148405,1
-6449542717836990393,1
5619698778837561416,1
8097397268696638645,1
791971549350466107,1
-4930568136779430818,1
385133051613453985,1
6297521867073836835,1
7947275143993663048,1
2573870717066885621,1
-6529029963751345068,1
-1758859908455222245,1
-8590458692746079310,1
-5058746024976952458,1
7716684847542148708,1
4901937343414279781,1
3422673819161597432,1
-1576224760585464538,1
-4720194695728701489,1
-6425378056669145216,1
6156730456696718479,1
1971435528147201600,1
-4141950523702385917,1
-4481593022855467525,1
3369395464710752808,1
-616711833736960233,1
1375640740661442988,1
-3201195128049073314,1
-5245055960110636518,1
-2921540750322181633,1
2750104230156375261,1
-163971469912605976,1
6719826196989769487,1
3096393526382222136,1
-7201980871075412773,1
5947811376634579660,1
-2149690580401739601,1
-3803959102012347674,1
3108322823075127640,1
3666705398418979254,1
-2447049145127717685,1
-4584997885547602052,1
2184022517411986315,1
-2090941820599134640,1
-8641974494840359483,1
6920668541022026308,1
5659725364284986431,1
1033406132962258880,1
-4777610585125592925,1
-9202021755600815056,1
-4794565237862977394,1
5134536503727441145,1
-3259231744319619480,1
8798015204132908349,1
-6361860423529618290,1
-5961125899068334860,1
5769348609711930473,1
-7573354174885121852,1
5112847464971007784,1
6325695607429712847,1
-999921351671365134,1
3563677286191457535,1
-6317898845936847782,1
1307572165610933132,1
5392589797840535560,1
4948841240034259187,1
6053450508213707142,1
1029595053737637742,1
2369485131123340915,1
3126768104293076721,1
7650735685423216266,1
-489608393192277220,1
1096995810930861257,1
-6707319590809526063,1
-8574184671128645822,1
2220991430614673260,1
7491504767925293036,1
-4397819242957677455,1
4794738755570881506,1
635903291450956327,1
7149936192056121264,1
7394012614211245259,1
1175032802241261066,1
5306176863499985883,1
-3925540151521984016,1
5554079160377082719,1
-8352286386749046468,1
7644518690096047105,1
-4441695519154212983,1
-7169451287395038442,1
3586856876353970748,1
4019137330528940476,1
-1348613307732424942,1
-4784479939414296353,1
2626848740234659147,1
-2163871121911559836,1
-5704286239986364876,1
7111442197457201414,1
-4626279863453644111,1
1578749123926638973,1
8697709589004671359,1
-143485863526219211,1
5428888283494459425,1
5640356500279990542,1
408873347055055586,1
5379057992004067415,1
-3941956308952310404,1
5637080253875179354,1
5202797856450646650,1
480347010833414583,1
8789513390198935004,1
2575741610073442771,1
-3755951668693459132,1
8265626735018349760,1
8951303291823771478,1
-8236299423151910256,1
5301887605332186579,1
-4986352943602657230,1
-7596466903542159916,1
1195485058673461426,1
-6101581032203539003,1
-6769776891576904289,1
4006476803986903197,1
6724057131469938929,1
6107136246541053473,1
8186519472122819466,1
5405848358014753103,1
3724592526298757430,1
-2114706779926449669,1
6049503504889651294,1
3835225493778182626,1
-2932489295865918340,1
3090504193143307289,1
-1908580567914775943,1
-165509134056055007,1
-2731833812273610386,1
-3428280248444045382,1
8375315293829925688,1
-8008342531991100744,1
-8122945431427951215,1
-7908927757184761327,1
-5587079837414245824,1
4767578564917419295,1
-2212863926871590811,1
-615513466205544525,1
1111971637123531401,1
1888815313364667143,1
6890987551336885271,1
-8378190096983075584,1
2097330264086193760,1
-7402991804299700850,1
869022206701347218,1
-2805702704909548137,1
-6451015025373822131,1
-8779029919015313332,1
1051597915746307220,1
-8049600131734842509,1
-3628530823359685853,1
1627690112479899315,1
255223235137038471,1
-4593489291374687205,1
4818640109592574938,1
-729599983222666572,1
-8046385351607913935,1
-7231587753167569490,1
-6228550766463666844,1
-1524582195464752119,1
-205973879117819927,1
-1824081370874565791,1
4896328217368323299,1
-1038899200144364724,1
-4256402369916619036,1
1232052237298361442,1
-6087255494434396950,1
4160630941771227221,1
-4944707973693257674,1
2091742508483561069,1
1740558109900190992,1
4267672771935602760,1
3091889753776381936,1
-3398722315372564972,1
7560800455699639351,1
-3291344050774294938,1
-763756884711271749,1
-3189925726241599762,1
3561673014693870265,1
-4108200139864509772,1
-5515843332855187965,1
7431136159619538125,1
6575759214164431606,1
702461652785155045,1
4059129009596221232,1
2128986722984828894,1
4883699221437989519,1
7576343419676918788,1
-5265189701353596515,1
4717266168212802049,1
-4304297972362412596,1
-6224223515508398819,1
-803825920944419371,1
5049490404782338719,1
-355479520574915777,1
4992990130812535034,1
-9115433674067310736,1
-6174254632409260546,1
732162527800899403,1
3450632976300982385,1
-5473034577140414977,1
1940780301176605710,1
-509739904778756189,1
8246925723338854009,1
2125339843668070724,1
-5240916906676870102,1
3160057400518946243,1
-6356694291929805125,1
-8515791394363747455,1
5020716853518750495,1
-2633464335366480483,1
-7875416690385524136,1
-7424776491788035763,1
-1610232584833877487,1
-749032196503440734,1
62801333859879959,1
-5497284384093630518,1
7582091591740608842,1
-8683839438165971969,1
9324437292353547,1
46981498688162516,1
3714784529549774918,1
1929128877375940897,1
-1493108187998249351,1
-6343262339387744820,1
1985388130328400845,1
2908149502197691702,1
8149476057220858517,1
-1266357349513983617,1
3097645496745457372,1
-739608473696911403,1
-7434367700181076138,1
-8392896032525130335,1
7727289416398003408,1
2138904686494090756,1
5998437265451443698,1
-4777480643268866659,1
-411975192218724110,1
7720604040477137712,1
-4376311223643081894,1
8683390185458136053,1
-8001201480329445494,1
-8945525561127886182,1
8707182586779481830,1
8696187431065967550,1
7285668450093355370,1
4365723860866936885,1
-2688893013375301184,1
-5693380338331519006,1
-3013048104474517178,1
-6778182081399683779,1
-2834576119418544403,1
-8626468825211637921,1
2059217542344665378,1
-5921863906655429935,1
-4979842746992059266,1
-7402223545449760133,1
-5512355914568423798,1
-3183073122126240505,1
3785722951346277603,1
-3483303316191378311,1
-4439754933546412816,1
-2476566357603371473,1
-7021695223788708684,1
-6197502695342381756,1
3714226217214472334,1
7124712550694729821,1
-8396865152617439050,1
8668807225908198974,1
-8356480232074757166,1
-5193638112521987185,1
3610928951491179631,1
-7056136409911575157,1
-5112018280984272641,1
-6715727131892381821,1
1826264178999422378,1
8814592982399257369,1
-434140832514555583,1
8108806353049951033,1
5892390877636758035,1
1808114844365948146,1
5872409451861685669,1
6712258106130058655,1
1476601406899737849,1
3152021988587347848,1
-5234993906748698323,1
5518544114577188040,1
-5730871434281536966,1
5258638266907523640,1
7596762670476512245,1
6393558293341141466,1
-8894626339974284446,1
-2844422528821065556,1
8209822086962194460,1
-7354982369783974139,1
8634147443518692308,1
5819551633757504395,1
-961852973021774201,1
5499811666791266490,1
-7745708678942507703,1
2990999657513825959,1
-5723971986998773230,1
-3374683628874751629,1
-2496161760596419736,1
-4246150324156546903,1
8073577359580777527,1
7682229141064295048,1
-2406919016005510380,1
-2146396941189629080,1
2549371016896990571,1
-2472149583253645771,1
3988985630425276771,1
3382274721528454082,1
4318157112119909389,1
6625693284057083009,1
7526023177242776872,1
4395250555065097768,1
-9045506260464017098,1
3871404499922468292,1
-2710860655947604555,1
8842492271118458191,1
-4458714931238009699,1
-6021000490725763969,1
1432437661433542339,1
-6959319320265648846,1
7624982732069148484,1
4023304562315434772,1
-6308715628065207521,1
6245375369904589240,1
-3015633387644416825,1
4688666259800221069,1
2809636750115161179,1
-244523730446618789,1
4906750451233089100,1
-3090094571785509097,1
644652011966907344,1
-446383439208800589,1
8031450815810024678,1
-7832985092723265238,1
-8481416385678875344,1
4677229612500773368,1
-6948754263997528486,1
7654905438300505272,1
46598374620822648,1
3447921638004843305,1
1175454819764285124,1
-8753462976496946794,1
3037248970493004629,1
-4713228954217410900,1
-7658346467362887792,1
-8434618826135102878,1
8797233520971454239,1
-2111822512551509994,1
-7516160331006803745,1
-4115706920276407946,1
-8740501616014163222,1
5619198699138145696,1
4531940702868426768,1
-5875110697532143700,1
2763126366514492446,1
-5837139004503058259,1
-5277117187130794415,1
-4571405007165919430,1
-678053629689116649,1
7059640711256574884,1
-6782982552719321531,1
-4637398112024443245,1
3504504928538462220,1
-6397668846829713558,1
1691107019699560851,1
861429348088354133,1
-8184677944586701762,1
299694933874682677,1
7482720603426768150,1
-1857054832730801,1
-4173504644384152262,1
3130974998229445642,1
-2813622728675342699,1
2540042009860585453,1
5047359634593473593,1
6942611420733096927,1
1613153765032033471,1
-2565798149995035425,1
7210746301707818534,1
99595729308309306,1
-7437495418169357929,1
-5053859004178555744,1
-4105013243423664600,1
-3665335239243313899,1
727738919084367625,1
-9193354935396902411,1
-6790802533386276099,1
8757636582694018677,1
397502787266258274,1
4782310829128840757,1
-7674264869745897837,1
-3019795319682534049,1
-3777945583955534638,1
-4091115434146646885,1
-6244918849344343753,1
5878383716791496715,1
-257932712045060409,1
-3041309109711700017,1
-2677171177651360948,1
-2992579186300882252,1
-8058361053854445228,1
-4278402087389048972,1
-5219940173081652551,1
2043297438449647717,1
-8887802620479913068,1
-6633109900930311473,1
5570788890508765289,1
-5303797353259874108,1
4560444379179475441,1
4785499413766896063,1
3992364658888442154,1
8684073045812275934,1
-3566471679947758954,1
2098609807338075390,1
58289603753177153,1
-4864497279009656960,1
2345182319542313555,1
-2095791726274442284,1
1551517169524082342,1
-8168335302234627843,1
193955018202705201,1
-1204924382683267500,1
2510534278860870503,1
-7173386980299581626,1
4842423835855575866,1
-999084757115394285,1
-1838948129208722594,1
-414452784146489415,1
8186483910667366944,1
5140617669219192000,1
-1870509091579469237,1
8947713966362425914,1
-626608606625821818,1
-8009937400915419242,1
4485609302796199012,1
5795074576077677208,1
8176583198485925265,1
93090185237779988,1
2231222525730546898,1
-377642107746303471,1
-4649181842306391845,1
-5531444712820050960,1
-8064653737730108250,1
2109675860655131876,1
-7571401226578109724,1
3666191904670655220,1
8684553400709222887,1
-8186703340172590056,1
6005826562873077454,1
-4517252155500640683,1
212311299318333685,1
-5902976165966439643,1
-7065960069926732564,1
-1939090622223066552,1
5127905926909581602,1
-815028317615487472,1
4373952780903617772,1
-4425112048258131808,1
-7260082598125918384,1
-495287945359685643,1
-788911778477354035,1
5650109299447645136,1
4124169309021534520,1
2240327770008725412,1
215267940527024257,1
5228570781284545331,1
-1568894910697796781,1
8522419227494737439,1
-5932736758800229684,1
6777901879490798971,1
6957990459032339385,1
-5758921386520713257,1
-2447920023096863039,1
-7792605234933289540,1
-9191655855978785978,1
8906185200524314562,1
7006245073758361710,1
-8052301094118289213,1
3461980772823656486,1
7103426421541848437,1
-6420867306326992090,1
-8044545690014094670,1
-895326416293954491,1
-729658684187608522,1
-4223142198405274222,1
1999684942191762657,1
-4372268726771436524,1
4892100730791676146,1
1195916361030135072,1
4826438676669822619,1
8688256960655941734,1
8787217378141882404,1
3429219015267397898,1
8060202914608711314,1
2094242343709972175,1
-6366127073472926986,1
3283728548280824753,1
2786505818500227447,1
-1975297883137628324,1
-8340366500775487626,1
-5171436641456036521,1
-5266012578374669260,1
-1152295852782785096,1
2951900908578173444,1
7110293467461673503,1
7582079912064361958,1
1974911875302208472,1
-7902570293196546646,1
-8452535837131000038,1
-7414437770493279912,1
-2513980889536000964,1
-5129336814420610926,1
8385517962357071145,1
-4196926737051689924,1
490180319621993856,1
-3954005499347281402,1
-6250341588084376992,1
-8929136851100002473,1
-2774617630287597287,1
-2695619788176602555,1
-4486021617010182516,1
-1981430202312252511,1
-6113057404368061900,1
-538502933008291603,1
-5382253109545452522,1
33346566655305685,1
171468284323441756,1
-3460418987686996162,1
1660688360621061011,1
5312634849493319551,1
-7760600584387102740,1
5484670537798133637,1
-8878517196011002649,1
-4450656778576497612,1
-5128680021921815806,1
-1526787289075610091,1
-2536731300243217897,1
7979673054462291968,1
4066508356161978899,1
5771472585132197092,1
4532883566015147809,1
-5729423816428539355,1
3126827176680111443,1
5530532596657665553,1
-2142076560376614062,1
-6174267009693475114,1
-7235195856020368639,1
1664641827361841355,1
-4764157339054445485,1
-8196116904422785677,1
-4947270937779766223,1
-157342003770925476,1
-4840396297096622268,1
4682050449374318704,1
1076599423967751319,1
7510334903618479547,1
-1459491374948328616,1
-7761778870135484547,1
8656328156492488985,1
-1804674683242772985,1
965627093687459248,1
6694937447224898964,1
-3831802480985852195,1
-1332073018934713874,1
-8674942085845139685,1
-1425700579253105534,1
-3364768556627694926,1
-7670461398454342,1
-7507073668431846146,1
-1237656832394879453,1
-3822961614139325043,1
7433399502915708975,1
5333018239795721167,1
-3541123412156993947,1
-4475077278209951384,1
2595737856128349118,1
5950289858849329589,1
-1303620120903943026,1
-1642505855682228757,1
-7460509250780123339,1
5996761143481380793,1
-8773060506470034759,1
-4209624543763714052,1
-2424910027916656273,1
-6570080506116487395,1
-7415004446277073729,1
-4719409409270497783,1
1362395604848183310,1
5313818229043882805,1
-8590796084304572062,1
1753264570422562047,1
-8280554748629047500,1
-7846723089280434137,1
-4367575824162785817,1
2379647498355375273,1
4561196599881284806,1
-1903347472347384486,1
-4987822795876816833,1
-7682665534609100407,1
5363032335783167341,1
1602267602639535791,1
2667717279866606553,1
586889002471224944,1
-4150407156804777122,1
-7938787603515992886,1
-835540688062014775,1
-3941239687088567497,1
-9094513616678988826,1
15934088709345426,1
4249381546853446465,1
8795506927118079460,1
2192758015125076790,1
1486478698474425982,1
3782062975244618420,1
6712979940775330180,1
-7088427906920974096,1
3968227165380170555,1
-5891464237096712359,1
-6491732517234709257,1
-8812278602147452092,1
-4607874790039470758,1
7110287655581299249,1
4204454224574446175,1
-5078358150556374813,1
-1152379334198300628,1
-4870305071967795093,1
4203305920574858081,1
3186089169401848349,1
318372035770938074,1
-489827357182963482,1
-1174914111868217440,1
-1248299754683654370,1
7166517572175306944,1
3980899999547853508,1
3962319056009872233,1
1242893477934621318,1
8220130074132789909,1
1110946428400547876,1
-5410643969229054355,1
7392595551634486694,1
1616938608884996047,1
-7092054610385836471,1
-4810326217948170741,1
-4286120164204181089,1
4313000146661269043,1
-278023325870743607,1
9196716265375034860,1
4483970911059606263,1
2223529374330466059,1
-4324571825849976052,1
625817675393148211,1
7173426654890157019,1
-1321535659462915991,1
8925024802868473685,1
-4774396554820289291,1
-1469281990347363947,1
-4814590244791500889,1
-7323075926282778656,1
7643480192951672264,1
1765906449842488940,1
-2802387803837772132,1
-3148186141855857396,1
5645957842982428183,1
-6290534504782608093,1
-3467230883818888543,1
4136074254149233560,1
-3667120331643320006,1
1775515978266214984,1
-7723756366064178903,1
-7895157929416611948,1
-5273695619733637395,1
334099195631565284,1
-6558660350247206437,1
1109703262083047461,1
-4256250583991272224,1
-5330082481756855701,1
-1144297696660353232,1
-8946346991961029995,1
8311984444831151922,1
-4502361945401784902,1
-9022296451376336900,1
-8069143057347693533,1
-6846247978093525799,1
-1655235956077752837,1
7170979584109643072,1
5175523774922520485,1
-4020772476593744438,1
1553766768903945514,1
-429088527259090814,1
-6060796248056680135,1
8912174279365424723,1
-2233316270760508424,1
3621384816228528527,1
-8313287694349561521,1
1704981439145219451,1
-4887279591733784600,1
-2041744771101322217,1
-4590208796038882878,1
457058778637954012,1
-3543624586792381648,1
-1714581462206576989,1
-5090373189274918977,1
6320045632652094803,1
-5541861844808148088,1
7748946964373192302,1
-6614780051626870219,1
5583542504307251196,1
4150710023849873990,1
2934018893641150682,1
5540398551836169560,1
9205946488721671351,1
886517836874986794,1
2824168436973231902,1
1560724832544498753,1
4660268125861699976,1
461465207973338499,1
-5119485545391358383,1
-7542612667327900425,1
4165365216007736459,1
5934974662125786688,1
-3061883378418192479,1
-3776756302248139193,1
-6491752425989586044,1
6774333054377180591,1
-5970729851023473070,1
-431206083983192770,1
-5076944486757731102,1
5659006860703202361,1
-5982884767068342572,1
738593627164299843,1
8794822595032626511,1
173487609811763219,1
7307023092397843723,1
-8215611493547667775,1
-4171446993332383214,1
-8425385046072164925,1
6450559960219926628,1
1416463525281141531,1
-6178722897866537658,1
2573515132635517667,1
-5348135665490392267,1
1984557416600129556,1
5711787625933929985,1
-8652687985929003593,1
-5351273765825766085,1
3049725874285056815,1
-5843902319440266349,1
7609968683713638328,1
7846791426944904627,1
6256589919010430700,1
3931874094689853100,1
8552867770010833441,1
6945068262244914235,1
3321869110435733664,1
1538660815624563283,1
7792288705242282512,1
8985975240259017422,1
8656569489632842245,1
7298667470854130341,1
2521227656480178758,1
7880453017862218468,1
-6633037340513665008,1
4032005982604943765,1
7079508537026823409,1
2086403904566055105,1
-5068070731253425087,1
5731507010626968852,1
7651878377876773154,1
-2201824550716299015,1
-690493970938671457,1
-7078689268303595625,1
-1849942352513759043,1
4493971762931130465,1
551651660333319953,1
8094070024719307789,1
-108888490139921217,1
-6794690160690550029,1
3260138522037354066,1
6251229659337031841,1
-3537290427636500444,1
2039937353988166958,1
8436529000302653251,1
-6102544547176691745,1
-7268062613113934816,1
7057805967055125058,1
-7447117001638137314,1
-2646108984267771150,1
-1493662698755895204,1
-1450944042984018622,1
1678120266944150641,1
-3086441661448300389,1
843510402127216600,1
6294013697632021345,1
-1708565246575731468,1
4326982882375250210,1
7463078274979050487,1
-7469497637832140439,1
1981738846578813665,1
-9198318093202368450,1
-207437608755602552,1
1486973303470979,1
-932985466900237094,1
6888744490671182311,1
-6327340196130092104,1
-2081235995189331794,1
-4680486960679807160,1
-196193745864915930,1
-2710495016805598967,1
-1218752484424785411,1
-3694113093335448705,1
-9031261225010632418,1
-7743990859551627161,1
-46254231675929566,1
-2442373357113958722,1
-7728283866756954421,1
6705323734180180145,1
-6611938641420443404,1
7239114334015597024,1
4505122120344425239,1
7743868270611803729,1
-8197732542252519290,1
-993232008058774286,1
-2508848651292548017,1
7224292395002931060,1
4440815687361047533,1
4656910157774958981,1
3214403043807432948,1
-1622204820996636289,1
2871510570856150049,1
2655333284084704683,1
725956934550939911,1
-5699877730944557939,1
5464815580595853876,1
8870692531092682699,1
-494470759883830215,1
-3132665073054047220,1
-8520968883006846853,1
-7912541469733747444,1
-8659516037222849427,1
7855313856894432055,1
-6516024051295680383,1
1352553104764806611,1
4921413840548957437,1
2300477434455527202,1
273907792375947536,1
-1503907047641805112,1
-4799885284591189562,1
-8554348389929102622,1
-5389011525668424028,1
-7313735400394731108,1
3749737906127353415,1
3365158646386164137,1
2462738544505696709,1
-8457241149001574798,1
-5786304722303906828,1
6473661972059298786,1
-5615562106285265176,1
-2439334861009765691,1
2444553010958996026,1
4667951365723522285,1
-4510550882989642888,1
2348577138923630966,1
6972742966900110976,1
-2920563929971824390,1
-3133294143303546248,1
-5200339751766800642,1
8112914566272854608,1
-9124972381550577969,1
3726095897103635454,1
1273109811837946464,1
1934849657412776972,1
7468483257536212364,1
8586811797404072973,1
-3720541406379765407,1
7740295593428238390,1
-1564154265095843625,1
-5023201828805092978,1
875732880480165531,1
-8919280861449172770,1
-448389929023226828,1
7647821903407060011,1
-7822856436230815991,1
7117569312566792991,1
3880175741413717085,1
5028744200199089757,1
-7421497796814699146,1
-3864375100766085654,1
-6333268050021187456,1
-347062655943036896,1
-2028747353331231062,1
-5101566791356174739,1
2443197932949987690,1
-6235600001332328706,1
6206119384822916755,1
6283472423227853786,1
8651044222959115474,1
4774823624776947817,1
-2619758766907060802,1
-7661104703492896050,1
-610357214671980997,1
2500009524221569437,1
-2240082163208613955,1
8114769993382919456,1
5418058397963875407,1
5365701233910054097,1
-2326070211039850716,1
-1818177778822023627,1
-1278568866086259947,1
8932652758475948140,1
-545969843218376151,1
4079308911943241492,1
2013885226141777901,1
-6528595294590106312,1
6924207056522566045,1
8950317447474645146,1
7843451231498515850,1
2380840544284597857,1
-9057245155535366314,1
-1388278801189329263,1
-3352487681093508320,1
3897506943794635397,1
8319761813808744394,1
-3041175021653375436,1
-2710443164464948240,1
-6164383983481516389,1
8015797982768503196,1
7307328388321104575,1
-7070227992440996596,1
1207745795785378107,1
7086381883332538742,1
-8972063713763975080,1
2635706752771441829,1
-4257855807440668785,1
-7314953893236340782,1
4771296563576076551,1
-1393191200739678541,1
4660240254426831398,1
-4541617124874165694,1
-3160182545381682051,1
-7200513775630886225,1
2644443220042909548,1
-7640322695844137871,1
1518292931644209877,1
4760353090260801772,1
-2398291281113073883,1
-5846239058416085587,1
2333520903042218674,1
7250402133652482445,1
5060219303868012797,1
-353205062262403174,1
-8495853667392247986,1
-2826384923041624807,1
8747398329025379090,1
-1470293697509160517,1
8023589987184815877,1
3963564627833117606,1
5098083154712638725,1
1270053447439280071,1
2743561272763449585,1
4383871361375713768,1
3994021648062507464,1
4973034449791987212,1
-5117961396848964870,1
-5958429121567593693,1
-3986723550357740014,1
1731056130404806152,1
3773364357901463252,1
-646095129510192518,1
7093040858599107548,1
-4489277228315939808,1
-8941890891734349229,1
-1840593647176118089,1
-600194548732637064,1
5145830697268834170,1
-1222823451129776520,1
-4303934214007469697,1
-6904956297107710357,1
3653096847370715037,1
-1391951718092659345,1
-1461441417010842142,1
-5341348885609931576,1
1169763687206216341,1
-561141884204516054,1
3269723527555404465,1
-1957297820430939778,1
4012047977626246068,1
-4174161023145358210,1
3116725973938158057,1
4818771830996056814,1
-3809963856191597295,1
-2441043171671610757,1
-8566208919857990400,1
8647160726938798758,1
4302310458096732286,1
-1890998357017832516,1
4080145632474054912,1
-2987483643703261316,1
-2230117779960955046,1
4097016285761830858,1
-1208857909311121254,1
-1481617731018283143,1
-6718168895137389684,1
3138051035762183675,1
-8861900841721941910,1
-175400672180875451,1
3422072150614742374,1
-4479441033700970927,1
-8585428668924391769,1
-8861713868786410375,1
5335202946222823605,1
-5022292479585293212,1
2798194826593367740,1
6580775875767639024,1
4929192901249214021,1
-8713510557592838225,1
5705808726366034301,1
-3996284417175164006,1
6724532091263822014,1
-7812649675095904100,1
7981796179825922656,1
-9221561304662707090,1
-653914700479534544,1
47456429411318109,1
-5278895624307259261,1
1739645835807795202,1
749484246711404100,1
6567945492315864291,1
-6444857225600635623,1
5755166978964340796,1
-4477071464022975178,1
-8735952153629572803,1
-2483660846056771844,1
1793409431389301253,1
7262146228304042237,1
7587956414141676592,1
1715448294324009110,1
7670680692250018933,1
-355224989761413957,1
7815893063244872318,1
-6269639728276804715,1
-5573690061436994411,1
-1893048834299003382,1
2382804608860388238,1
-2693401151083710820,1
-6974807687573243280,1
-3482533898611860457,1
-6743684990688280729,1
-5458120694013180599,1
-1911551244287262978,1
3598945704492683595,1
2002619872119484096,1
-3270292122347606553,1
3735628627049514349,1
1899970246597257654,1
1819355198128086918,1
-5763180077285422089,1
3642153502159861751,1
-8648211472577604751,1
6762957948141754381,1
7221993876442223413,1
-2343029594314571179,1
7022423390281075316,1
-3178473452951867288,1
-2486141727998123905,1
-8687267783440878251,1
-3730731096235320926,1
-647173698116563984,1
-3558462616079469996,1
-4247932840021098017,1
-8869843562888451903,1
-5722077204779978006,1
3392871719651895331,1
-5510778482365706753,1
5385159272373255804,1
-5708994853441390223,1
-6335087365143376129,1
-4051376151174365355,1
-4422986057209153315,1
6165575474154682418,1
4228384702505421623,1
-1254176371228491912,1
-2356670523567070771,1
2718898337406427233,1
-5317252911132214687,1
-8234907054910962107,1
1306660226558279964,1
-4730084120710201487,1
-4634759840829312453,1
1791200813742116168,1
-3781973734807552268,1
-5387156716598895607,1
-7545474416118289606,1
-6547229717206102960,1
1729090733384661715,1
-410866555290381838,1
727845004876117367,1
3675970863895821033,1
-7614462103486651729,1
5003720978597760212,1
-971907114801799613,1
2941374895095336340,1
-1238321862420537620,1
-5670073614694912268,1
-6626777784387605182,1
7210283027804167537,1
7405955569681251621,1
7063812965579501717,1
-771639936637085524,1
-7874515270223680390,1
577003946583079134,1
2661347995837251124,1
-5858542493346018218,1
4965612018305757107,1
616311957771303820,1
-8143379407820202095,1
7367971405454307769,1
2066572479597508929,1
6050836682264136788,1
-2302292374206374831,1
-9202715336996144504,1
-5985911833065479384,1
-5184981528527262138,1
-433311877770077635,1
-1367133930051406919,1
5050638600155220330,1
1900063230067162256,1
8276603908544243940,1
-7475782936592134935,1
3355855494385457530,1
5877081131632140591,1
-7957311578367525408,1
3545667306206477349,1
372571275713415810,1
1672545280492218831,1
356822246892053468,1
-6465465108864485224,1
3600994131900661946,1
-7282945885539573955,1
4912864342679383785,1
-4111538343948518380,1
340452400220223737,1
5696079512946466338,1
6327458651754462301,1
6852957216925256069,1
71397170459113183,1
1875939144263876817,1
-738530503703767557,1
-5488297901061412151,1
-8548041705599171580,1
1034519874823780702,1
8193188407987653875,1
-2726113680795651862,1
953560595360493590,1
-7658978696744439975,1
-6517970588239895186,1
-6263474097925024541,1
5658597988104879957,1
-8875721725285775703,1
-4091881848301765659,1
1582048352675764557,1
7636793056328949798,1
-5877259829928682845,1
4548373273944989865,1
-6816475945879536308,1
-5156541600168409039,1
7362031687248032429,1
6254524421023222658,1
1619907985906008728,1
-4417913797782211830,1
-3222119949919870012,1
6594245727867654230,1
-4064941395192596866,1
4793345198430724296,1
3239654569571427364,1
486569856679439503,1
3609833819192172522,1
-3212987361283151027,1
7091225737872840597,1
3380696606972492334,1
-1883085779304804589,1
-3804598825418692040,1
-1234641811258784571,1
4974177122167669573,1
-5851306576936262433,1
9012869389568387567,1
716078717970419214,1
1201928157530388937,1
303082714749837221,1
5463014746921472685,1
684399218273717464,1
20771032566538697,1
2236503361900697450,1
-6875990068163130003,1
5134741331123118891,1
-1788970894020180402,1
5702527877805168809,1
8634736171066576843,1
857033030245254412,1
3015540976339601884,1
-3219099732383013242,1
-3435489033398373702,1
3855955475850857635,1
8204531881582267386,1
-3686118492309373959,1
3875572824507569418,1
3881160621847184498,1
-6540385598588531184,1
-147022540652232305,1
-9006516362891361444,1
2170267044515666328,1
-8712371770609215223,1
8407876438611082106,1
-198238234493265938,1
-621912480506567309,1
2817467004831288274,1
-5257522875703545780,1
-555605056474979996,1
1883117406376521381,1
8668629810411515771,1
1230005832804101840,1
-8318142384308600541,1
2598271404025756960,1
-1475813522189352896,1
-2632509041979737739,1
-7339103616955066907,1
3468653474330068767,1
-279908806831010407,1
-9074165605188692272,1
6469579730184510140,1
1365686047866501510,1
-8301258240929773491,1
-1909824765879345436,1
-6987312065253949383,1
1122902323279881610,1
-1054278531453557626,1
8380286599262572783,1
-9164001750480378225,1
-953546957618158137,1
-567673465396349282,1
-8759876319677858232,1
6975011442599006844,1
-8218170442418096433,1
6817168724248432994,1
-7984405306621501080,1
-2895662012816634858,1
-4566212428980484735,1
5291163370931658685,1
4975693792165768190,1
-36301432541915691,1
6637485497827576412,1
1004471825094926477,1
-2272393490489080172,1
-3445867922706931259,1
1840699473264668966,1
4042004454378418483,1
3376843285414176057,1
422207765439223938,1
-3853793581387946276,1
-7115728991918317778,1
1560153577366385153,1
-6090508531616259066,1
-5784199575639308037,1
-514191577432743081,1
-7713998326584460738,1
4884850238356978343,1
8395601635167620388,1
-5008362549416084197,1
-7858635463054039000,1
-3037777763042563515,1
6289643367256405559,1
7740628968724909419,1
-4640560512165844128,1
8697380422348428785,1
6625652086690322031,1
4612994195841414945,1
885405199952139028,1
2699492837810837130,1
-3458367086076717380,1
5167890003222360989,1
6873588857322405753,1
6717974495148731161,1
3740016393731804571,1
-7599287080891056298,1
-4600065423600388672,1
6172752421462377577,1
3550888041912276084,1
-5799998571924987807,1
5216556255530748052,1
3597187635288882479,1
-7858319848674373041,1
1468634220647338532,1
-7159937244428072327,1
-1786343797970778265,1
-7349239854674555676,1
-4314818051390724767,1
-873301178291395470,1
-2987065858830809427,1
2667938068658904583,1
-8526898799354509150,1
-7351492853967523450,1
-7281895271711634170,1
-5417557884714155988,1
-6152952750675453462,1
6985826769534953425,1
6868615236132697829,1
-8859169074703360352,1
-1649616037081729093,1
222356045451557996,1
202368969591207098,1
8091181163707985456,1
-6280698904588338309,1
2450616057194896965,1
-1049506111872605516,1
-5659040430613794578,1
1136620332698195558,1
9021225220671737889,1
-1121429261018432910,1
697944201955050478,1
3814349363267865571,1
3899058423699757798,1
-8119407827291047904,1
6646812912386565743,1
-1706495328831700447,1
2429161577994466615,1
5435064305165736232,1
4249050156736955386,1
-9004263871254089530,1
3142035196263582368,1
182110816914965673,1
9177568591184172026,1
2717846172500283225,1
7909679375389801609,1
7097093950485125027,1
842838225331162506,1
6637234113066393062,1
8144214152489817945,1
1450939799783642893,1
-1239551709035974601,1
-457560598744918284,1
-4452839907983570727,1
1563272791966208390,1
7953999710021981941,1
762492363030394060,1
7399670665724987188,1
2723936729281713528,1
-2989709772551567750,1
-671888764160204805,1
204183054635854377,1
-907421589934610689,1
7960930664194190895,1
-2380751398230267406,1
5406458490778254300,1
-5952332006761935876,1
-2144585306661560887,1
4545512147048046878,1
-7325531601858115875,1
3185465495222572179,1
-7204402657492879159,1
-2991377126621445544,1
4347788440523312385,1
-2910900392859418772,1
-3166770731315096726,1
-393266062144560043,1
8830529724675584566,1
3578631496942679753,1
452365613428365975,1
7612545279026059086,1
-3061525744262542586,1
3913421253030466173,1
-6855807972472800843,1
5953802735604849322,1
-7079629138333605735,1
8818169969462094491,1
9084726868006257025,1
8025279329897328516,1
-197670821232237693,1
3200528609150331813,1
5224950326586301425,1
1047125840078215490,1
-7006455100447252744,1
-6854849942047087023,1
5835510095029143245,1
-1689222393548093718,1
-3446802392964455570,1
-4790849998752817133,1
-5777071803826397394,1
8005076452634261284,1
913396902863905038,1
8249608093401935175,1
-2715883352370012354,1
3629795278994282786,1
2614903239210925616,1
4480086652441313088,1
1940712837143407768,1
5015540889184376354,1
2739869341542958834,1
1387355908621353113,1
-506343732529971068,1
-2676271953336599250,1
-6801920074690740273,1
-8717447967582696117,1
-1657244886191961165,1
4519199795526244047,1
3752522486619566937,1
-7216700970375591862,1
-6914855335747097391,1
5348155391888771599,1
2135946447916538792,1
7811797368167092500,1
7196069843518780173,1
-8026104422838314903,1
7081460814139128081,1
7583827452492033781,1
-6259622239769393818,1
1906115310880969029,1
-2409344822065128314,1
5372126212921534875,1
6593743780938960013,1
1996700139294920409,1
9146286974971276736,1
4346741083520403776,1
6311123666669384335,1
7158118538764107531,1
-5914456110777466098,1
-113895150997334482,1
3087243143282834168,1
-4582533955491075958,1
7436701064278749687,1
6630942539968201290,1
4360871389843481448,1
3413327614372799867,1
16636506303633755,1
-5419101027641549118,1
-6329503088486688620,1
5152449000568336111,1
5888738115615524251,1
-2063418922134119757,1
8393113456424096218,1
-455609095458432366,1
-424202845802368352,1
-6467210949958944305,1
4772862702747175935,1
-8222218399193060583,1
-5302123566142050106,1
914593426391688883,1
-5746674971457001470,1
1920835206245651128,1
-1697495112652152657,1
2840415494233753253,1
6411615349748122185,1
5527113737252805305,1
-5210179839233591744,1
3394312782000487155,1
-4716925994688690370,1
-1911318479250250144,1
3168684223591834663,1
-7742233023349198237,1
-333952435960167636,1
-3303121768587154552,1
-4069561767927942131,1
6689102155875301073,1
2237093178837255816,1
544315849250250513,1
8170858290631379061,1
-4836565241385427389,1
4264167192990453574,1
8133003977085828100,1
523679480227325079,1
5235836062070969881,1
-1360344469868650665,1
-1784169747685624935,1
-7869005339891145047,1
-7988580812122174289,1
7005982853223228688,1
8787359765744882592,1
1760503054469274306,1
8565388653734220860,1
3372361950889648718,1
3589446593619273519,1
-2071648790599078304,1
8663836924023366950,1
531219480848437127,1
3327461254167890722,1
-2484813268836813234,1
-6279699274858235985,1
383510652484688620,1
-2227093478951736862,1
-8303805801586332545,1
7985096316113853065,1
-3866057253266827108,1
4635294538734558107,1
8154668073619564349,1
5650292861845227071,1
-8821169437446671179,1
4740548749211447749,1
8110453516350953884,1
-7794677890562579652,1
7410068245632562102,1
717398272850489224,1
6729179995511875054,1
-6632246331797457044,1
-254338907358306997,1
185676202443512168,1
5038423635072889678,1
8545805839279278581,1
-4167094623168004748,1
4139229283426671834,1
-4232362747183470644,1
3473707683680526701,1
-6025610180599841528,1
9164979063051690081,1
7851592063522404889,1
2081738258321187153,1
2191338768315949599,1
-269860258140849168,1
8091389363739686164,1
-5154493700831225073,1
183281533737371691,1
6035257313548823409,1
-7513956120122551772,1
3523541944863808876,1
-8263689529428466153,1
4689478339612357614,1
8639315711211734730,1
6106240580676698175,1
4467306710063106330,1
-7910390625418078760,1
5506044987689279175,1
2733736566571987467,1
4090455548540502462,1
-1959698652916939041,1
4747986213032382524,1
-5926539519191653532,1
-208308766357432504,1
-6266192893254306384,1
1267660061438568449,1
-5914797580969052261,1
-1545684946922158605,1
93614118729671349,1
4343744610185034025,1
2928246093989227456,1
5722612957315159572,1
-8298300705182593730,1
6082158528638784158,1
-738088319133851103,1
-3745173814000588115,1
-3365266272399371213,1
-1350523462233301252,1
-7198476100915661793,1
2811770476421490274,1
726927920679998464,1
-4099560660430263798,1
-139094042706856274,1
8299444467944773641,1
1324467812621247,1
-2282491125807622053,1
5296922840663861033,1
2387485455085935698,1
-8616575947110627955,1
-1517801498081601408,1
-2751656777311380170,1
-2100675552781918457,1
6025124463730580699,1
5709718586589291849,1
8779262227849524102,1
5944390860999669270,1
8795933464348701517,1
-9156731271732078711,1
-6822562572270337127,1
-6329855417533929244,1
-724031627695704678,1
2850878289959222460,1
-3868799060908988390,1
7664653707166096025,1
-1344550955131124357,1
4565419773392731764,1
8223405979434151134,1
1754843682021136815,1
-3175130605145684975,1
-6656660492700553601,1
-6874628520231487907,1
229917106835219873,1
-8602987808229448894,1
813917854202313237,1
-8656541329628483764,1
-2521331466476593690,1
1640156345166339698,1
2771766059632842763,1
-5123217897500160185,1
2002660259931588775,1
5870245061008660376,1
8852251784993393245,1
-363124772574999480,1
-8222275385989229478,1
8879767099955037109,1
5540540472805203570,1
1146282705889265043,1
-2781394436215376610,1
-1698294864119099945,1
-2501796570130617591,1
-2097848233197737181,1
5246864402924684353,1
-7494641405684115697,1
-4163664931735631638,1
3009821386171228452,1
2550646846320038289,1
6585522124739499566,1
-2270714998850518838,1
-8059690914083786591,1
-6796313446277933913,1
8985279545983472065,1
-5643434924814648805,1
-2482741003347753915,1
587415135461168829,1
-5688669605511817160,1
-4485999181987264916,1
-1427448467916247802,1
-298024021636808436,1
5821159308869826156,1
-1876341026451712087,1
-7513912076632759029,1
-3967821104014930738,1
100461421652255605,1
-7820821033105683190,1
4697464268368059211,1
-256723811258184224,1
-2020277194908448209,1
4353568611280118559,1
-2099025902468619902,1
6346469106205537909,1
656933134245454879,1
-2879013377254263846,1
-387334714801598333,1
3688204311002099851,1
-5977491895210519522,1
8744682355731804876,1
-7114595102250569721,1
4551650601296507270,1
6993604937558035647,1
2495083346974327049,1
7909869016190326862,1
-5751518466841750184,1
-5389847103097938452,1
1798162465075549178,1
590946630777695450,1
4844370656441690937,1
4431497003614259462,1
-6883018997618175668,1
1975134666472988173,1
-1199081536610591739,1
-7828782671116637739,1
-1385772167977804357,1
7830636333578179012,1
-3033085700168907664,1
-6695015306010750807,1
6060681003611088969,1
3289178228644488913,1
-5740620639351933458,1
-7673303821574055206,1
-6833108239141241090,1
-808527185348153517,1
864828262892360598,1
1373895293285336526,1
2769301169654674297,1
2541787616374675985,1
-8562277728957733002,1
81351822083429971,1
5731237321784109856,1
7708509989866000689,1
5028515508851007773,1
-491042613056940513,1
-4158255583785229969,1
8719668187139958035,1
-9004703513123161104,1
-7362035754654087785,1
-742925371112482756,1
6021497839924134380,1
-1165953767227502230,1
5185238686425305042,1
-3792698347820978740,1
-3752724093020682890,1
1070505857795673543,1
-3336209104113099105,1
-5939163211495990896,1
8382929577268966394,1
-4644209750843218347,1
2756856955371837152,1
5943997944357796900,1
-6966712307277701126,1
-6183829492642805535,1
7170830411067968292,1
-190416302797551346,1
-1480932812263948784,1
4796875738832634250,1
-6381289697670569020,1
-4706701511239374558,1
4805615768387001941,1
4855294095824069597,1
7780267189242263905,1
-1688527705752402404,1
-6667441839650115310,1
-3441609927628214801,1
-2686432294255549187,1
-47914313536606612,1
7013139659799679406,1
-778322288378559534,1
-7510918986465719104,1
1085725811538427466,1
7374386492572167746,1
5814822946086953247,1
2005242998473227440,1
2264006602592339630,1
5666655839422743724,1
-8104878801904456266,1
-779493299681644052,1
3724966014807858568,1
2970753932273548880,1
-7312637824657881136,1
-6031773209915793215,1
-863703216525110650,1
1542157618749740656,1
4640226370647663938,1
2186995883712326463,1
6688344840201994383,1
5383218759727290706,1
2108396655895560045,1
527456898835555020,1
-175195770519874818,1
2044420868238205004,1
-9124351906720092622,1
-7800173687167149949,1
1237535239580197982,1
50369999457604620,1
-1148651024190400067,1
4256157640608485259,1
-6404117159075379932,1
7317943246616243207,1
-3081073746942936864,1
-3901938168728265764,1
1857923030823469122,1
-4320686567226101904,1
-4075504620305905798,1
-6667784093635953535,1
-7865260264917298585,1
-3573127072290081764,1
-2458190850875608920,1
-2727261746135483255,1
-3836743631115125660,1
-2888211537246400457,1
8890765472819278449,1
-7246653940861001526,1
7117254891907173312,1
8661166232672868297,1
6264370556462248066,1
4551316968057685406,1
938454902500521949,1
-1539650698439352122,1
6682079906675537174,1
7109455045208640049,1
7722317478872707581,1
4982514058463753383,1
318605222328848918,1
-4829831935963128714,1
6940999671308360863,1
-1135521774313209531,1
-262166868921796475,1
8637924152808875768,1
-1925848190373670085,1
6046732920537294672,1
-8313834061338861624,1
2758945605835107029,1
-1300870388317466221,1
-2777157299298072539,1
-5106969955417710041,1
-5854624515961762110,1
-4239561531871087691,1
-7506266205490729296,1
418576877841716900,1
5935192294075973314,1
5932072986666612276,1
203412583200057089,1
-6311372263682982772,1
1462179198262043426,1
-1285038570820202153,1
-7582436050817381293,1
-2874787317196370503,1
5809414980141997192,1
-1621502115440385196,1
7998846506516437759,1
-8971294410965450500,1
-904419531343390963,1
-7367418383948500896,1
8951498002071757024,1
-919890894400554081,1
1149329490489164728,1
5500880108329781975,1
-4014241953828583308,1
-8782360864327973642,1
-1897246340348440586,1
-6401807667154568222,1
6926724721529185100,1
-5879648219345541947,1
-4278833311419207003,1
84479692687944759,1
-4011462924895484671,1
2352095054297652611,1
-6562232277295184200,1
6115981130502931133,1
-4743071264194554287,1
-5156025852065135827,1
1152771710081956319,1
285552986746635048,1
1509924412805172177,1
-7071831017291262976,1
1767973249277970478,1
-5249812925975511385,1
3777955130635939795,1
-4015900778751585101,1
-7891670651432141735,1
-921299164291477814,1
-2596896381310325699,1
-6864159300111545801,1
-529609107120866832,1
-8677495022340698747,1
5958850655084017197,1
-8735793992130487735,1
7643279569122353698,1
4885082701313741276,1
-3420983494823771057,1
-928498307992854435,1
4966229238356235925,1
-7438360300767645582,1
-8400230500691824804,1
7245303666208585283,1
3641037659525394610,1
-8511493461202799679,1
-5684898522468135703,1
-2582539507003371026,1
7221675346466419798,1
3641747480819454617,1
-4194577814896606175,1
-3748947153014849232,1
2072409327284525705,1
5034393027944401807,1
-3639175706790365488,1
4327767055847677811,1
-3012381685408617360,1
-3108099578072863815,1
-5395252494022404470,1
-930828553085476312,1
680184563890039206,1
-3280797102070060741,1
-1745496947741985924,1
-4784891650060850453,1
4191107236805954008,1
4611915205075404762,1
8385091988435974217,1
-3689160020084672240,1
862725946037341643,1
2804891376480134576,1
-3200610285277390251,1
-4717051396424186009,1
-678584514845651631,1
724362154555304601,1
3537218490382160933,1
-3482529251865186824,1
-1296458380206449895,1
806369708719520501,1
3563657961583335259,1
-4152324278285950913,1
-4737617655826338170,1
8219799342936234151,1
-7281009518282632048,1
-6987048461399932548,1
-459850995257132435,1
-5790295818274863133,1
3137446972470306075,1
-4220931493472190813,1
-7776700131682592376,1
6976907403583420558,1
-2674630006475440270,1
9056971068576825568,1
5405497145421963918,1
5070836128041804311,1
2187897491737920231,1
-7749172871538029177,1
-755423661699951613,1
-6809496592932748217,1
6463443638661448267,1
-8017225864790874081,1
8648038615686620986,1
3551558506500921231,1
2826027691723705991,1
2792016236194269144,1
-2373689584275048648,1
2669832832907298546,1
3085294298300593186,1
3382202525893019105,1
5820140863963483841,1
-3999041367997119483,1
7590318394125643839,1
5727146260026958701,1
6817470416768843224,1
-5013116352512117664,1
-8335906076329438722,1
-5199912267687387008,1
6471463895092238890,1
2853689357457552226,1
-638048686702562531,1
-95594412296193570,1
4908871493213379353,1
1829787922587431620,1
-4893595501650030275,1
-5743492201473411987,1
-6827470172638133358,1
-7805749623796652699,1
8396050707874003841,1
-7484881837055097544,1
-4888897825737948300,1
-3875486615387525022,1
-4047008432824461008,1
-3619032890704206907,1
-5289912409118085832,1
-79417806547830361,1
-1670964547968288132,1
1117064535613727256,1
7827214009307789873,1
-2950175454254269002,1
9045498885167159696,1
8123227273932097107,1
5268482855876098609,1
-5945855901681748337,1
-5745823417400894404,1
-7627941680245420681,1
7098525435644655175,1
-4179837693952820185,1
1121964904634870462,1
-2029302803337155018,1
-1409866404845972561,1
2769362287219596603,1
-2565661617711570877,1
-7424918070105923962,1
7986109291773311474,1
-7643672303171226643,1
-6070223621812558416,1
-4134054212418882258,1
2709052153665473981,1
3949303975982249302,1
-130554059010992019,1
7689793988119258438,1
-939378199002496061,1
-3377723190225950460,1
-7577303278427702527,1
4882458521121221920,1
-1824238719911110302,1
-3665057012620478894,1
-1416793725289132470,1
8943814499752595647,1
1543627078239610065,1
1952180298014411142,1
-2482084646560707395,1
-1709556435878821540,1
7468653070217230942,1
-8389205057995058365,1
6454197580530786036,1
5891217826508433706,1
-1325332969798485327,1
-7793113200760266635,1
-7842741436636250009,1
-5265070677452092770,1
5670900252242537829,1
7541961811331063617,1
4522807056906404127,1
-4449343180227182723,1
-8976084280844227979,1
-6791062572254724066,1
8248074454704332409,1
1229807925494105954,1
4918012186797462521,1
911814753195801877,1
-402892755337561320,1
1614836981568808591,1
2056502580738221678,1
-9188466715852818725,1
3428802367940597979,1
1589223775430531028,1
7458362752966639009,1
-6423233786633712393,1
-8174372335829992083,1
-4712615104789074162,1
-3799035914534881184,1
7237713804748859904,1
-5528553343470166664,1
-3567622673333116502,1
-7576102043786253670,1
3247765505980976191,1
-7864262717421597000,1
3912562052596998819,1
1702491977740822371,1
19243149657972799,1
3944175885499143516,1
-4355035291172766169,1
-2920920926076471291,1
3269332344569786781,1
2501881803610661550,1
-427842873357256620,1
1403762747799576177,1
-1236471664409995420,1
2037154057757416025,1
-2228298108972956076,1
282746808193791402,1
8042264206894705993,1
2674868972002326136,1
-8317679846434298011,1
-5343377158399899512,1
-7242001595337334913,1
-3732727847860130570,1
1959735734369161033,1
1508462304816024417,1
8854385817186715955,1
-1303856018319003476,1
-8545923688994214070,1
-2555032522703472104,1
5746206495709607397,1
-3621738956182858531,1
-98489296192254689,1
-6530534887405795016,1
-2887237281360172480,1
8434491335591641824,1
8621195594429900184,1
-1817516136865656887,1
3012088105195384393,1
-8129341515791991390,1
3159645354260243478,1
1722580733499992206,1
4384507751175744541,1
-641820046226952774,1
6926307001074096148,1
-4224189307143216939,1
6369218857412678925,1
5979682995822916526,1
-5586927331227257822,1
-1070547553882575460,1
2728523205445946014,1
-8490504163880804624,1
-6383912929213836122,1
-5516083116827837820,1
-865032294742961601,1
6566202881714240922,1
-6918557013668163360,1
-5501536297301863856,1
7713916532868895646,1
960796007756193347,1
1801013322937324078,1
-3478053583631569919,1
9194441052145428169,1
-3533961780734470046,1
-5084028428205090847,1
1371641353628892484,1
8290722454982211236,1
-2188904791662432472,1
2485413477096400502,1
2504390974682208850,1
5856334073456343096,1
-7085787867122232692,1
-4169454067194307762,1
1727548387286899094,1
1820194657887609544,1
-4897565449007646708,1
1203133993901256254,1
715088692665457462,1
7209329737535906434,1
-1148923409133319777,1
-8287620447200939052,1
5270384560617168891,1
-3326172767296011154,1
6705869902267290522,1
-4780754807696089604,1
-6395882201653015704,1
-5067275004771784895,1
4027489823159841582,1
-6349374442294213629,1
-8026909471142750987,1
7390980626173446185,1
-5526904049178617147,1
-4037309755790078086,1
6667734734062131049,1
6889052135605052494,1
-8923644846550475032,1
-4213625460264727106,1
-7650022438063988082,1
1823783482686138753,1
-8569070661476381254,1
2157358095450446253,1
6164447974145882156,1
5456321380997909504,1
-3758530585792629478,1
-1620356748731344927,1
-1699005787353330353,1
4883021913573084152,1
5524995515062183297,1
8422373402241350453,1
726604955753743504,1
-6898154080116791283,1
-9143453315679717385,1
-2515930931722758525,1
-3070654702895023106,1
-6207120254465508984,1
-8586438004117765556,1
2973039808702242259,1
5768764552501088839,1
-1174731154674849335,1
-7732336473925484884,1
6456777460908174738,1
5131599491235204473,1
-759342536316442772,1
-3108906501100340432,1
-2304963558247034520,1
-8301723722614473047,1
7131056377461482340,1
-1979054251485174026,1
-1314571685361752868,1
-4125308132823755260,1
-4272105340374497252,1
-5961180218214611528,1
5152249281659991355,1
3772473284354453853,1
6658946575444053020,1
3985187407202623603,1
-4084060222181700577,1
-1536166367442207129,1
7119159204696055708,1
2095692440405748925,1
-2295192014139555146,1
4931147529900834535,1
-5316222967292757048,1
2834279664170916531,1
7744271123255254066,1
4757377826471848648,1
-8687169723931559316,1
8628275667435114419,1
-7385932005889035458,1
-6390981595605080111,1
-8247902458650301887,1
5850420104741834959,1
-1240803138332226892,1
-4291279769977789400,1
5651907332626765161,1
8359418921714188954,1
5814079858288117291,1
-7930600898450593080,1
5528671384120025627,1
2224981385963366113,1
-5591758058075773743,1
2805510146111569647,1
5193128753443307287,1
-8488655428691260168,1
-6228615294251959752,1
-5715232415770637480,1
853893310340409547,1
6270350310413380600,1
-3298135087093041575,1
4231513309028862490,1
3986324273816967623,1
-1271276593341255446,1
499262387893861837,1
2895402528980305185,1
3482536913849468436,1
8946091143376751155,1
1405788560832423000,1
-6710714290712661038,1
637898191083628347,1
-1930678845069456110,1
-3274679605115337528,1
4888331954044379251,1
369423471969396830,1
621258356746325925,1
8520225932181045378,1
9112987411006931442,1
808412993652628452,1
964910997517254733,1
4909431631889406051,1
6374362361274672612,1
4843779774147955253,1
3753117913283816962,1
807786372952828576,1
2301533024181442257,1
993951783012850272,1
2549149280452723794,1
-6264509560093951128,1
1704274261511694694,1
180343713909568045,1
7709992643733008943,1
-8821803547685474301,1
-4606227565203792359,1
-4945912174836675743,1
-7849082537554476361,1
-1740099508520086511,1
-7917904319921562864,1
-1267072000047422499,1
2374224955080021279,1
3396939280114346464,1
-4106776835474370816,1
-6861923767555154822,1
-4218025214675468625,1
8288983567108483825,1
4855853532314470381,1
-7103553003683445104,1
8438773237518391489,1
3698171623400742162,1
4694132167536971954,1
-3160425851482675137,1
216355825703984193,1
3539181029328127088,1
5026647625646466789,1
6361935821400330693,1
4871543851164846263,1
8768613052156632739,1
-8587424383695958863,1
-7775006779065562827,1
-4721899001664664487,1
9198217664643591446,1
8316360616216784404,1
3815322138806918249,1
-7656268526575570404,1
-754170250803259774,1
-2251135197962731827,1
6925396487365853827,1
316814661532206512,1
554309666798817748,1
4291628977306138176,1
8549122060901015380,1
-915909139979554377,1
-8511812428173318728,1
2124473438542488603,1
3789698157402187478,1
-6121579530352207023,1
5581841692345950153,1
-1051199999408702715,1
5095797605571715898,1
1372397449185991983,1
-7383375132558003503,1
-3948625400385853242,1
4473659846026254981,1
2026333157339918335,1
1619036035552830014,1
-4861488121032950302,1
-753333310765632546,1
7302003597625019631,1
-7790174560952795647,1
3251385404506894899,1
-5791866713388759601,1
-8909562685013220891,1
866831701253296265,1
-8589677650136492757,1
8420204647386172320,1
-3867266785174846727,1
5126669222957912597,1
-6998340221366087706,1
2387023536622271077,1
-6876637927243998763,1
-3094007553833246310,1
8764091327114659314,1
9220042604051368854,1
-4706775351136830027,1
5872312663962847009,1
3845897013874021826,1
-4342994166594560880,1
8699122772010221350,1
-6706707781865413090,1
1767014152683716179,1
1568421178453209120,1
4354593751964449582,1
4947193540306753620,1
-5792453731690204354,1
2605578953740852376,1
-770598570915008401,1
7060206830009330964,1
-7811925114532066349,1
-3406183232947043002,1
-6374834353177617157,1
-1077051284657625516,1
1974190642144021932,1
-753346411690892996,1
7869953786662998669,1
2917713762274051105,1
-8339138745352898081,1
-3683381643330955489,1
-6208748984105476335,1
-2434168527156308922,1
-2750557215542916544,1
-8533571734789021928,1
-701103959351054398,1
5745943314406812546,1
-7886360981980851870,1
2976376446296492189,1
1395976899836131170,1
669277143272458355,1
8029916246705961640,1
-7774687342991711304,1
8086977352932102637,1
1757426655542457061,1
3082296377619601316,1
6912882463550132214,1
8594307967476475084,1
5427713252163917841,1
-5356790606139944535,1
-6825190578072074986,1
3055985193257441025,1
-7310115070927456713,1
6835563107621108223,1
-3221051110772650616,1
6598568373036100807,1
-600313073792185438,1
-5864076470942675270,1
-8890299522585683170,1
-2240261960693205091,1
-1156682903532791761,1
-2870385681636796512,1
-8503612829446367580,1
3499586906394442904,1
-9071473098059367900,1
-2641905336803455905,1
5769382464668577780,1
-8603548592735199797,1
-6923046089214130197,1
820556615761419042,1
4931094230034370628,1
-3451524659021080610,1
6746209273458915267,1
-8318097736552013252,1
7262734986180685345,1
-6711781652009940514,1
-3797529751234641348,1
283906560842880469,1
5542356885320551094,1
1513166932958145241,1
-6866589866193468421,1
-196035963391692813,1
-5446300209365887742,1
5536994634460045171,1
-6194630938655595336,1
-3553841725070066307,1
-1420682794290338701,1
5626093479560717419,1
-6258990159930801556,1
4727234371232417645,1
-309003158762176547,1
-19796670028637520,1
5001662356359488864,1
-8247184885549678553,1
-4746465376951244805,1
2265746501071323534,1
5021063159406896616,1
4131557926377786966,1
-6882600139861276135,1
-760664259242728426,1
-8280093684414537823,1
-3464450964424075898,1
4126277365182705280,1
-1809115108628226704,1
-6719287959064065470,1
-800926142986630566,1
-4723106749155663058,1
-9056043463029209463,1
1071459995233492234,1
4474933799300872461,1
2659164174412950232,1
-7041422778976938493,1
-3688315332576243523,1
-3842460737750113445,1
-412740154706770339,1
-7092545313042156699,1
-7103552484925267227,1
-6703520078768650388,1
-4268454864507627679,1
-7600894105869937386,1
2431959992158248940,1
859453370385037243,1
-2562648147637972949,1
-5890547013360930543,1
9021284121969593257,1
-7160292512495192267,1
-6525508236006731899,1
-4341304281418957365,1
5405675558041482972,1
5122354614654743452,1
-6948925956648425484,1
-5477958332607863875,1
-6030989853213201349,1
-6183982126607362646,1
-6710387937092514275,1
4550848058029249230,1
-6533881013316293073,1
-479916823350544495,1
1982195790189002097,1
-8191265875438115203,1
180405393741516652,1
1464713733645227418,1
-8353033000087300233,1
-2650166395415366615,1
7306083316415391283,1
1796288884986693580,1
6238450257644284074,1
8013369335250002071,1
-6599195943950043883,1
4023638987914496229,1
-7051424321947801614,1
-3044913292512306091,1
-7772876094130859132,1
-6305624089919680593,1
4558014383105523227,1
4570040578125224359,1
6686997946489043006,1
480969940358430186,1
-1004653898688161374,1
-2596454043909684204,1
4077222319217923022,1
2420547236336546322,1
-8577909684560532289,1
-5037913155368521591,1
-5514645793273809750,1
7064183300993916241,1
1785184175454524298,1
2576714073903771559,1
4284480868570537743,1
4877386145939870178,1
3713779680313037748,1
2512722264818505620,1
494188713655917973,1
4709409182052703616,1
8950459743139358552,1
2761213361737414958,1
-6276741807629738738,1
-8192854845744607439,1
-404614884802760747,1
5339116202374138828,1
8618097875441793418,1
-985431860837249535,1
531475343516744580,1
1025798777893637510,1
-3347920261393179826,1
-5044596064355708155,1
-2881087762370818687,1
7979449141996983101,1
-3185863844524486705,1
-5185260131748682191,1
4837037192931657202,1
-8590642325673883573,1
-3680214546554771606,1
37818869541422877,1
-7481265561037249801,1
7718550068657717969,1
3939748869807231818,1
-5859848269961792433,1
-2620680946580553491,1
-840978047190877479,1
-8236003265930583054,1
3274416424406392665,1
-7066153011454733409,1
6503209469654874395,1
4755625164516612512,1
-8138104056282705545,1
6297192510697183097,1
-5662328931710917350,1
309803677301431440,1
4872597148703517237,1
-771777949216123491,1
8580430520732011231,1
8625989040641171936,1
1118083518204315160,1
-2883052362383025471,1
8241141251141219072,1
4905060908624369206,1
-5870834471791816336,1
-7858143978079310362,1
-1313558976720598685,1
-7244253551034385237,1
-6230387911698027579,1
5326771968576612224,1
-2480922140774102074,1
7021249924403779167,1
-6947125825220278887,1
-8131469945620500799,1
-8607495597548345221,1
6613438890043620609,1
-6265990930658591975,1
1748124579633685092,1
-3523862516768856857,1
-780075114799166395,1
6950300317252126274,1
-71955005600316611,1
-6116176175889247107,1
-677746190319457929,1
1665389219594243389,1
-4670506765369092181,1
-2324106425548368228,1
5869416953591141250,1
-3873955136614574443,1
-341356762889690187,1
1563953259661675846,1
-5908057787571181768,1
6755971985950110790,1
-4738298818191800366,1
-4970741001362649914,1
-2268530420208876752,1
-4069039719801326103,1
-3489063862159260986,1
-6337291418696662638,1
-5194586495344087872,1
2263672620330815947,1
4803893609096864464,1
-3325622170279366164,1
3831819383767959657,1
8134532417938757997,1
4251540648975425032,1
-7012399356692880309,1
-6543415029343616849,1
-4794879549217030055,1
-6035801702311472043,1
1373222042383688067,1
-8004245345247967140,1
-4462089082044433486,1
-276125199106688134,1
-4159652565017644987,1
7087076905807082006,1
7632264961396116843,1
4472806030380023490,1
-7621344531115155485,1
6097265221374250162,1
6319070336090385126,1
1594961954089983788,1
6142810438419186103,1
-5103748463635682382,1
5470950581543041797,1
2907085368786979795,1
8854606950372876044,1
3933441965048533141,1
6832453652397256583,1
2611584993969839905,1
-1905901207317701271,1
7172377525248347191,1
-1179929020614609117,1
4441649954751117601,1
-6991990195215533149,1
1832146712783349692,1
5917255852994578333,1
-6614579445022852984,1
2194390452106086966,1
-1457400540352542275,1
-6095351611533111705,1
-3254727350049686073,1
-8045555008111482825,1
8091372696927615949,1
8130774326314049638,1
3598974262297800341,1
-8732849878482941843,1
-8166561851186474195,1
-2485127824836126404,1
-1353300360616407666,1
1622198693070486803,1
3891870426682945659,1
4335426873830623621,1
-8655467770175763523,1
-2943429889251763202,1
-5513390526381328748,1
6898740528317478121,1
-1086914977932581098,1
4239378564713299012,1
2784552317077181666,1
-3715592367822716073,1
-479932025592493421,1
-6811273501096355935,1
-612114391187269071,1
-524333556789901298,1
-3140484140535220002,1
-6034019018571933125,1
1621118068289463698,1
-8064791867147005493,1
-6584377191492237471,1
2506720608693115648,1
512828560171132767,1
2489592894334955965,1
6853451884671291163,1
3743059897393602171,1
4075543292645162241,1
3452593047885071956,1
-2165505994417891590,1
3946480791314517563,1
9021921516244664435,1
3342015914693004171,1
-6900803139561078875,1
-2661363676784507822,1
-3932544303808960829,1
5652900728369641547,1
9003669139663127883,1
5816726521549966682,1
-4419422820477025162,1
7271237261262986511,1
6870927046291913872,1
-7896160339376905204,1
8012894352265076413,1
-3297013705862301107,1
-233854773006887411,1
-2094588001393485560,1
-767594200883983987,1
-9161264594563500078,1
-6387390667809578992,1
1930780376797896489,1
-204636277442810942,1
266247300163945518,1
-7626129619238241580,1
6662680182081708983,1
9081797801130539598,1
-7385941556504738715,1
7906087007981766977,1
-6801400309792686748,1
-5406184844344855369,1
-2479819252671586431,1
-4433111640808528318,1
-9180473036104554859,1
-3045463629355380472,1
-8837947736671660311,1
-1485144958549086775,1
-4643743661993163375,1
3069333947973933112,1
672267081867493965,1
7671741872934879024,1
1088466363161298850,1
-400773509176920545,1
1970060987033831216,1
5645535119149448445,1
-4250366865683420086,1
-6293938016251239180,1
665533429851368811,1
-7948050592867491082,1
7794092855395930069,1
-7598082390567111299,1
8792459269010265232,1
-4695610722481746204,1
3588333295772658338,1
-4681777539353266182,1
-4273857270933964383,1
-5087744423123274517,1
4868366474033296324,1
-6793304951641583685,1
2446343544326965569,1
-7473739751678564458,1
-7177042296639959579,1
-3572597965247084680,1
-8002779370156977931,1
26243929106266474,1
-8510033072616965230,1
-1547681680507434783,1
6695349496588612125,1
4697228027598874216,1
5334912815498370354,1
877377292218412474,1
-2379681091000914272,1
2278282521593694972,1
5331683437259395630,1
6093219328557149480,1
2882833536649667372,1
4490421031686313610,1
1069828783179181023,1
7106578556833520748,1
-7973375890627728458,1
-2626641732758243142,1
1454377959829804578,1
8984134044054377371,1
691016045922993125,1
-1802768137995357240,1
-547165193743339004,1
6214014679423405274,1
-9017027880453788406,1
-3558625150701643070,1
-4530460013950201096,1
-7470111187943609143,1
-7448141878213579789,1
3795799532956598856,1
3361971471553414482,1
-5829615839004613934,1
-4920550864653893321,1
-1387067029813251377,1
-6805980821525830437,1
5398471456925753024,1
-3377463572860564528,1
2939250727142148212,1
-8223019892500535938,1
1831655348468345296,1
-2183704159326719395,1
-882426693523388048,1
7777944746518435227,1
-3340634500111860969,1
-549214911179637425,1
-8510711326538548093,1
-8503327950655951177,1
7128537632398920473,1
-8038498879456336530,1
-2428646735798053397,1
958338261390170331,1
-3679920350805688810,1
-5334117193134447340,1
986329274287122310,1
-267591153088896507,1
4861327638010535786,1
-7209779044421952236,1
-6935130039614324346,1
2898827323713919053,1
4943902048116250964,1
2869361674632620894,1
-3000159525407613669,1
-2844402638828552460,1
-8143599795073899381,1
-7292589254930721033,1
-6550573242972785729,1
-4371302564111565114,1
-1919818230173247049,1
-3990226372638237624,1
-6148295267777102139,1
-8121389117341766234,1
7394282744799849248,1
-6887801990813897575,1
-519352606125546092,1
-8328621354154698306,1
-7954441935460455063,1
9122864485214086014,1
8701674083245135386,1
-7293142242753654859,1
-782056353222524849,1
4552122227000760040,1
-8051197876068911074,1
-2315906827585061057,1
1365396147872167167,1
-8380604850176018095,1
5368896354486772337,1
-2499235274903968880,1
-6837573709446710525,1
-1299292637487892602,1
-6788116038423885219,1
477547338053034964,1
2348020531589117811,1
5577506069083150900,1
2400950652823817416,1
5768938018368671286,1
-7806686364227253363,1
6848709864840577768,1
-291332838546234471,1
-4529252242122284484,1
-6496632896715682861,1
-3179826004770389398,1
-2076804313703355703,1
-3843865680667390819,1
3244519254283271000,1
3711369125082677450,1
6302136709005312222,1
-1180785333234927415,1
2766737736223784457,1
3691217376014639175,1
7656195629085732933,1
-4519542130422750765,1
8206317778057507728,1
-5782154979353582792,1
-9152003525281545104,1
7308024229575003253,1
7342005370654006395,1
-1849922599259653990,1
-1165585361283081859,1
1545953223821253947,1
3155804711827781190,1
-2746238013060880147,1
6124040715307061935,1
-7859199657332055387,1
-2579360896254156975,1
-9111633770800265462,1
2692256008810812573,1
3017134999290375695,1
-2979782946896713390,1
-7829507292678973642,1
-3491556067193586127,1
-2186946523048689536,1
-1801986403574571620,1
-1040223783858362305,1
-4794749165225871198,1
-9071933781696192943,1
4963888464099238397,1
-6295903945588885066,1
3445716133213052221,1
-9171131239446127424,1
8907782802233298376,1
-9175389718187327949,1
-7434875643267459578,1
3713131881245517771,1
8640317558313521576,1
-6207541718613200442,1
-105783843450661890,1
1038312342950901471,1
1622022153358177271,1
3833302036765390307,1
-915997877839828411,1
-4311831963120363071,1
-8854506533156955098,1
531581961156204336,1
-1671610669398997821,1
5927646715618244562,1
-1473613676653864992,1
4939562814855594906,1
-3554196953162979709,1
4983943988593115607,1
160297953425450585,1
-8979241810716343388,1
9216728617440128730,1
6184399315428081749,1
-7396233603903248367,1
734168104916076001,1
974321849997466663,1
-2213959128598349376,1
-6896533846045948466,1
5164081508620616337,1
311949839937843457,1
1101444629933557115,1
-691393206417044110,1
85919157022102235,1
-1336656820780994807,1
-4401975831220392085,1
8030975684553417524,1
-1247702146845532900,1
-8331659073625986363,1
-4622025697320923948,1
-3122189434165921348,1
4495314135815389861,1
3325214162408392024,1
8952022897055512160,1
9222721955543492189,1
7100017160054992289,1
-7883947788708066892,1
-6472559292545695686,1
1092453740785414926,1
-4643037695073194649,1
3676376850174632129,1
7952245356971486317,1
-4591003234763856714,1
7962030192626174041,1
-6824158253467250710,1
-3388851892470669849,1
6611951658284058999,1
4903406592076178466,1
-4743528967602247047,1
698267640992265779,1
-7386971487153824467,1
-3409323754263049261,1
2348577828225682691,1
6850375078695211664,1
-5991945996528093903,1
3945257050146804859,1
-573642413324787894,1
7275917400039515554,1
-2067666496716050810,1
5613492024419396720,1
-6934873433276190090,1
-4984020610668323198,1
6068198706849005478,1
-3484673327929535356,1
5473805292587449078,1
6243732231136507100,1
3816909604134874772,1
6659977184580229991,1
-6080305670671142959,1
7446846041563078665,1
6514834132503135869,1
7316396013460930340,1
-1402608731217693748,1
-8017596907854456750,1
-7898734168801251783,1
-53239497259529499,1
-1977219051667418452,1
254174214424359517,1
-5534129931844689506,1
-6329761085155211083,1
-384543123695681553,1
-4887344101619645471,1
8486275908414117383,1
1621432183719082454,1
-2563759345476693464,1
-5078044255571709250,1
-3556832109664554842,1
-6684546033596415138,1
1821760315338804119,1
4075037771773204840,1
6943144303133402444,1
6553418017272604290,1
1196040147763442640,1
7637851203237609141,1
7558591780948203224,1
877823685017939254,1
5085298142917784382,1
4755229656480457860,1
-7339586599999168037,1
-9218904183017818391,1
-8489896451964137521,1
-1768323455826111747,1
-5022849260151159098,1
-9002964565565654244,1
7966227225058535681,1
-4737731375858921302,1
4550399045267824723,1
-8124950601977072967,1
-5812862792003198527,1
4428760671969783494,1
221112127379050697,1
7181685944232239410,1
8435380588878308424,1
3541138833607810803,1
3748074793918713968,1
-3330038256369524789,1
-8020396216026133729,1
-6782463642230345103,1
2093906250855477848,1
-1760372109266064327,1
-5425789662592260570,1
-5473903649388570691,1
6582038580391785012,1
-6110481638859084848,1
-5028871649032645189,1
-3439408135462076660,1
1895201607415852178,1
-1692890930756202458,1
4790211617273378753,1
2867430096585923132,1
9129568765373592173,1
-866298991039528893,1
-196543131256202593,1
-8269720643343593543,1
6635562786226946623,1
2037427265685620893,1
-1812862125468643070,1
-2631205898792680459,1
-5801138641468099268,1
5772707782065113188,1
-5803220086217665001,1
1859737189208282656,1
-3515436615604495136,1
-6190868331223281622,1
-5865259502111574479,1
-1460051261716044467,1
8131021062835186029,1
7624448377694744517,1
8551670343488546741,1
-6486783481546614869,1
-6004630253166196292,1
-5578106469672316688,1
2863124768533148147,1
-1506518539078078566,1
-1825955387339198136,1
-3271053958547410589,1
-459414585633181864,1
-3414917399899172405,1
-1330617342555234115,1
-2258007198376265378,1
-2608469175017779262,1
-1723263106931828377,1
-6540939674670790213,1
1683428011572501742,1
-4319883437931439515,1
-325354163117003208,1
5157979166216797298,1
-1243620162328125366,1
-1543003018337934212,1
5805557266098991554,1
-4718862999856801661,1
6219609712748188166,1
-4554919622280261692,1
3665458920497746008,1
-1465927109963114177,1
2521902243957290957,1
-7705691726707878360,1
-6019034772384666060,1
6254074334082575236,1
-5487853355439420747,1
-5776161724535818504,1
-4230707316762191490,1
-4699982804477513362,1
815578235112826267,1
499114506672220023,1
6545441804481152520,1
4326717911375281044,1
-5935791206905441501,1
307559421641325466,1
4803335483674889087,1
2040708593892233244,1
8559207907131588344,1
6582859177817291777,1
499373577746241723,1
-6209721918739739538,1
-1135039267818787894,1
7172046271298669654,1
-3508503867235174706,1
-8469203014033658561,1
-6216424145366178938,1
3396682625217302147,1
-4398938062000728752,1
-4188570785761176969,1
2896666564721088675,1
4302078817082022526,1
-7331044465017193793,1
-6489644855977326116,1
1169899440247805930,1
831906706992691910,1
-7866931557871930128,1
6970572963414391422,1
6349002267132372938,1
2344406558266077457,1
8476500573069575708,1
-2407105642202510612,1
1146985699454915552,1
-2488629930122724799,1
-3899870184259746028,1
-7983209932195245595,1
858562687818737191,1
658902303730597058,1
2418627112202796401,1
652289664851767117,1
8510429893203819697,1
3537214702717152462,1
-4671070791810721158,1
4864154002290398057,1
8130666256699044542,1
7542298533166625905,1
-7711137497054117529,1
8232671352491705852,1
-182734083279569445,1
7367217488944877833,1
834121225494805056,1
-4751467100423032791,1
-5490408125037851195,1
-8411215929062070686,1
-5875397222640866331,1
-3045600872907272809,1
-7548803763245423248,1
-8576004123896224345,1
1995429668472396652,1
5576511176657030352,1
-1285309977595683148,1
3927456289435940041,1
-6291150330040546253,1
-6406345756176525660,1
-1099200215576826899,1
4159797738583427652,1
7699863316793131484,1
1314620754612341814,1
-1454926700839034558,1
2100505169205357099,1
-8438632980341736531,1
-7414000225211249146,1
7323711855103839955,1
5937882814242144389,1
1353191143409862503,1
-7459024401712994722,1
1302526738232141028,1
-3045147431375997394,1
-8240361774076539735,1
-6189983439118141859,1
8655645471853830332,1
-9049319415904715521,1
4818817545854749236,1
709160743737113843,1
3540547733761269520,1
-5876796321978768488,1
-3671392994308695554,1
-5435233552497309982,1
5729866098475306863,1
-5920463886954514903,1
8614573202407292222,1
1281157537486133368,1
7430584045785573545,1
2833176306976776353,1
-6046172512790258489,1
937601851678673460,1
-4185694124520220564,1
136308370269219101,1
-1536003125728764637,1
1234521210385906123,1
6523193869694036807,1
4911903242854416203,1
2067699183538375827,1
-6799941260386639309,1
2116754985298125708,1
5264399741929364068,1
-4261046584854525385,1
-1327794654244407869,1
3062541100698274210,1
5114603265728644871,1
3638338534365388439,1
-3442812531413378526,1
-590261773972812961,1
8219059027855121584,1
-8573616588465973956,1
4568806255072093294,1
-3518982084912315730,1
-100841867783064769,1
7500152653899962015,1
2531877900733212352,1
3229706832802120077,1
6654378953802641583,1
5829124351855302053,1
-2963415349215283861,1
3226806664528626260,1
-803147064270772903,1
-7947807255275381780,1
4504529179614267035,1
-2012239064677461424,1
-9206055826407970781,1
3427330492593473797,1
-754014413934497752,1
4377530479494233701,1
-1532501284468125389,1
-6770629866515556519,1
2801018498643907440,1
7713579613238653285,1
8719756179442519597,1
1306720773778303227,1
-807084745704958774,1
4062596314253946817,1
3747245144157229824,1
1991265424517785888,1
3536138034006494662,1
-6222588383538120278,1
6295105928596160372,1
3073306194810282170,1
-1148937679694968235,1
5385493829308211128,1
-1337892226100089247,1
-7057498503237546083,1
4624047541373353102,1
7659787699390694204,1
-2575058046587498282,1
-716562479026183526,1
-7714195220449120656,1
5481155864768784735,1
8179197097250293846,1
-6226822871569850462,1
2697957846691842146,1
-380909162556675949,1
-6368023295296662914,1
-8091900300248964524,1
2034683621291672378,1
-4805616023720597717,1
-1126883840799922610,1
-8748219503385668931,1
5386296717390926168,1
-3021950121342110890,1
377278347958925262,1
-6566003635544552492,1
-6228127879478760251,1
1418947764794286063,1
-3873210349654761194,1
3801319015454330963,1
-6170026561205725604,1
8119160719601758836,1
8045481588827809035,1
-5138277767511545142,1
-924552691718068491,1
-8315357245463304838,1
-870738774810931594,1
-5463312581298685705,1
7895950960697842418,1
-5703100181057232311,1
7387209294581823549,1
6942748314136710959,1
-2858256188439868594,1
8014359100051615428,1
4020762320620137406,1
8383595162663497968,1
-7582926665296096699,1
-1108497017904752114,1
-4152346794542893158,1
7984751936291610775,1
-4272168792381841637,1
-4101423023789447574,1
6194661708088636330,1
4592445808629613146,1
6454463235332739149,1
3821838924497347695,1
-9055507836906728419,1
7884595040011971202,1
3291881023736679198,1
-6275916592732700990,1
-2620547955838170205,1
-1830428056109283069,1
-1471532947603912498,1
-3458939393321834976,1
3611561405738582238,1
5586564102439643441,1
-7445628139362541859,1
1067305276400540839,1
6424264796640181749,1
-6897642802376107978,1
6668592760013677915,1
-7686439710134988299,1
375405108952485620,1
2002582882808964716,1
-878844281534405704,1
-7615359336195374556,1
-4626841587874615959,1
-40895341399769770,1
1785562150450566318,1
4776043995314287794,1
5789878301262421411,1
-4387542149234792846,1
4612775548413965641,1
1033078788635959028,1
-6807889580091312694,1
7108095458896476617,1
-7522819641154041284,1
-2229028029941848745,1
-3099579506292444068,1
2876987031089077994,1
-1251390381593136009,1
1904201575969480698,1
5682519172265831611,1
-5780178638941677034,1
-8246280440659596770,1
-8686207357068014559,1
-8250577304283573420,1
-3701022339140645202,1
4013115112970316012,1
-2259770133856843539,1
-9109384912145167132,1
5671589737871085243,1
-9041645942364607030,1
-9139809185285397497,1
5998028911547047717,1
8347174804289929837,1
2362492076775658658,1
-992430113043024061,1
-4520833662485265777,1
-8045127701987771335,1
-1429215854664146065,1
1834081380332312693,1
-944686049424462537,1
-2881528083944270900,1
-8670949689060657215,1
-4615552220995987791,1
4900180557430551584,1
7357592674698732353,1
4570375461077793347,1
-6582316906990907595,1
-8208440736591884325,1
8180773111104651174,1
-3652478157767720733,1
-5401954192745640264,1
4377392685378060511,1
-8203613696478102460,1
7276346773173166301,1
3430771381456984540,1
5950427976041285040,1
2976834608463589898,1
-1948094046667338122,1
1274809808379980595,1
-4060255891113984162,1
-5342371809843604096,1
2059682155585941115,1
4265057186849068279,1
351603667006110497,1
-1523197081964054672,1
7122014942909527502,1
6463940172365243226,1
-8134868551301168967,1
-657486016613175897,1
8442493734068914317,1
-4424550689123822949,1
-3336562720230382517,1
-5577471556222798504,1
-316686652308883014,1
-170211415355067653,1
-8340997146723150459,1
-3108106886921203475,1
3397939241420401244,1
6192767899116151623,1
4141941959330968153,1
2787399951836756256,1
5623493177202570428,1
-6297912894973991224,1
2934560152471181700,1
-6418685447235344614,1
-5527745346365370803,1
7782300129868599700,1
8342996744457094698,1
-5061402207725251766,1
7729629946158871865,1
-3631524148761317040,1
-8066240812433677040,1
-8423434520283982076,1
-691773795884057785,1
5434983694965484177,1
-1490137785083323473,1
5620140254125988404,1
-4081368815549959012,1
-6753011860079938958,1
-7193876726606452378,1
-6872800504667388324,1
-4719728987104744405,1
-3887967154262853517,1
3077421185668545682,1
-4625466050342624268,1
-4268335483806842243,1
4054809238188071308,1
-6421636118960603959,1
-2403521380644094141,1
1467429624818729311,1
5510870170286778496,1
-4074369272818150091,1
5624641354992856111,1
5603050800443259792,1
9207025055628838463,1
67172540988818491,1
3254307249560329017,1
-3778256235883740562,1
2318366716100436553,1
8613026033896962533,1
-1137357445737512236,1
5527767317262012312,1
491609432260292753,1
1749965580678608600,1
8782531510424620289,1
-8560040064645704979,1
5066148425691679188,1
6338606169841713543,1
3307504962659890068,1
7141888207597493495,1
2642927897344181327,1
5478354454431954016,1
9078110876408636112,1
-6630006476156183643,1
-743893803108393601,1
7193137549763595731,1
7352636922559231627,1
-4565093786290512376,1
-24935211585920897,1
3453287426206375533,1
-361827772282956266,1
-6255198247628045346,1
8341080634178279685,1
3047161743439071851,1
5763325250898479103,1
2266262238328001195,1
-5410705811488606779,1
-8340396423192164331,1
-4840620148853250840,1
-3782315293508586388,1
4391477562239712187,1
-3924890780757988712,1
-4911895575588416303,1
-1580545842354316457,1
-6414681711464501313,1
7369165570943118118,1
-631422809245093896,1
3527559153804225380,1
4582044293614447528,1
9148349997616696318,1
-6078088380896503728,1
-921125302984423168,1
-8110038903073503624,1
-1938021330903549350,1
-4448359058480048566,1
947453544234105501,1
-3429182309733559846,1
1155495707371658513,1
-494022657537332068,1
-6731461098010094022,1
6011305942881156529,1
-1641278041864240834,1
-4082405191562009528,1
-2432444274561390305,1
8568102066598916217,1
-2302821070146621176,1
-2264997369009363201,1
2493368214030678008,1
-5117440467208083074,1
-8528802213926840636,1
6239359163591031610,1
5027859364191212686,1
-6193505599016634110,1
5309544235365056944,1
5683349936032527997,1
-6067133088159915407,1
2751043420349444884,1
-7256112894987567825,1
-5244318057415293149,1
-4153733819382136956,1
-7226612500731331875,1
-8687047088689283049,1
-2421589111475915507,1
6584203970992931915,1
3593986170156515064,1
-3269228871326138069,1
-2754912510553342071,1
5942270768657450509,1
3085323378886829185,1
5636114158897366931,1
-2286378442290916744,1
-7550903225291401568,1
-4413878069634836489,1
4405098080267625604,1
5435871034119774936,1
-4314702206435388956,1
-7077372319027123450,1
-5392629169261467621,1
6161355524106380037,1
-4626148644725681145,1
-4026560797483995163,1
5090596534216163232,1
2278032653579927326,1
3541441663210319747,1
4465642564601416143,1
414052335672794017,1
3403482751810561579,1
-2755760518440836433,1
7071391405426868341,1
-2569431430133157732,1
1668534530021206887,1
-3799891765654417906,1
-3526362827761390057,1
-5772163617765459389,1
3755490211882107200,1
-1980936205681435079,1
-8832444135540074303,1
273163626123323295,1
7847044456667858508,1
-5549817606671249609,1
-5152298639706320384,1
-8801103316443960733,1
2760789078627824339,1
2721786993327497907,1
6195112955108413000,1
5719096386153587495,1
4486994506724575552,1
-6984006428213587160,1
7831190800504538306,1
-5028829178448957241,1
-1955534143526138008,1
-3595125575568539755,1
4411125011199639901,1
377550143292923132,1
7248904748029593127,1
8796968868422472824,1
104903693730605544,1
-6342652398344084015,1
7403495911219393862,1
-9128815850425232418,1
-6045264621340170640,1
-1175017974923167362,1
8033947932759942445,1
-6796663888019123333,1
-2931588958732671572,1
9178731976686483573,1
39650547585210156,1
4093286650180884926,1
828002907494602016,1
-4213637239363965251,1
-9000519480484615218,1
-5608601441629016252,1
-3515951185777971895,1
7675063918915062276,1
-8321764698594492936,1
3385861265010188721,1
4565945566763422954,1
-103487326822842982,1
6005697836903921853,1
6107504945972886175,1
-3093266187025793040,1
6594998300702329763,1
7795014280241862301,1
75198586799388951,1
-2474055875907038918,1
-462645673446464410,1
-1725420470368975119,1
-2918317816203634523,1
-4785302202389411545,1
-4176865085673518479,1
-7908643828405205141,1
5263687103916199420,1
-4642208161753086438,1
2477887495987373598,1
6348955782599964642,1
-9110341385124742298,1
-5583505003887145684,1
2117093866683587510,1
-6605844197381793315,1
3340516389781535978,1
9169322623495624433,1
-2772977971337163135,1
-662504774353738012,1
1501813705756080378,1
-8059809107377709698,1
-3673937024495238104,1
-508975900049493139,1
-7242919251659931807,1
4154727476437071174,1
-8545164236900529715,1
-1956713278435657254,1
5212287294771591680,1
4973472645717477371,1
5723792618426952332,1
-5188923232658893889,1
2721563495273941606,1
-1554292904285836266,1
-2259274685566110952,1
-3965311999634512167,1
-8136842774884601174,1
-7304102708793437799,1
-6837146482240520144,1
1351528357969270939,1
-8281264955249032881,1
5244535801472891352,1
-8129646143564731865,1
-7591028426363959175,1
769991853545074900,1
-7159732509638954230,1
-490565512184212017,1
-5669057130452725143,1
-6297256715313344281,1
9212578710932067924,1
4073035465810904826,1
942043329435049757,1
4382861867459938939,1
-2469768917387413324,1
-7519681156474305192,1
-7466047031943843342,1
3749334261606486390,1
-622439648151812896,1
274707399892446481,1
3930738280416280165,1
5296079746749235634,1
1200889025890119478,1
-2289525266204700129,1
-5807670637371247296,1
8634354997087041006,1
3441182314740033632,1
-2113374707358360679,1
-6234908154095911355,1
-681560674676302977,1
-8881006202538346553,1
-7148004479890603265,1
3685197437908141544,1
426466575293917236,1
1521095190972080720,1
5616710311174660251,1
5602117877567865815,1
5197700204546998331,1
-7589947741413657561,1
2572112873719649485,1
-8663517803206637469,1
4909056347030085287,1
1221347236259852994,1
-3569384272153379580,1
4015515060979581532,1
-8505888681590058714,1
-278745622683845817,1
624287655717869772,1
-7453220037573592466,1
3203114693115915998,1
2826591862144824273,1
-2217488330174243945,1
-2334137073721839477,1
3539206527644689350,1
165473555395362930,1
-5324468901981940459,1
-5405423623535834171,1
9079743775351117001,1
-8411323627208579543,1
-2038627767694565773,1
-1379668522237620613,1
-8364338156356997699,1
4843730507586864809,1
1101089696410734368,1
-4516720193027243488,1
7501434568958040505,1
7731363849077932816,1
-4762546811108518948,1
-6341515641798911014,1
-8561940172988191710,1
-4402650770193739396,1
2470722014462285252,1
-3671491241556692907,1
3383290787850369190,1
6555767595520122482,1
7874838699492691579,1
-3424039464490278615,1
8138611889917020858,1
1255559984308949201,1
214389247054256387,1
2008760515842311661,1
5784529268218785697,1
4534977479586729048,1
-4765539704359610371,1
-801858372094939570,1
-7212864358018611198,1
-5627059480189627038,1
3820631856831180451,1
-8190337950475757055,1
-8734188064419097569,1
7684091338268650112,1
5793335383445430830,1
-8567443918247357445,1
2419811846560067278,1
2803011359360653210,1
-1527305004181121321,1
7458404392060273473,1
9029268441195698753,1
7808196576936904585,1
-7277665896481116517,1
-6827570008691369177,1
-8936237444569964612,1
-195371902508605169,1
807011209323487427,1
6852711019993548618,1
-7443432459444318724,1
-726080220535009639,1
-3337402009475155180,1
-6644588103016753745,1
1373892738867326493,1
-5118017028692392286,1
731350914588372839,1
-1823066553935453846,1
-3866788613318475251,1
2909310738234986497,1
5133261223417279323,1
6938323583512875116,1
6507897662685253431,1
3070082644083908237,1
7895297187167681282,1
-5641633123520127380,1
-8887634497224307235,1
4349828218287867684,1
-7298591658296533941,1
548741754030072911,1
-6377813925036023940,1
8026720218320281238,1
6557770706350013453,1
-653849988884617266,1
3679388390160105613,1
6455386706482465324,1
6204079497019402535,1
-5900281025351860812,1
1446625589844375832,1
4276722702158436227,1
-283869425084463419,1
-3664660735007315543,1
-7522026911141258852,1
1326623234411806850,1
3972256022823425737,1
-5460244458780066953,1
1852146654109429951,1
-444661752532033604,1
-3762460217000433941,1
-228728598846274783,1
-7723446770003304157,1
-8539365953291136990,1
-2961714669878698814,1
5138517136035318645,1
-233910575952076687,1
4471397952505301428,1
-6523047007836478456,1
8857463666968177612,1
-4478170797226735431,1
8261440690968582840,1
-4087437859429360615,1
-1546769672534956116,1
-2395771243581053036,1
7082578726020809180,1
2456113300209081816,1
-1076835129207464221,1
-3445593997961500696,1
37407032663330457,1
5780937757894486635,1
-3682843471612291504,1
6231861304750416593,1
-4121059066864250744,1
3657122079208879639,1
-2154260087669558248,1
3035607694137482919,1
-7445242784306986966,1
-5371345545125358603,1
5480240344288310609,1
-2830082196681522131,1
8254370349724809249,1
-8844357057801992722,1
-5048005491032311178,1
-7601303485924499613,1
1319585168235716922,1
-1658764187089913170,1
-5246907959818288054,1
-5848407210775467886,1
-8672783647910634922,1
-7468087496898305848,1
-1542912410336802364,1
-5426248553682686652,1
-8276197317917670914,1
4547076545153745219,1
268358517365637411,1
-7270187184435835375,1
7765015997454817065,1
4468917479421032441,1
-916074065878460249,1
-7387798497207792154,1
-1044431709897062253,1
-9169867860635523065,1
-6700292546451525022,1
-8928966909467820614,1
3011421926819019129,1
8813187116867374793,1
-5296262997303686849,1
-3893838489110534109,1
8919492335924717577,1
5196650654458707420,1
134213024606817130,1
7003188140934935390,1
-1451354332463043218,1
8388471410573920750,1
6834144711266241921,1
9106254085091288669,1
572009643857739826,1
-5441711525635944109,1
6997831815853394388,1
-3358514934783740856,1
-4543977764189422544,1
5369399378545924366,1
-212088568640475793,1
-5767383523403993560,1
6389266021304441900,1
-4907351839274756923,1
-8879661301692489470,1
-1432412040011977964,1
-487724758096926471,1
-2226987798155358665,1
-332322228228857763,1
-6725889159210265985,1
-2329614741275988310,1
-3793028445230676342,1
-2624962406220062895,1
-8561535167136258491,1
-8258048120805653695,1
8452572143023130219,1
-54381431653214415,1
7553785084495931837,1
-8225945131682868923,1
-5399349087731014833,1
-5275754704209468814,1
-634104366089301072,1
-710292759417258828,1
-7205690428894462799,1
-9011187048067178621,1
327225063501778680,1
-4547263100693007842,1
7400588403769610924,1
-106799268987200580,1
8232018602506168054,1
4881443895145528804,1
8123890810781985458,1
-4658274254317157370,1
-6366592277376855460,1
6960940523069743954,1
5947011611222245433,1
-8031201902757364105,1
2995178804607299068,1
9080542432427343061,1
6073448588685891970,1
3802526228293238399,1
1735541039899303673,1
4234134658270170758,1
-5274414038905479855,1
-672466384491168019,1
-2379573698038583674,1
9208395759174866585,1
4005592982877994213,1
6707151414942093006,1
1358935991186865010,1
3562430725526498853,1
6923316764164849715,1
-2760483493377678678,1
-7264903584736446212,1
5189042331053863193,1
7382677442320142213,1
3022454019798477926,1
4815862893652449749,1
6986523024782287973,1
2894806273621910188,1
-5104020686453072194,1
5286300691348622525,1
-7569224825272506724,1
-1347055633060146974,1
-5241354087784927003,1
-6141472964746119669,1
6102885430892038118,1
-6080053203420835010,1
-1290043308625052562,1
1197974007734129113,1
-365461042305045857,1
86213837638241021,1
1525598479411471881,1
5650683753244500771,1
-6729420598308527055,1
3426449804682825924,1
-4918198271798034141,1
5082277188379544529,1
582640364536963935,1
-7894876141949132009,1
1230095963663119784,1
1603934717646218456,1
8288390876245672194,1
-2927896259525431948,1
803818471634966141,1
-2988650934820004691,1
-3695850129971086600,1
8332109466922823211,1
-8164102011972177169,1
-4718754321871922713,1
8723010588404267793,1
-7485568940154220223,1
3758780650327927494,1
6554590691927312488,1
-2952165095658693626,1
-1435826590861051107,1
4771097265785627870,1
-2703997707839913350,1
948053020412935580,1
-819994572576476302,1
9154130532774095666,1
1242274727733384976,1
-235918136277642020,1
-7653514240551301809,1
6696759458446922236,1
7096698649629744027,1
-78411581630908129,1
3248148000436691651,1
-3792876513925747397,1
3121863474038019984,1
4809706799466214397,1
-5083118473175088563,1
-8707685656005725444,1
-5798098873264537807,1
-1298705022702273448,1
-6869618381706827722,1
-5661633816532320882,1
-5671972109078464445,1
7403609332241545277,1
-7640134870080007722,1
-7002550038872224739,1
8636784929544813000,1
1669220357847441601,1
-4794340295299847140,1
3360511652449291909,1
-8802631119597509406,1
-648349892698644163,1
-1905993278133317719,1
-2089454388731631429,1
-8969607156650348214,1
3438465951332434521,1
8051820359163881406,1
7232623818888350884,1
5516259067847054232,1
-1136724223595206570,1
4363178360718222892,1
5697087892033774504,1
3946241681886365689,1
2427364983302077773,1
-9204570159250252928,1
3327759072837405164,1
-4853304566985367467,1
8631111207217159953,1
2203384508182055597,1
7186143335672048629,1
8220343698341469192,1
-1754156718694900730,1
-604205145999560931,1
-6310422148474810833,1
5365220891860919645,1
-5744052420956306463,1
5477776322591052408,1
-805829567567402699,1
4509282748429920782,1
-7676067350800327286,1
-6391899465445433218,1
5894416107658308399,1
-5510105887530537112,1
1106150667190438140,1
-1412840693950234664,1
7987094169081255931,1
-5370767232548528795,1
4677517437535467991,1
3318394280756523786,1
-2895041492155960410,1
-391127207964675143,1
2694863189828835535,1
529056506163353875,1
-817723019372670284,1
-1262584373042001200,1
-517665817707448456,1
4763343827676339473,1
3210765915431600394,1
715940731633948003,1
-765378558459747875,1
-2666811812106431573,1
-4232610685195602566,1
1893219078639446031,1
7696478824027359235,1
-5473537919371555435,1
9187109741366346356,1
5545793511656904354,1
7139913144051983021,1
6947958386297551659,1
-331055902237179009,1
1034426585352301667,1
-125895314620240954,1
-6237411171618688830,1
8209829810784110600,1
4800269894970421815,1
3340251461951736367,1
3070682373095853480,1
434278394148485926,1
2864985999345941718,1
-6792266410323830245,1
-7120828053200974018,1
-250917456096112959,1
-5220963783895205087,1
4216384681611131857,1
-8601667630496418259,1
3118061319084642100,1
6122142714687210601,1
-7054064749761144685,1
-4464385636439115983,1
3294396267453471869,1
-1197910407661003973,1
-4950714052513534005,1
-5891376274365822135,1
4403116625180275163,1
3600229903929858513,1
4454700621622296908,1
-5439017752128022385,1
7069027070901054516,1
4893791664956209507,1
-6299709084135560015,1
-1889005901123420992,1
-2511355381224290565,1
4856227049069198371,1
-8202834293802493713,1
5284309793143686444,1
-7936614097704362745,1
8844933222513782217,1
-3001062701004165815,1
2122193269400801274,1
-4144060209988804809,1
-5542082439644008651,1
4428823633372103015,1
3604819348150438854,1
-1795093583013285891,1
7285906782891370838,1
6388037187285822054,1
7965966014336396598,1
-801650078110399774,1
-7106169544859008468,1
2023775754410487113,1
-8960237501225883288,1
-6926753714175377476,1
358377317499842447,1
-6113734808408849877,1
4427931551172023290,1
6363954506811758071,1
-3775928779088761168,1
-438734804542791461,1
7958571233961214762,1
1020677411624677004,1
8735577963886095157,1
2837499565315905499,1
7926382335752877856,1
7764476833312580021,1
3529752080580504795,1
3563888945345013497,1
7635640903124837870,1
1733765817777018271,1
-912294068304955923,1
2009423001456295028,1
2471965810312437918,1
-37310355647306035,1
2895782618977315605,1
8071421378334110883,1
-5031321535638000134,1
4622314315680123918,1
-4609388294803568407,1
3478964740364626567,1
-5925380133179149790,1
-2973368357308824217,1
737362925096898878,1
-590712772449881095,1
-58154437749537729,1
-5850947053804908300,1
-9081675512399093730,1
-5828002666880086185,1
-5261560792288730190,1
-6830967654786005691,1
-989118981615297106,1
1604082674602921484,1
-9167091934673399758,1
-1192822483860360867,1
-1286278769431210583,1
8441303040847706227,1
-1584440901901423137,1
2218563125484888402,1
9065993520467843537,1
-3154391251754024258,1
-6513922145061678716,1
339956856739111827,1
5466430371421671134,1
-4236333681245345029,1
4795840864021136194,1
-3977929746004781904,1
8638944866127807370,1
3263376393846494719,1
-280156108979269277,1
5079235881645012490,1
1351415872819243605,1
3965336476022204196,1
-8947324535906079308,1
-8273498921194414857,1
-2829509532827388066,1
8280199741137336021,1
-2391975624084465634,1
-6288696443507539910,1
8319564797154771595,1
-7033753943831160624,1
-7841641200185772475,1
-4629351669826888852,1
-2915945668871641358,1
3755568702177818197,1
-9136458305859248506,1
-1968045732457587045,1
-73876030327943081,1
1916826241601389603,1
2791311552968732859,1
-4798850778710151508,1
5884403921876653984,1
6815866330198852852,1
-8109070224730375969,1
-1581900979948906629,1
2079806341101555371,1
-377413460216939537,1
-5517626824968912983,1
2700990400967667603,1
-3994823148804658614,1
-143034078518770206,1
-8263402375871564437,1
7052798782691814476,1
8741261600076660149,1
799838780071163030,1
5683794529706966852,1
-1610971997398328032,1
-6211434147518590231,1
-5587747593741807945,1
5022995598854308081,1
-8995680534202972391,1
5778867547450202980,1
7199802904398347648,1
-443872829171472441,1
6841327570111820387,1
6203095001864095644,1
4231602648869301678,1
-4464102971738936315,1
1342897069468785017,1
-307396712478446305,1
-5900039033093061400,1
-7234054941865192085,1
-1911513088543055540,1
-9165661165067735070,1
-3898612452769414036,1
8087163571525961229,1
-1967326548871477335,1
-7616585249074200549,1
-1303957446096800808,1
96057041533263960,1
3911679560870696582,1
5104752890822809484,1
4699934733385656535,1
-5861034850137679243,1
-7515754214767981819,1
1889860942815040800,1
-180549511591863407,1
-7242880363540077128,1
5248035140937260952,1
1974754006337342224,1
-5825065470562270055,1
3266965374844248420,1
1144467124524450768,1
1548634828111795379,1
-3859314516862596389,1
7300102779215566309,1
-3548649473893680497,1
-3812013973597473297,1
8510435556472670486,1
-3622172385791849413,1
7979077023965708729,1
-2852578812799240186,1
-2037184591255935826,1
-2127070112888058042,1
361207670209376241,1
1953697077430329793,1
-601450711473733836,1
-4193191702922436135,1
8700227680531729197,1
-3799669144058576368,1
5552432021215740152,1
-2587552071566955461,1
3366932880204210845,1
-2022316888314803417,1
2742727834104705795,1
7174124799509325327,1
8191804185928203192,1
396865449494867663,1
-1535076879952525737,1
3666517607074896331,1
-8050402414621450151,1
1259784028927274795,1
6320127605309722436,1
-8499842277124761156,1
5039536440677821578,1
-8774589423752779095,1
-7266077425171903300,1
-2637627384252038913,1
-675195793492870888,1
-7829206698938048612,1
5035198804993542565,1
2038152571104544871,1
5150077956509145066,1
6045139724415956324,1
1600404925133459411,1
-5657487582392074953,1
1998370512715459491,1
5275518224255267131,1
8525548731638188225,1
7960308310314763704,1
-8020461365188544764,1
7255568132528838452,1
-2766295266235680749,1
3012833782222809875,1
-6722901396879532619,1
-6948222541226261547,1
739194707247077404,1
8794925897139157968,1
-7010864183582030758,1
-6281511085544657643,1
4391752750131869706,1
-8010101617473807245,1
-4982412016767472087,1
7736115198203907163,1
3756769205730100860,1
7724952349986228046,1
8412409166979601054,1
-14990801437814797,1
-7466622203263853012,1
1910290212136145890,1
9208667853856097302,1
6176218500228145990,1
4780000906356052637,1
-6325246999705860792,1
-6807596233814869214,1
3246619012337739411,1
-871373148657749125,1
-2672117318523663359,1
-7180081566060638595,1
6368986215044108092,1
7276644177120604648,1
-6051455806137774198,1
-2576730704189792474,1
-9214376461961365801,1
-3510088225228170997,1
5358721909418555565,1
-2782967027923485127,1
2508404691402999819,1
-7840470458836518067,1
-9083942699834517548,1
1524011641996206594,1
3899242234880504374,1
492484920521630113,1
9180998712793184634,1
-1268196407628111287,1
-5240612492575238445,1
8026162362656910144,1
-7684211737119390622,1
4269600675982288135,1
-2637971282853920568,1
-7914959396674170315,1
-508610708761947733,1
6557954056642763424,1
305004317531001902,1
2600002681698613301,1
888907978520249119,1
1233840004406169592,1
-4575454838973528735,1
792910297736950515,1
8704973001790161969,1
-1864590680801767986,1
2176059058269881930,1
-6948114066909565322,1
4605661043970469142,1
-2974016806442124765,1
3184652869100754076,1
490139357753035654,1
-1795489942902019652,1
4096718041272122243,1
-8851081326513093917,1
5336334727784845507,1
-6243165045553487997,1
-41164504817322715,1
8750325723781268602,1
967617991008779132,1
8331344373330566548,1
737145498359389287,1
388980350570861395,1
-4174727050746684709,1
6077144606106428057,1
-456534888533404195,1
-4399436822977592207,1
5514162530180393966,1
-7833053443966247152,1
-1901388237930338089,1
5326402744311644029,1
3293953050509363315,1
1213584954513438601,1
-7340223467489715806,1
5507489142013924968,1
4629619158527652749,1
-4624364359783797293,1
-287792859300032457,1
6546351436468497593,1
8933819893675677958,1
5904674436678253212,1
-8281312682198553288,1
5778835028284023499,1
7542123419259295480,1
1963346526701781428,1
31413570376132569,1
4208111779215088688,1
8867946321288424021,1
-6494934418399843336,1
8050559687856686804,1
8539629980137700319,1
3150083879376666011,1
-4665934865558093124,1
3631111765215707275,1
450398936107757856,1
7932636845102649059,1
-5585199431124118043,1
699747458093350499,1
1750653210170447436,1
8048404825997341425,1
-3830068169267598635,1
-7211246892981852851,1
7085340390745525473,1
8031244172117475992,1
-7519020589013721151,1
-8165618629857556698,1
-8016557485827008025,1
142047275189671720,1
-7739766200612720628,1
-621769263770608043,1
-5146355287621807459,1
7664370349603920395,1
-6029772596841270599,1
1299348074360906637,1
-1017872625663516538,1
6921490194153780494,1
1247463204368098476,1
-3044218894077607918,1
-513854250739583014,1
1602728663047732648,1
2492229562665766294,1
-1259016169027764441,1
4223430773636978274,1
4955912767335822562,1
5302614458862543663,1
-3571677799709878690,1
-5894301191866170164,1
2805721435647236314,1
5939289673011968157,1
-6984780946815011884,1
-3122194787992604464,1
-4220308285421637590,1
2324899169927091812,1
-5018634172848579536,1
-3257315422820923692,1
-3070382347789733212,1
180240599667406405,1
-6403675287530343138,1
-5335507064500401058,1
76523405701311046,1
-9156183721618640760,1
-2429204505536604855,1
6710481141358293021,1
6122140956121898574,1
7359722256058688780,1
6990430623989261944,1
-8867200744015553593,1
-53409382488155503,1
7302028650119064085,1
4175794630050252192,1
658572106222097717,1
4437144870669317088,1
7487993975529259568,1
-1595804812872635391,1
99106186486024521,1
-2727420331063086137,1
9183750740433881204,1
-7012254459795393186,1
-5810913308540636054,1
-7118691301201204719,1
-5851381307183207380,1
2513165683890138140,1
-2681029827818843767,1
-4325222733678576745,1
-4495482527383905337,1
7025354925355595662,1
5346845063132871953,1
-4515349678330427885,1
-7350251212612058891,1
-6038095400540592919,1
-6322812422538230746,1
42981932740301542,1
-1237372939749311514,1
-5892095313886571538,1
-1356691552119653827,1
2334995844863988310,1
6214265629116687706,1
-753101710143240572,1
4075087898407403869,1
-8896333226883161904,1
6079583189565559167,1
8886492357572294923,1
-3233494762954994750,1
-1813174855967337549,1
-3893381671358948216,1
-7034854551782867425,1
-2324784261716632488,1
3966641390524571692,1
5745219764126540838,1
-8580745108372073594,1
3809011053980364588,1
-1462665519487375186,1
4351176347667583348,1
5417249506056547869,1
1368149368285221844,1
-8444353194857470930,1
-3709896285604064366,1
1929796588122323635,1
5965665079975356443,1
3849801403903941283,1
4610575626634194690,1
-7209991274382536560,1
3370129745836475028,1
-3328401151531646502,1
-2449423407660180117,1
-8280900106791433010,1
4763476302808825002,1
8714343461220343959,1
6998759456958914767,1
6680485823618068797,1
-3583227486522170811,1
-2623015101505678210,1
5619896031869148853,1
-1928898045560602432,1
-2254907434179320562,1
7244350271392030326,1
-2639976663706062973,1
-1833202271716588744,1
4897798598619727771,1
-1496858646790535149,1
72551211801472613,1
3289608749727457628,1
-3548665489039968844,1
-2642926699744829019,1
4198892924827696361,1
-4638026953056686154,1
2372291222291230339,1
2862062234049950204,1
-7050010292091086337,1
1894315347166163861,1
-5813496433170818826,1
3862073062338027582,1
7418493328253067817,1
5666735481962710482,1
-2052555513836602511,1
-5650656598633227951,1
-5487346343385675868,1
-6275687429028861433,1
-3311398044931080770,1
1312062960662299286,1
5584451684517671934,1
8336996589510881906,1
-903927560093446099,1
3837334878141704067,1
2693505244233388051,1
1466380677610329528,1
78778131924950769,1
6332769804594727927,1
835864534352966906,1
-408674233657489259,1
-3384258913300682547,1
106981878979810505,1
3853251034964766317,1
-4081112753071107414,1
-8594453603986439672,1
2731112775477837955,1
4817914289061414408,1
-1157324181583616319,1
-6846286448808143062,1
-5594064948473796979,1
-8903725150138470754,1
2742441786341574996,1
7278917620282204537,1
-92884440114520613,1
3907425078393967705,1
-7171432576844828523,1
8587934540550826537,1
-4174535037884037474,1
-2810237016398488547,1
1954918222426755372,1
7076611922791459197,1
-7727764275321494364,1
-24481742652955355,1
-3681880639545578188,1
-7836322575786437033,1
-906798131342105545,1
2246934596838273664,1
-323075481152440061,1
7108722939200098961,1
3401330050849329015,1
6847430334985024318,1
1854626611225041900,1
7073467205798692974,1
8185577420120362029,1
7809528845568786259,1
-7793183111803690712,1
-6722873332551783399,1
5577108553157458213,1
8774699504118078553,1
938705147623375637,1
-382113641708991186,1
-3599029405299643785,1
4981443537698172458,1
-616861036337933353,1
3077772324410715446,1
5357269655568077310,1
-1968355781006365415,1
8348948643981030977,1
281828669763409169,1
6527990153601273434,1
-3972758374772025293,1
1706754290702739553,1
836003405369315856,1
6928150488323285295,1
-4546766473257398414,1
8463101871296152016,1
53162605218963724,1
-8354171376487757139,1
-1715702039721734327,1
-2835377708376688228,1
-4991929081014012334,1
3910267726414368855,1
-5925767618843338619,1
345050951399405948,1
7656739379329223445,1
3729358409679328322,1
240425120817978600,1
2797083688920976875,1
207142780784299591,1
8555397656654073409,1
4545727854790691182,1
7504888549857370875,1
4125289697825751316,1
52638617191485795,1
-1017173265767985812,1
4545799435108863143,1
4607196872629146067,1
-1012570071883284738,1
-926611529404242058,1
-1460590507377854230,1
-1190730703501599387,1
7512483224380063781,1
-6750443649335889975,1
4933653639558768839,1
-7885136959635223326,1
-6819118984896226063,1
6889711183425828709,1
834057129709771209,1
5817102874518253093,1
6936534698870459914,1
-4309588785722451497,1
-7331069183345968589,1
8245872219580683921,1
-6480005256608853863,1
3466296501768118872,1
2584144360412625553,1
1922068240494774825,1
4219018763990891719,1
4098585315143778672,1
-1084490340550204793,1
6140189441069599097,1
-4159180949128776749,1
-1622721159062340646,1
5301853531815780998,1
-367179394448305369,1
1126936551243159286,1
-8574543123224249285,1
-1031563079963725181,1
2891739900389840176,1
-2589202414936361242,1
8208515397847752884,1
-7400254305200982900,1
1311765330460380272,1
2580293823327058279,1
-373812100775872093,1
5686224429192645572,1
3113319162590200512,1
2557515605998240257,1
181251612296305627,1
5007872647496782423,1
-7006147082728003270,1
-7259145183642189902,1
784492518585294082,1
3764731245517635964,1
841900944705741887,1
7001985322728329014,1
6511864870639933741,1
6150935593924221556,1
2875006977296258763,1
3615225851060470048,1
-2397838840528162002,1
3016921570314358712,1
-6034146641915155354,1
-6732815795531505848,1
7599040215808387306,1
6318532326527353808,1
3261541894234639459,1
8955474092403019491,1
-4592904762851827080,1
-2863489382167040472,1
285159577066590698,1
1122570498209745379,1
-7426326897662732060,1
5037074081786534330,1
-9152750014469160219,1
-2938847173591450393,1
5306187060982330659,1
-4422089300852902659,1
-4563245956675069724,1
5031937565288460710,1
-7348704329385432076,1
-946418846462011405,1
8730685023563188141,1
1887552004900422784,1
-2089483830607778697,1
-4031377609415559662,1
-429363463414241970,1
8155919161301288835,1
-3279419736164458635,1
-1364360123868296222,1
-6810008991304225279,1
3817132877261158766,1
-707068817552006390,1
-9185396771106966456,1
-3984305342338536104,1
8763180744361364964,1
-2138314587979423826,1
1562219760617491170,1
764526337891874355,1
7661445096828710420,1
-2348924706377956580,1
787355193771837642,1
-2376880580450100793,1
6102136781675804792,1
-871248461963112189,1
-6674407797520128708,1
-2212800011769925421,1
2053846744258703516,1
1616348228171600841,1
9199922288723687797,1
3737731965002814440,1
-2230056274099049380,1
-3868435476327194643,1
-3779465748237752366,1
4499279934389975222,1
8864439194710906925,1
-1750223229229805233,1
8265643875268021487,1
2365313599200355087,1
5003538832377660074,1
3679948585818752581,1
8973158886070341156,1
-853258277966865430,1
3985181461566066879,1
4913047896371496369,1
-5050843596522600933,1
7581105268467599090,1
1193257824088342111,1
8561986350928447631,1
4845225136123453600,1
-4957007072424925014,1
8065874698115471501,1
7723272388982525615,1
-1139029239371282133,1
-3183865830413676901,1
4035370019623556544,1
-884175379731592039,1
5164039151830731502,1
3524117055771794429,1
-3565217804835138445,1
-6888658824900043518,1
-3551992962146732246,1
-7417803886446355070,1
6483391130915771626,1
6701493039414050674,1
7939911137412426275,1
-259026855862920601,1
376223777504462704,1
8262401592463106173,1
3427131813507536747,1
-724455388362968502,1
7990886458996818140,1
7789538255744489351,1
-5513879337977125714,1
-1867241271172819780,1
4641168514941424773,1
5251188645609869049,1
1316109129819054751,1
-7240489759954230399,1
6916383743510421976,1
4445511571690797776,1
6110623237974074327,1
7246909060439874552,1
3395262483819449104,1
3648307516684386725,1
5343086516841976076,1
8981042087990359290,1
2184200128348500641,1
-4343714173435612220,1
6468504192906458343,1
4867647373927582402,1
8587268612537488674,1
6584013841153921839,1
-940089934365484617,1
8679954043471454530,1
8268519895038649336,1
-3758925656769173384,1
-6312653640758656155,1
7469152232610999251,1
4954755640005569995,1
8206882457443090239,1
-7728228194610839391,1
7346418561272209966,1
8313650065426566185,1
4336988857730262518,1
-5459775791106635731,1
-4105794977136037547,1
8285632034467890696,1
-840335079938731026,1
3201087197777992789,1
-8097054102559984140,1
1654303543967168844,1
-4388556889134623662,1
-3250088656600801912,1
-4069440675204472079,1
-961326622998397982,1
5496428635598922608,1
-8166532732682226147,1
-2631848037844096148,1
-1836345194041396653,1
5407010130801590171,1
-3674952794142032260,1
5099270071315711516,1
3936610384402778978,1
3949718443661511405,1
3117518871406916272,1
-7011327865897317063,1
6008197513245453496,1
4481253063881683184,1
-9059508832741764404,1
-7951895090180860048,1
-381755511188224963,1
4484136290486955946,1
4013472273495342956,1
-1427570693879665839,1
1673416778886754340,1
5112639593098183248,1
-4822570998161327265,1
-4636283664123711546,1
4774791908185411907,1
-4510458587998462428,1
2858454466897371983,1
4654803045817128171,1
-5708368115704090216,1
8567294209849896721,1
5351711565551227370,1
-2739016393292243110,1
-1304948918764174496,1
-1072587757795767756,1
-561815442106585746,1
-4871665108100991364,1
1201515222803672670,1
-5231842695579346225,1
-483077905642539446,1
5637799650070988724,1
361353215465278359,1
3349228074261975962,1
5657843163716346280,1
6652762867711741195,1
2396388941082159648,1
-5976530997790424422,1
-4390124921303756095,1
8410092364767507946,1
-8275489496990892622,1
6909061803661679756,1
7455962610608535664,1
-4953692212141228330,1
1456340613555880746,1
3016028157238913149,1
-3348925026136343723,1
6430889630528124210,1
-1157133524044907135,1
-2971410011665513080,1
4497034064963751761,1
8363248506102174743,1
-7584322303444693211,1
-8422701580039760453,1
8732329445745917259,1
-5464165623743780768,1
4998626110157105292,1
7473222173924911611,1
1455216824413698083,1
8194712607168135892,1
-1440880674964439177,1
2324769261415218110,1
3981357305646962877,1
1168274408103857722,1
-9138013241558715547,1
-2787137874752682799,1
-6108437133822855743,1
-6667840046107924754,1
6227466426158586668,1
-401450834965804835,1
-5985333405554301306,1
7563141978286377725,1
5785503016601705879,1
180122813913629435,1
4537064063726624631,1
-3867460709802661567,1
-5540566614090619341,1
4666815517193496229,1
6319816887574448520,1
-7125568602458339351,1
2007631986309247256,1
7350556913714522126,1
5055685287854731216,1
7338629015510865901,1
6451102042685586047,1
-2447639965564258770,1
8214595622973298010,1
-6788155340009063374,1
2721864782739288827,1
7104514017760556904,1
240667845043511336,1
-8587007349825176642,1
4342105494513298695,1
-6480961353092037718,1
8103957354661463111,1
-6421235746736105423,1
-7996906827347349123,1
-3248958553523824590,1
4520402511053526668,1
828628150616433417,1
1381033821090945623,1
7515671117594090344,1
-6620950310177870076,1
-2146581033408354998,1
6918807614317768056,1
4952409167403618576,1
4333904754493521592,1
-5981717776639032412,1
-5660822227476025723,1
5209883570701833652,1
-5455668988290786332,1
-1088001063249426616,1
-7190060812847677823,1
-858681017496891613,1
1544839484912984648,1
-7577110646792386254,1
219672549551627688,1
-2198620413528679188,1
-9195289998184748326,1
-3495125713324008229,1
-2780316846828481765,1
-4404279833050481241,1
2505044199093652818,1
6086219698179493205,1
-5060929474741319842,1
-6101162371620691703,1
-770483078316604998,1
-343970042055952697,1
-7886232046730513314,1
749164827505667866,1
-4032802443610460963,1
1148170505866197738,1
-7440534044483072358,1
4788820256446684555,1
-3426756654246327729,1
8707012172612198355,1
-7945678792320083702,1
3336685561835888047,1
-3633516378776391905,1
-7658428031897535045,1
-6372485137730210780,1
-348116323395858592,1
-6613113228968205840,1
1380912914637888259,1
-6951079086348746933,1
1332151763398880029,1
3000338558956888126,1
5864053241029670304,1
-1336652789513084644,1
2959739651259934558,1
-2565119375138397154,1
-2940230033877554531,1
-8456369041141767505,1
6695539627212642033,1
-5934198976344862463,1
-4956616698295089416,1
-5964306736867513398,1
-4036400562329728247,1
2945070027229473208,1
4993850250727848050,1
5821043957582405908,1
-5734207615124794315,1
-6925020174679592892,1
8977145035975925242,1
-437510913062313748,1
4285027725620280146,1
1134744387183026972,1
2613941778838947075,1
-315232894646351520,1
884541228679385752,1
5878801862116866842,1
8596266140475218068,1
-4528555351793109847,1
8067866265555186667,1
2830991064193469159,1
1127486119080375313,1
-6629847513599426832,1
6187821231165886596,1
1922522939049674929,1
5209856135482708188,1
-6398329950716555928,1
2652171269732010464,1
-1089920878345293081,1
-8048782497237482715,1
3053454701799196106,1
-3645838940328275582,1
3598958024618531938,1
2804086622274611933,1
-235981394398728588,1
-57859370229379050,1
-6069264450847485413,1
4340776082631398773,1
300723503272243258,1
-2299300296664575266,1
2227334549919483756,1
9151516915871992244,1
4990982581494082848,1
-1976233730044294232,1
4382667058402965871,1
-1351497735993529478,1
-8120184474054857644,1
6594848465906561509,1
-6073033059959733750,1
-4564707805422547682,1
-4160490301659428670,1
5977994437312164963,1
-1622971380226415770,1
7510096532115420930,1
6539543204011083582,1
-2033343317436445010,1
-4715675564311871102,1
-7001079967742772956,1
-3074308582888128682,1
-1211377388995153116,1
-5140812255320858611,1
-5488005734749594075,1
3705155518367594433,1
-579715782413987273,1
7451530022209640987,1
4313265570711368085,1
-72106350188114648,1
-5736358363162128612,1
4531853622571290396,1
9174757203842017798,1
4134765429729616140,1
-6503937082515846562,1
-5662741058225162114,1
1963975637870082370,1
-7299815096338505854,1
-4701845137539625665,1
9007736961122711681,1
6895521927875239819,1
3481796515877303921,1
5257579569264212888,1
-1661335624992461078,1
3426230845728113290,1
-5841731768892409120,1
-2755955824480486280,1
-229582185209952660,1
-7884832015953818038,1
8588682623221062228,1
-1493741381913293848,1
5058883693953578115,1
-5139306089801275565,1
-7894180510836508238,1
4504238958012445316,1
-5706108099904123148,1
5974229444468528829,1
-2070528176775931245,1
7852268484327740748,1
-3698975334290223113,1
1973236942216971025,1
1247302214200080098,1
-2767336942650943167,1
-7324574635848909776,1
-6089704425538956182,1
3647047188559384195,1
5580579839136338060,1
-4635516836826291885,1
6821135112643144094,1
267631126388273304,1
785477749498998394,1
5485295605026774814,1
-330407085002007653,1
861356210327181206,1
-1455950188087435061,1
-8832037258928989729,1
4135455154375985732,1
1977818868372312822,1
5235414925178718058,1
53307115765629956,1
-1484675686651052168,1
-869904588841343068,1
6907152014528039984,1
-8393326945581925755,1
9052270253379931445,1
4035882919745334438,1
2868953030155289606,1
-646386162591984816,1
1046929091196090707,1
-7045277174051630520,1
-696612016664966426,1
8155344893609264708,1
7459110757761866334,1
682688340416769220,1
-2870501152306782034,1
-4101149060055075700,1
-3835476607358098781,1
-4778777624300100977,1
-2658349187887700383,1
2168088863820451525,1
-3500958994512566413,1
5282476109199528486,1
6389222233422734717,1
2090043139199870861,1
7535219050952089517,1
5989979810018811315,1
7892153440976121056,1
6812255747276905847,1
1306888076909434715,1
7397061851375175519,1
4395929354328453402,1
-689156489341741077,1
-4604191530882766238,1
3254229955589809122,1
4292091869038041034,1
4954910376663844091,1
2396840145053188026,1
3528495948335226020,1
-478034364436548922,1
6698743670175984712,1
-1697903664989542149,1
1202838996382993825,1
-5051261561074185983,1
-5089152903530103597,1
-6913931894677078095,1
-4445084989436693467,1
7953614886604083904,1
-7787913571876383005,1
-4298292620356582219,1
1889499141419807326,1
-7780250835900538573,1
822671904398391475,1
-5216729538199311673,1
-9071347899579740190,1
4028958431262504846,1
-5757515174303835843,1
-1700247937262372072,1
6345861719620532609,1
5665983827703041669,1
-3812712648766240464,1
-7939373977295620790,1
-8604205642253891158,1
2036014500157230931,1
31261926650961143,1
4332850007409175025,1
-2995462515860897520,1
-700920413060096323,1
2369946349476465099,1
-3621173512735021441,1
-5612554876374161155,1
5483323138967507189,1
-89377872695672755,1
3507207804360920023,1
4768617363117123339,1
-562222670995013176,1
-6994269585244886275,1
-4228617887424476771,1
4781864851778995074,1
-5251309913650953382,1
6323445129224422727,1
-7955881372315536222,1
7613138832800329514,1
-6862765581846496750,1
5252503764958762230,1
7840172534182479609,1
3357362635724722831,1
-7243791065707123823,1
-4474523379649029526,1
6283246444670706783,1
-7116676070362917199,1
2573286002118135661,1
-4309980724765138010,1
-8761120833435788141,1
-2830157147825655993,1
1071233903617827608,1
-143138281514985294,1
-3000733873199113905,1
2370758094307592140,1
-1093807185450993404,1
-8249052115236073356,1
7529200599123853537,1
-2759026872590995063,1
5652775111594505078,1
7295031921683764893,1
-3196068117746729928,1
4246956702506150112,1
-7534938008139455990,1
4122275337155228748,1
-2848331425403398629,1
7809354916211241728,1
-3905034185394138383,1
-3929678976475706313,1
143829767754238439,1
2258724852611000032,1
677995370281863895,1
-2660388225864114438,1
-4842806278304116492,1
4175660903158401639,1
-6018942273670669879,1
9017614283591597355,1
2066910559086274554,1
8160648968865421020,1
-3472049054802274827,1
7638145167705286267,1
-1173767529559047127,1
-4304591014142151206,1
-7359781637884268985,1
6547764022462544905,1
2802137067208356690,1
297653591387236947,1
6906030640834792867,1
6354994710176482955,1
-5731924986835876818,1
6303266990323271643,1
1746547645205368793,1
7918719128418740970,1
-2095933907545629121,1
-1902014578586495622,1
-130094150425543276,1
6094934723366962814,1
447958531747371362,1
-9101214706512669568,1
3118273436687972216,1
4010346989065409472,1
-7617203350529518857,1
-5645019288270876831,1
-2604539526450045900,1
-1275078837271609941,1
-5396681735853430546,1
4376929104803914041,1
-8827561545098317984,1
1703653066860771572,1
-4432667046348922824,1
3244566709959515501,1
6938567909693794537,1
6085160224882468384,1
7271245294632053385,1
-7658014094542176678,1
-6349773439958069050,1
-3749772847134068310,1
-3463937986524646570,1
3509964304347583141,1
-8963056230401444362,1
3303814336326249379,1
8342692531913171932,1
-1231035556615809794,1
4316283680514808469,1
2532637741440139254,1
-8414394853196197127,1
9193096476287571601,1
6396311946357855037,1
-1521580421102089658,1
-3849744316236100534,1
-6161532137529182152,1
6131076006501048579,1
6339350549233347558,1
5543718242763208649,1
-1754006629063237030,1
7911285482397745140,1
-5035945422797458990,1
6765876631746095762,1
-570762256336330575,1
8629453929337674810,1
1355982144534932908,1
-7190569950323171076,1
-3969094118193333821,1
-5310417299653016493,1
8333764022189767938,1
-3149103563404752562,1
6630119379527903753,1
4618287264053380389,1
-8885062345742606342,1
-3869222237529084256,1
6731280903335774316,1
7652135342380869815,1
3781886391978452687,1
5773790590514490030,1
-1666747527621335121,1
7366954252090520585,1
-1112025823102714617,1
-2115721994943905893,1
-4392216088046439548,1
7428351381459198672,1
3607628569671942421,1
5237334849273321851,1
8374352972391720757,1
-6472306474573868128,1
-7890316529091993743,1
-256035733841667381,1
-4978221746893173347,1
-1870498220755711559,1
-2715843666846526655,1
2187991233016660740,1
2771400383418684164,1
11137888062439672,1
-2333708055446342953,1
2850383071613358948,1
-8576427557583069246,1
-5243348423233808044,1
2820797431172542660,1
-4605984236046086790,1
6330032231575052352,1
1015189295423400244,1
4327940231245471904,1
-4496881861809935721,1
-1961544299724252293,1
2613605143816064,1
5528541403072891946,1
53675717071909455,1
-4589595053099596106,1
7115018026908134871,1
-3176229072163744953,1
-5801203776226565499,1
-7224148091490982799,1
-8639672099018013676,1
5078099693074186754,1
-981472427206452749,1
7354745693552187048,1
7179696064716506583,1
5841981970570694780,1
-8603428145238148929,1
-7220753151957180304,1
2443729667384318346,1
8251624733486446911,1
3774835481625868403,1
-2670378237265783051,1
6081796462909908198,1
655391286242226314,1
1592387198588250989,1
-2035753914320784446,1
-1158755905141343979,1
-876900220277761944,1
2854514463030745614,1
2989088856754396904,1
271182721197137046,1
-6998608577016726188,1
1507063009342048196,1
-3594227518465696971,1
7732001073850235725,1
-5440077817030429579,1
8254155500425875694,1
4931235531314945226,1
41597688984838925,1
595208790809067295,1
-5507179066206420144,1
125310718971419423,1
2867155912335324118,1
-6377428138863775048,1
618914619447280418,1
9096529820320576371,1
5691289496823499565,1
8886738981642862799,1
-994584629987194932,1
1785240317629684275,1
1779200122016596112,1
7836459039866442367,1
-6019431960993574619,1
-6861696545830808847,1
1345040051975526472,1
8483166217475285835,1
-9195846907554412802,1
-4556555601150526544,1
3446062118312619905,1
7920481023784403301,1
5300823675469299479,1
4401773175469534782,1
-1833732709713589221,1
2568502340956719481,1
-8971960453536774244,1
-7972988232345900848,1
-2170900668326946337,1
7370610797309451027,1
-6594353858333516328,1
2140409604950915681,1
-2714422894386685664,1
-3814239502117190372,1
-7741936010574930790,1
3393605411603491801,1
7503426907846988183,1
8228313662093137073,1
797373787976519764,1
6632613217245016257,1
1089519392308881383,1
2213891050165775932,1
-6154391943688835854,1
-300447302874694440,1
1339258532245008691,1
1088337799546081469,1
-7660443286972661471,1
-4423341674902450799,1
-7000462681447825151,1
9096629617250845384,1
7431806464219255844,1
9033959268824114272,1
-4019731924378435196,1
-5078783705716550942,1
-7233935855510061268,1
-1701068950379138660,1
3543131397771660870,1
5061543455122178631,1
2127658697506064605,1
2494797433684920646,1
2183781169938826441,1
-8447328121980104692,1
-8540853309681046368,1
-8600137450089997851,1
-6690968431950594063,1
3969212016746143944,1
8046561990221906251,1
-3494187381315374704,1
-5099965452432644593,1
-6304896080132449816,1
1863181047861458222,1
4774210235155823836,1
4927793625824818149,1
-8455515449999330615,1
7942329394582230990,1
5823201357664587695,1
3936136536271501004,1
-4138324893044967733,1
5033945129431000239,1
-8265341873390720247,1
-8704231486585113768,1
4566821441801924742,1
-1536241686063012813,1
-44962826958479191,1
8762056357553696657,1
-7350161177332527545,1
4469892386539110616,1
-2446359719911691323,1
-8158913095964299430,1
-254412368397576168,1
-206705580901102534,1
4827737569716004897,1
-4533158470851960336,1
1255714308378865383,1
-7922762575256966286,1
-4445644043260249230,1
2506855256803514552,1
8193831983176004447,1
8245427383600102770,1
-5529881716720378914,1
7741064397874185401,1
3692424251211837584,1
7652385813647130167,1
-2922093567574924936,1
5339371773765743551,1
-4957593205329984203,1
6335692098923049985,1
-3629758982881302586,1
-3689072992188950334,1
-6671063414741617158,1
-6212343612184925442,1
8046647828335969927,1
-5363683147261003871,1
-5684081097496113770,1
-5532741303426298510,1
-3982335856252702169,1
-5512580369087096314,1
2800352744688903734,1
-9084889214407766000,1
3806022578626967723,1
3739497780225303882,1
6091718542545721511,1
4931206566939304831,1
8771966301654719,1
-8336876924060789181,1
-1359434451808469469,1
115394708798273160,1
5457742712285242090,1
-64754410991567649,1
-4979097446148928949,1
-7410538688179439724,1
2834263055974567619,1
1051570607759805737,1
5541936580019009876,1
7993378978787477816,1
2012425697127579263,1
-8706034156526875552,1
-4576626522954979768,1
-5113831745962420203,1
1141230069464357786,1
-5243558586141469560,1
3407134543923655178,1
8735597271222753872,1
2378616979977412090,1
-5710852035692624157,1
4756684114114211971,1
6497687129522278906,1
4478470672157592347,1
-4088588697963638245,1
-3633833226572772426,1
-5030733778978183392,1
4826637070110898994,1
-201392486014455705,1
7106947602216641387,1
7858711597227492019,1
-2120691725054297409,1
8197734349850644033,1
-9115515429514839281,1
4609627705851426443,1
-7284811466556080486,1
-4793233870479784498,1
-4756387717744571353,1
-1000301770983317968,1
-8829870096783232255,1
-7819326816995247084,1
1987501838576569427,1
-2495732882942663781,1
100647160587567268,1
8354164825408518753,1
-5551230636981896939,1
2205872076473104133,1
7232661844040593083,1
-7131862219362033836,1
-3399866655645930521,1
-5938624930951156481,1
-1432275308768983369,1
-5906988286820099670,1
6425112919430164574,1
4580997112912007571,1
-1195361158748168106,1
-8241626195385789241,1
-7771985939748395816,1
7501726253959663782,1
1182746500275085852,1
-7993105508649553508,1
-1061191119908797661,1
7151380788743691469,1
1560132831049114233,1
9192595091708627671,1
4020980648405018607,1
2591887384947327184,1
-7676944951145632192,1
-1798900571425993794,1
-8940415500102171145,1
1858062233497859396,1
-3280726421911830959,1
4699332293077665263,1
-5855028832287194301,1
671957450821905908,1
-154372863379747856,1
6219488437649559403,1
4421987591374961630,1
8338479570273800655,1
-2342577032245953766,1
-5231193342222277669,1
9026427643185843974,1
-2925685088393333986,1
7626479383180992000,1
-7778768389951703756,1
-8155236137722752294,1
9179461128667260596,1
-1614593819793481478,1
-3464011237029661293,1
-7790123977247139518,1
-6425055095419139132,1
148495539091707679,1
-6405949903319901749,1
-8550363234901521717,1
6577179850610600881,1
-6944659759366085362,1
4548098575228303550,1
6554748444676318894,1
-9178911752295251912,1
-2267337875176857234,1
-8853670446724296145,1
356485331879502243,1
-863629232527531552,1
7658619547939957250,1
3425639421294886775,1
-2067805717214032567,1
-3053627500831414761,1
6130233083512423758,1
-588152651360797374,1
8848263784792457125,1
-2530327541824130012,1
-5020843330416553620,1
-4562881150189441328,1
279194869365440091,1
7551585180140265485,1
8418737019394060443,1
4400913014215002827,1
4529117535445270461,1
467913376705129986,1
5853657927025338052,1
-5165657731245732531,1
-8735807970393659218,1
123649105647896359,1
6123212496354522944,1
6364229454100927002,1
-460257363588853197,1
-1268286947290717197,1
4351276731980218374,1
2169471854313858748,1
-3299442919936119957,1
5829117058501379301,1
4043530980256864470,1
-1315366137022157583,1
-8894303190007336907,1
-5293035139898139024,1
-7632583025134194203,1
8099641183002127317,1
-7011070876761122625,1
7101470082152575666,1
2821107985000186293,1
1609662769611721717,1
-3547709960693629943,1
8567717109444497122,1
-4307279094232740610,1
-3054671938530294742,1
-3108278336017168691,1
2282600876072791946,1
5166905592984484800,1
-386597173751313141,1
8872567830287686144,1
6035414720588036487,1
-1270384119322174236,1
1209735251931839203,1
456449174863908305,1
-8367890846497227196,1
2427213294876267909,1
-6085958224102057440,1
1427084478955393426,1
7634291185356193073,1
-7068375045854169707,1
-4741297460183355355,1
6117670056829338946,1
-5213316779267954262,1
7914841999508818189,1
6722299370412719941,1
-1582274079983942317,1
-5887489431971303568,1
5937822960497640143,1
6232561634319687477,1
-8207519636883701795,1
894449516924417021,1
4186204107107207964,1
-247548303365383344,1
8790395133043074604,1
-8610718497247054989,1
2015701302832646181,1
4278912038364067633,1
-2751337567268528180,1
781044123668428673,1
6579089436211314647,1
-9179624346806958482,1
2120181077594592870,1
3445454580921152708,1
2620823125836661670,1
-4087693011680454214,1
6426151239632188427,1
6376579889162875385,1
-5205333149040403987,1
-6334585066044076243,1
5717726958344861225,1
1634589637318795718,1
-7684417734805399440,1
1619993479697370784,1
-2112875249963016254,1
-8077272583715856713,1
-8524654105229269021,1
6827824302616648855,1
4681687666123204309,1
-3046635083557803758,1
5669346740598936598,1
256076426707948558,1
-4657012014147955519,1
6190396060722876332,1
-1882300268853057257,1
2533662967843356194,1
3152672980922399585,1
6074851784273609284,1
4617803767973487615,1
-8116239848000089864,1
4905781590090150171,1
8867268690372575315,1
6399614597296834254,1
-5871350204124686348,1
-6733631263375845274,1
45442005080955745,1
-1989877759430393626,1
1222324376381750320,1
-4440144144597487051,1
-1947982697507913768,1
2591744055228715521,1
493921552763586606,1
-4988369986901661401,1
-6339383447132091451,1
5136876188908149887,1
-134202581443534395,1
-1515631993107283745,1
173966634027864940,1
929326960520160421,1
6635648988141523724,1
5877990225820705484,1
-5725781183600340916,1
-1016896201381900603,1
2587581705433644575,1
4366661418114417705,1
8689152610993763930,1
-5526827866780206914,1
5568154588431354949,1
-7036909396649734199,1
2044831214281754893,1
8548222965926478965,1
-169711326706744610,1
8529112767604050233,1
8875477680127883556,1
-4358823658502084899,1
-5193485917960607592,1
8747307019476557271,1
-4283119355865944400,1
819892147691271567,1
-3148654681988950278,1
6272347492023488470,1
-8656254468607415004,1
-2249949746756181080,1
-4445750918652335713,1
-4442628914012587382,1
2194002432942072972,1
5003612207079821938,1
-4191404636606552984,1
-948286646191902891,1
-4495532582727651977,1
7085032334514971314,1
-3988688180692986071,1
4125335313157015564,1
2306403117232447133,1
9031169794727287929,1
-6389227718711361155,1
1522852223260753756,1
-8403862785474175172,1
6947397065771802063,1
6327303972878552413,1
-7161547163262098456,1
4298499828263070648,1
-4220123005570967285,1
695919643740740616,1
-8479888788074748512,1
2962005918834147007,1
-5788120394874879455,1
5024934408053390748,1
7226061262830817601,1
7163592139910560778,1
7266454519740827538,1
5262544277438229140,1
883374499073334383,1
1155468850353100626,1
7900365167009924521,1
1171634424045748269,1
-5346195695221393907,1
1007760319143127196,1
8386413312042290888,1
-417387383451088942,1
-4262729027754014161,1
-5088104490417287920,1
6647832212994757867,1
-4875631161846584422,1
-1774487323106299950,1
3516045496880755838,1
2933725173149326000,1
6780208149040167265,1
5878699435654355282,1
1195457690601619922,1
-62868734393279144,1
-3812588084468613163,1
-90470566501336576,1
7054916425317125532,1
9033468760072968148,1
3652173903697803179,1
-4131504419756112141,1
-7234943350743560743,1
3382542276443616598,1
776958034637181036,1
-7123479994343924883,1
2749445898320310516,1
3168292981069417249,1
-8165492430040407124,1
7012388682249496309,1
726767547031861269,1
2528863691988132820,1
-8605362446002890996,1
5192469975743611215,1
8165649319990336223,1
8793054132982725320,1
31005404758949321,1
-1390216217716475566,1
7542041949911425113,1
4258488000650028478,1
394232666286499313,1
-3094740717254629959,1
-718592664631389340,1
7403676169019105666,1
-5677258540158669231,1
7716762363937716296,1
-985592380016602726,1
5301587933851951136,1
133382529060443534,1
105588847789044745,1
-1046506019657275536,1
-8385990944302917615,1
7687377564518206368,1
-6925817195599209865,1
2184674053630160925,1
8580099787448551612,1
-7118099702598396405,1
-2514854392763795020,1
-1805939818012754679,1
-7038449706521043248,1
851976473823081073,1
3044796423642114786,1
-3280446800585545786,1
6563368047054048414,1
3696371816966607218,1
5393130486822065501,1
-8592999894451659971,1
-4358024387194011923,1
-5570513820908198567,1
-7375860323712604223,1
8877898941622285654,1
-2649932591199739239,1
5294881514723528825,1
5884860966655825626,1
3005167348771658470,1
1273674163320599706,1
4706395792131010364,1
-1084830291126173202,1
-3687245968641246602,1
-2143806579037319918,1
4079411213916647639,1
-8258280826873005719,1
-1010308240296969580,1
-440162432235496365,1
-5790902700906655779,1
1267467953569573760,1
-7580445121781330168,1
-7787735226793739036,1
-7885043166455238516,1
-1230878580164107638,1
2688109510606252114,1
8416518771845950747,1
-4659386042623745179,1
3667034827108312801,1
7185301741621934002,1
-1274772931382246654,1
1871143657081357241,1
-2705990033438831627,1
9120676442555001624,1
-2906642010970323346,1
1959446645610393317,1
-9169243176177409789,1
283467226022126011,1
-6797195278709898444,1
-3858611710494743905,1
812949638220852582,1
7013957183220957712,1
-2902983567871493074,1
4842266565671165696,1
-4527691095953623974,1
-7163200545587976051,1
519457419661677930,1
-187385252653950029,1
6995256656588325874,1
5250009542268682332,1
-736263569925894469,1
-7154699101220842773,1
-8577576215892829423,1
-1993290705248908970,1
5961311643791020591,1
3414358354312118285,1
8497255274867284596,1
825614581207308445,1
-1435801643228142210,1
8981578091496063674,1
-5665831827568533917,1
-5230010470613385120,1
367649111007575252,1
8596405343224585222,1
-3465946613558961634,1
-3131322881313939404,1
-2980593950726537302,1
7405379673154268532,1
-686616427410496794,1
6269350141224462210,1
1746573902351713875,1
4914878360626471404,1
2476026595662086997,1
5180144391730269912,1
3810545131889895403,1
-8853134167200294490,1
-5670987514702493145,1
3752557287159117278,1
7522084637811867827,1
-1222485176899641459,1
-6078899446863377002,1
4572498180910584926,1
8969836078551697124,1
-3715411855586393676,1
-7888986141581958411,1
-8883722012528594433,1
-1684656336439163762,1
-5789643041170406935,1
-4803380322028031211,1
7508909803273351425,1
-3745882576321702259,1
5691950961907800619,1
8718404987582953250,1
-7456417651783633092,1
6103093453859480400,1
8133784918831882287,1
860237456822762164,1
5892625395078960159,1
-424793321673352548,1
4235913173444859357,1
6238663976292453081,1
-2798397438635161450,1
7848853299181418491,1
8385681577780098370,1
6965975550306527746,1
6499742731735404827,1
-4238107245218171367,1
3486063066079397075,1
-3102967407301219521,1
3120013731853407367,1
-7477240710126734919,1
8325161600700797287,1
4066091701129138919,1
8994624967434750115,1
-5404351615548658692,1
-7764257322288543026,1
970947716728941273,1
-4596589371470035223,1
-5377519070451390651,1
-2994739400703580972,1
-1009681883593958689,1
-5028619183410430464,1
3740313638375165864,1
-526399810997207718,1
-4254878150851834154,1
4081989060448997100,1
-7750072218217184960,1
5318864940794719845,1
7213797586017340348,1
-7802757039316473492,1
-8636809587459178751,1
983903062810493125,1
1122347305594689091,1
-2037384581824121178,1
-4218413050573080319,1
-7013325426294667077,1
5396853451269881009,1
-1366411124847174179,1
7079806113410317565,1
1687519659592101689,1
6559417549619388759,1
-6922154822407002442,1
7330006803702856370,1
770418546366380456,1
-8664882855021615527,1
3082618793914313032,1
-8287162318017313024,1
7979409940450802218,1
-2392055268096963964,1
5428184443873089534,1
1795175574378280456,1
-6592464900541116691,1
-5061342082353713351,1
-5270482301225866977,1
-5802187626775970463,1
7723995475085175932,1
8761906302637617442,1
5036002776552524267,1
-292065290775201723,1
-2127775149886163483,1
1541593262544162545,1
2248862420892147734,1
-6457886454345987295,1
-6224367477432368718,1
-6498232256339297137,1
-2816783894883442708,1
-4175682065545747229,1
6102268355439015746,1
4472251559763511231,1
-6237115661505509279,1
4195951673758595752,1
1621012795996263968,1
-3989880609671407173,1
1386446723234588187,1
5074401228820719639,1
-1670731857414276781,1
-560778923956977107,1
4317468229831269969,1
-7210568853732631399,1
4972607372502882746,1
-8296849133615323713,1
-7996048648856629924,1
-1580373515676484121,1
8296493783103290690,1
5581679802447060667,1
-9095925097479307951,1
-6575352896117333336,1
-8686928663992576738,1
955399572881147657,1
778346100305395285,1
6626909907143220805,1
-5503336774156314501,1
3939991755083891742,1
-3157576248482392312,1
-3480827793110292293,1
-4434945142130702703,1
446664662177882186,1
611520957120183954,1
4389722164573314370,1
-2702090950127328271,1
-3238247811529314080,1
7609748306805359089,1
6671820004491756732,1
-8503722913139691447,1
8388797811114968946,1
-7133721056316433743,1
6401467776229644862,1
8422061849653134383,1
-7416515795030712273,1
-1153902259924951499,1
-60271025127873267,1
-6314646818654108164,1
-2775533860928632290,1
-7557553267597876290,1
-2621104695446380423,1
-3937670797273465702,1
-8217397223206229878,1
-432665514223299025,1
7068301315290860249,1
-3438299635914427645,1
877731255741263144,1
7317724520575989890,1
2514461486743009203,1
-4164870073446176339,1
-2245462552819436059,1
-7185888529043226253,1
7834809939868823675,1
-521691313906455548,1
2120178326403492876,1
-3595215573001119852,1
6613166842825350106,1
7211640747265803712,1
3762598473478167605,1
2819008484214479201,1
-2760282090235003260,1
-3919854762087391087,1
2423915054714737348,1
8032295216122359644,1
8806289512424632091,1
-2387338182875820148,1
-4703057341985766500,1
7458596510835346372,1
8605752625474333933,1
7238477962199688189,1
-1405046965189844878,1
5998920468476906059,1
-2104443715955829315,1
-6665292000817925859,1
90964371928699860,1
-4647313154610047566,1
4267593649114287014,1
-1707410922003527212,1
8433545157797332362,1
4462512640455676431,1
3245754303111384863,1
-6921306484057461609,1
-5187607871081452868,1
8766189999900906254,1
4256282886924083430,1
-5289022164768550690,1
-2715472709043234051,1
-1321859482399854254,1
-228076824436479129,1
-7865283669462007216,1
-4938951969343805664,1
3597434216429801064,1
-5819444007054522924,1
5145220962074544162,1
7121366427334169557,1
70115140337002753,1
-739682563266423812,1
-6413527456480007559,1
3464132010743271493,1
4598153347273715126,1
-2371106785976511885,1
5099647115882623989,1
7370671838591894713,1
3617605168865180788,1
-7428402041522846679,1
6550203541603423688,1
2129464889533306838,1
2066074687648412103,1
-8303947096912032797,1
-3295938211054829316,1
-3898754115883754334,1
-1819155432459283209,1
5592046815203024413,1
28414327721097357,1
4592433621156344850,1
-3648990395380232684,1
-5299354914425215511,1
5657851019622467370,1
-5330669859421450194,1
-3894325947030076557,1
3700365742593118366,1
-3364250889810058133,1
-7930920549128668593,1
-4325653074936713587,1
-3259313810176024501,1
-5950800834350773557,1
7537183081769034346,1
-6805272507663716276,1
882287842785108073,1
759370984342795571,1
1441597911572898074,1
4132359476360400075,1
3730151322680575780,1
-2554646275312219752,1
5886960923651065807,1
-1453646362146081628,1
5905932143042593898,1
-8228170876135803968,1
-8284199748232817374,1
7053573415146533629,1
-6802293109656662085,1
4210230569340929047,1
1123471426045777861,1
7044262316756352158,1
-269978760902169517,1
1312873642096297935,1
-473041418081003048,1
-1348765660274914239,1
7392366519599802447,1
8089628665751356510,1
6940874067414559363,1
-5902077138991141144,1
-2617393415663243046,1
-9082402076795747746,1
-8278491649070246979,1
4856477045710770753,1
7967171763252907102,1
9097717272009964371,1
-8581227266289254833,1
-4752978404934756494,1
-8376528445059742342,1
1416813611994277596,1
-3670642266613321732,1
3875291829091103576,1
-4307059627179498263,1
5007372857684475471,1
-4852041008389652186,1
-7172304937338945759,1
-3242450451132252130,1
-5445073680782277516,1
7901588262450522050,1
-4608739631070297163,1
5810915075317515164,1
-6047182130690434647,1
3056115567957617392,1
2803999442173761056,1
-7315406358341243620,1
-8604612959108417352,1
-6502605374272455633,1
-8015861311335223022,1
4564507576092276007,1
1952745703968764664,1
-3822762073419285559,1
458256055539512256,1
3109852195159458380,1
-4249848603099181724,1
6290377128557299972,1
-147726332064149746,1
-7766074801737041593,1
-8924232223510545509,1
2341786267466584977,1
2607686520806629767,1
3940800509422824292,1
-2831745837893219876,1
-9186940440870366411,1
2046721403802016053,1
-8756488973746953187,1
305931820915466623,1
-6509138052055536401,1
-6189508077990542294,1
-3908045078258012993,1
5604057617864751279,1
4958117148255633650,1
1560519733354576044,1
-5139395671346553367,1
-2650711981083037086,1
7545029486656520670,1
-7451478058950568729,1
4070141885940470339,1
-7718466458011582303,1
-8729807771112590930,1
2695799627589524087,1
-3713550665350598487,1
-3421742302463383639,1
6593326419388556654,1
3995381259795036875,1
4281353566732915041,1
-1460400068566020920,1
-8480374457500916702,1
-8820635063934838443,1
5744442644425699635,1
-7124988817441902940,1
8029179570195501176,1
2002402041697626998,1
-4770444717599646171,1
-9206121002128676944,1
-7576926638444793487,1
-2472143583631963994,1
-3192692181129895784,1
-3409348657912844180,1
3740780122550322152,1
-5635599727469457402,1
-434306467875260172,1
180059717710157034,1
4613341713525161835,1
4594844348668084108,1
-791966885785427326,1
8117927261516553397,1
-8292001110956388954,1
3428132634736121690,1
185940261499042503,1
-3637250532064466969,1
6275240718834013326,1
6154363477385206739,1
6355421751402432550,1
-7772543905830173756,1
-8925356998867415058,1
7451242790836278180,1
-832238935860588150,1
-5859255065544042312,1
6251952570865737843,1
505081281217566893,1
1606066617627644658,1
-7391482219695736020,1
7895833936299195642,1
5375687713246388268,1
-3271710019625408972,1
4963675765509684340,1
-1446561053561120227,1
-5861536480223269104,1
-289668481946424693,1
-7150720585515245657,1
392512440816545485,1
8255111933253754717,1
-4599231376996819538,1
-3503032126056186926,1
1982156329176188293,1
2833905897192737195,1
-8352738293960816981,1
8477058532334196531,1
4730179421079465676,1
2840745274352740138,1
90796644124681199,1
-6452111505290084743,1
-1615848473943247540,1
-612198200456097562,1
-423653973937347742,1
7362736426067131133,1
-5248960853166673002,1
-8016423124698202529,1
2378575541197885744,1
-5059521090431903947,1
-114082807358344008,1
-736157732248604918,1
-2881074042642484618,1
1859973142270810243,1
-9203335660791567769,1
-2103722354382121891,1
-8058775332943513193,1
8069240863766309672,1
-683224711796499873,1
-5450395721515931977,1
-6286242502066680361,1
2057575951071461553,1
4270588193447561781,1
8379093354741456600,1
-2705256475554322329,1
-8752891671811241651,1
8894889736253468821,1
2086699694530911130,1
-5012357972062875226,1
8262852292646609406,1
6147373254706034279,1
-8280431841897995563,1
-1972078880878442740,1
-6284362383515403682,1
-83545816191991481,1
44809416761315665,1
-340372403786497668,1
6555952811098121711,1
-8919939217159196456,1
-4802781413225598489,1
-2154662012512145382,1
7925006577492107364,1
-7501399671172064593,1
-8452710845886920596,1
-7081366457531279690,1
7115833521902114542,1
-2718166298757754319,1
-3081427875906555234,1
-8527862729822165670,1
6363962146671254828,1
-1264378020194513395,1
3784391566909541394,1
-702520200068888075,1
-967623661503853787,1
-6069071556590093962,1
-9221977782266133132,1
5287027968447028966,1
6731243782230916756,1
-6971091938020335169,1
-6839974622828867838,1
5255597826548877707,1
-974870416702218956,1
-5381932166123823102,1
2019654632361591482,1
8699650165164516654,1
4409297367508811126,1
5742746488396870999,1
6588593386954063216,1
-2824864639359606802,1
-486324205030076780,1
-6291313242164692689,1
-7896490509146757250,1
-9119990486490271665,1
8713010828765965138,1
70539695666587135,1
206392142741367839,1
-6815557075197612936,1
2494400170289775024,1
-5301810644764896074,1
7146694565596676403,1
2268608239269221579,1
-8205200837381719479,1
-2505059659488881727,1
7076487261632142558,1
5526599975382099192,1
2091686286672017902,1
7568964573329949480,1
-8592263267282921493,1
-4288372322717995808,1
-7309502459264073675,1
8728222984110076593,1
8164085596834635603,1
-2719284429455594910,1
-8443033905638279138,1
-3657731096677290978,1
2713357703117389652,1
3762315055662618948,1
5895682450653074441,1
-4490317701521874910,1
4886607652800120259,1
-912331431985463600,1
8032638069558375732,1
-356208899987675209,1
2799680046677745513,1
6713961462595701538,1
-5478352624803114467,1
8466676239760245620,1
4815919292959283593,1
-4080873194866100082,1
692368023592170864,1
-1937827728605894980,1
8087760603665427907,1
6691213190984261771,1
-5737923092859360478,1
-596689584755894277,1
6373554770026808242,1
6635551174034191998,1
-3524113027606665873,1
2377827112047026001,1
24579957588148594,1
-4290195050041854177,1
6323031793697627776,1
-2614394944418965067,1
-1968294002460790847,1
3389504477777882825,1
4236834291128678704,1
1636760456391002448,1
-892922398649355794,1
5476311577657158302,1
-2969683172390003609,1
-6987678080653948339,1
3948302811800287900,1
-3719378329510984904,1
-4542531767887721578,1
341261195235772585,1
-7688355598456596079,1
-5293796284273686978,1
5910370171400150838,1
1177437499668263099,1
-3504110369535683939,1
-2965188725863858125,1
5585344054030496477,1
-8485280064141099530,1
1670539282792110653,1
541381972404047617,1
-5872072445457755275,1
9007833714551321480,1
9159520196787222315,1
-4145254383361655535,1
-871253347284458010,1
-339180450708027647,1
-8844323208088168232,1
-715899017668184949,1
-8439037573948808808,1
-3183239362987261375,1
-5854033705108533036,1
-4889148797018074735,1
-8441535509970430981,1
1130066003276921255,1
3016765567397640285,1
-7806796439451503104,1
2960855062403376870,1
-3303387177389059417,1
5492398982624713073,1
5283807966971006342,1
-1969195516469078768,1
4877443491508498456,1
4040182883177032351,1
-5765347191446596158,1
-2086558229991827514,1
-3446294834548972266,1
-2989314310075391797,1
6077750787457359513,1
5842288463049658672,1
7037925520628811100,1
-4078745538574251439,1
-7950961077495545836,1
-1502832554977774346,1
104762644410978284,1
-3401163262167503212,1
3054904715810811176,1
2284101300663674238,1
7996847500000415606,1
4289739851161549138,1
4014178807591178214,1
1720385058468398792,1
-7883735836242447080,1
-4680204636759507266,1
-8477605630571946910,1
3568008968959245839,1
-369441866418420118,1
3614445740506926850,1
8881425765615457040,1
-1509251572692127198,1
472398420480192235,1
-592394856075821529,1
7728274140013271175,1
-6965248414574919691,1
-8048975991994632900,1
-1354289185715985793,1
-7838140176219020104,1
9094994565299019762,1
3573632250113407371,1
7698734773561413974,1
-5416607439824322036,1
3737501021439678371,1
-821394874366208627,1
-5215981476914167762,1
1423984050466201197,1
3415776908927769446,1
-1147105386011374857,1
-2184134366103258678,1
6523219928698867525,1
-8245739219233348163,1
4649767447681934922,1
7075243599477823726,1
-254011759921989182,1
-6758435269937972108,1
-32008326377665193,1
-3671346890166089039,1
-5564513572311755027,1
-8513618121822358814,1
8133323394222715867,1
562940141970991830,1
6022106942538554388,1
-1981686620049709036,1
2428241523845208847,1
-2682110540877862981,1
4522586761370349976,1
-4831895433909680960,1
5265726839737556910,1
570153709979434685,1
7241021890206061013,1
3685841966804875155,1
6282823897190868701,1
-6124874407028656219,1
-4239909357989557076,1
8562673379730446640,1
-8215312199606566491,1
-3382552805542616758,1
5038038206224024700,1
-8118642444834535273,1
6516773518958021643,1
1673888085334541676,1
7585423189261926262,1
-1458002887883965327,1
7977610205579304062,1
-7395682183561817826,1
3774388659381406887,1
-4837294922184784913,1
-7055071518132814862,1
5883621665521985396,1
-993018522409544685,1
2731561944963001108,1
-8650713308915787754,1
1287557320541339999,1
3275155859128808319,1
3487034494908779270,1
-8569758217219457858,1
-5736475422446255799,1
-7058451805267442127,1
3928492199888599715,1
-3973649397975996506,1
-8491860929292664882,1
-5644029312010793846,1
-8626662878225103729,1
-5418825543969053246,1
8793078957816602912,1
-4064082168602935117,1
8561794435636171445,1
7729490051790887359,1
1553481629889839117,1
8100840088636531332,1
-5733018420854699008,1
6088530748916685885,1
844908934421394398,1
-2590306108807255168,1
-3333406075662161126,1
2037637703751854391,1
-3782237527785192247,1
6336670297649313053,1
4680194353474132782,1
-3007293669446245399,1
5491746771887524680,1
4782216433579692904,1
7339076110840819448,1
7957942167836084437,1
-3527747999989118255,1
8095180913918674804,1
-7843761925139462884,1
-6020533291352910578,1
-6203518227165901650,1
4578952664555068904,1
7400977573331231432,1
-2044820954568897913,1
1003850128602688680,1
-3396088339313673349,1
5485402332785648175,1
3538062412045932894,1
7422622971471526545,1
-1967389686368967718,1
-791282252886488777,1
5440447015824994905,1
5749770736648646048,1
-1204508892613002920,1
-4401965856520378512,1
6627443328832267646,1
-2077765049114691073,1
1998913010642245161,1
-7870403366180303861,1
4316468806894969091,1
187782945164800897,1
-1053187322742199927,1
-1963376647286618043,1
-5331808069652289377,1
-7311267678204791279,1
4121398727969321086,1
4797498232489229880,1
-5828809507499345188,1
-8825555471091472022,1
3485258172459970904,1
-4209236353816575751,1
-46023223016512414,1
3703068420801491060,1
-8748548809347133282,1
4612462766995221982,1
4396271932592844880,1
8181831302806101317,1
1786244964684685795,1
-3540235997745848339,1
6430019561077371947,1
8198831434355797990,1
-6742804094895504910,1
-423637677052354471,1
-6836279435634121973,1
-6069732996130087978,1
-3843323351768628783,1
3203832378119637315,1
3882383438498425532,1
3419363416271671082,1
6755084216946150043,1
-7262142092518913095,1
5565759597800825050,1
8506852996370776210,1
-8247817663504855639,1
6228766828047948622,1
-3802725216821041352,1
7234555985566111302,1
3440952448758897082,1
8184565959117381426,1
-7820368144609582629,1
-3293379842852412260,1
-1201837030588062545,1
2925796887010966478,1
8766128754481506179,1
-6295680149469859491,1
8975707794828511481,1
-4277219880339841252,1
-7860652840802515279,1
-4729009495449944845,1
-3489223691732348411,1
-4526691820820652033,1
7855385051650676899,1
-8327885921383703668,1
-7551404290611489677,1
-751827912039017622,1
7607196644747713452,1
4638894036149656658,1
-8176922528918687233,1
4653144035708885894,1
-1319499649105057174,1
-7368979040792980258,1
7993904282411081015,1
-5870406743346576378,1
3098626776363274751,1
2447815683284164664,1
243972556193505243,1
8162317750749880734,1
8377061892223538840,1
2621899634942999417,1
-4645435255449368344,1
3792426755787653136,1
627455937918288511,1
-605675657750133606,1
-8137785186721784545,1
6646194909017544478,1
5585375397877368049,1
2119735222843197324,1
-5299598393674786827,1
-6495992256470303220,1
-2969423375367678522,1
1802820098597197448,1
8655295300646269353,1
-3520955476445592787,1
3737171543133827614,1
-7034676339525937453,1
-2370710943866890976,1
-7307426355995493853,1
-2422253270009786770,1
-2937548653567089846,1
-8677607801530792422,1
-7662799419496888562,1
1843434172926421831,1
-7095513387884374722,1
-4194921518006145670,1
3975102174188754716,1
4344347205353673480,1
8539593963305882684,1
2278915879972954214,1
-1984893705907390199,1
8733368741067704942,1
-7420057721392829402,1
4198497548034177071,1
-4682660945042781415,1
-3338969961910569839,1
-5043066011870413757,1
9139442931881084314,1
-1936492085903133296,1
7765457015676704590,1
-4848135963563327201,1
-2904659864752101360,1
-698149252204223864,1
-7432814166860585598,1
-3626204016527815348,1
-7721924076224412533,1
-5705167265260002423,1
-5365249029682097609,1
-7753098468477402876,1
-9101685151157224186,1
-4606229973344864624,1
-3808716964868116389,1
-1082702204880290594,1
339739082218844497,1
-6225069868189869284,1
2763666376798875072,1
3437742766844917442,1
1983677749686622357,1
-6076880945644404681,1
5555110209369571912,1
4408094652299430155,1
6487343964252203306,1
-4446595053539016013,1
-6828183321040849281,1
173189258982485687,1
-8935345903882728475,1
-6985527892773676124,1
6424775937577293871,1
9133308070096635324,1
-1443267104767077766,1
-1101666759387333651,1
-3120216383733449447,1
791489421651623520,1
-3278366812940774911,1
-939776060656715905,1
-3745434498054437050,1
-3309721057008826512,1
-270365505054843023,1
-8595099115508476980,1
2580122355593380417,1
4190319607127780505,1
8449150470758973227,1
2266014506362905492,1
-2441913265769820451,1
8191424327291730812,1
6324499360716871602,1
8722553057995933292,1
-6879394513570712807,1
-308944962740392274,1
1793435461600677051,1
1399649151440217363,1
-3492147000150679412,1
5489073716209523656,1
4188263112193610959,1
2331374938452258707,1
6019469147836773374,1
333730329961592527,1
7951757152855521476,1
-8042974332256760412,1
6003900760380016820,1
-7245989213932918380,1
-3256630998664943651,1
-886598841649273741,1
-6030688956614737762,1
6770458783953702237,1
4634627599653325355,1
5642143301419649113,1
5577163091476177790,1
-1736890408192794889,1
1483067830325037448,1
-224666910273362646,1
831415340102108771,1
1867279481865869092,1
3942244363188029498,1
8718056942821969657,1
3642546233726533296,1
7967993189845354451,1
-527650245970333817,1
-4560979599899308925,1
-2491226496941433960,1
-6723385542531064840,1
3855607789870994844,1
-7588729009574198177,1
8140835847333758545,1
-5344046783730061757,1
-217034520421495101,1
-5423159149398284240,1
-7572270244218451800,1
7750705716186616370,1
-4334814751461903866,1
1083828874204789320,1
-4429393666535403315,1
2688289382926959723,1
3129025587241582200,1
-2360553621654430516,1
-2248973906136629000,1
8635930690390196687,1
-2965362562000179149,1
5715873374711249555,1
357854017991051190,1
-2273708009299893095,1
4781785267331631673,1
8443846962076928162,1
909782288197416107,1
2099823729178639176,1
-3459479320648306922,1
-4647058427516933209,1
-138955137723130622,1
432558431055522776,1
-3647487173282952325,1
4637648625957867438,1
-9211791058354760852,1
-7082247537610250201,1
-5298860454180449199,1
2676953958510451843,1
3780369402241201113,1
-2839248126520322214,1
-7751001609260300711,1
-3414945442557118214,1
8984133552692971262,1
8573370503729203380,1
-8229685073160035684,1
-2924681211667977382,1
4540123185621778563,1
-4888235981376465266,1
3513841770050360581,1
9127242669953446217,1
6793323431592536798,1
-6031699468204303841,1
-7186842955775484957,1
-4779601299048982639,1
2760178586289847142,1
-8120642158829512236,1
8276261344912062485,1
6227228657291686569,1
-5991947733962950572,1
1931968014295324611,1
-384427304181068211,1
2105354145385904854,1
6290021667263753833,1
-3865694348536160453,1
-7040713805513797617,1
3619700239411408614,1
-7016493845931359411,1
476313154360754967,1
28181549029425886,1
-691297864031795972,1
592796210863459294,1
-118914809149106267,1
-4964602133723283665,1
-9163507191226501865,1
-6166127407724031102,1
3762893447449608683,1
8690393203324992769,1
-6290920842135561074,1
6254407997409387531,1
-9203231718862191035,1
7139219387732678497,1
3795637789981181464,1
4835617213247797122,1
3072384015180375682,1
-9030092145412225626,1
-1490121309559062418,1
625318270331932482,1
-1104052073050441030,1
-4707488090644605724,1
1971384126961577490,1
1855253712711482978,1
-1638468832731475681,1
858749018282101985,1
-4410438529652428917,1
1312169990558458453,1
-1831822794430104370,1
-7523384932320635062,1
8390579411593909864,1
-7383067606560296845,1
-5164975986077111735,1
1006457746313084141,1
-1065571715418917433,1
4914991704162498549,1
-3946116594554936017,1
-4268438313698465164,1
-7579112358532297256,1
1445490169444976185,1
1743735894888169540,1
-5908941347152514894,1
3748251624013702590,1
-8149754754684920927,1
-4325526406215558367,1
6117918054920138716,1
4000336905706943753,1
-6796240832696503023,1
-2166038837889950294,1
8160099112819393719,1
-8702772575374043567,1
-2073857054736881788,1
-7206043755071602247,1
-3590326201724870045,1
-6663448037769072343,1
-1674616046636511386,1
-3750679258084179955,1
-3024841819748942226,1
4216459425051931234,1
8819189099340483790,1
-8645982238925813020,1
936145169956974692,1
-5907657083380276489,1
-3194519971065041702,1
-5987682433457523243,1
-4563491503974251913,1
6647802299704768840,1
-3723668405049593252,1
-4447220516504339288,1
-1773820733556068792,1
-394934807350035279,1
2875410892909235370,1
-2687025112048389259,1
6603960003107718515,1
-2884306070575604732,1
894112899781949665,1
-8658239253472537001,1
7884945541076598444,1
-5786356257998931194,1
-513263882677440834,1
-783475391842731544,1
6592673142649762235,1
8246407513766643683,1
-3301150692907340756,1
-7040723043503386796,1
-8137960338541434303,1
-7485924683219349061,1
-1545398013488646893,1
5332732042886942701,1
-5976681499842902766,1
5011623579241168629,1
-1834275455071432936,1
4345354881957484644,1
2254439190094712327,1
-3475798363624968071,1
-8116677452455706760,1
4414902643078848497,1
-541449327168296884,1
-7232822888039334527,1
-1771453232721311963,1
4708316036229099574,1
792382025593012533,1
3611110873667082244,1
4648591771188954406,1
3464891464483488836,1
-8654256964073077612,1
-1868363551554287639,1
-2446626638486047150,1
-5569523090546857387,1
1250434740239768731,1
5843700475065804441,1
6427358969784954539,1
3472060496549685071,1
675021302852249982,1
-3475198104098168303,1
5853647496903120296,1
-2168838866882259315,1
-3514815977116321205,1
-6632316252418349331,1
6580898643225148156,1
7958809325624917924,1
6449111700352787116,1
4812373407114690887,1
7909710539490897376,1
-1436489063846279387,1
384132930491636187,1
-1077598124385987749,1
6401945991806912650,1
6815398766500511295,1
6909932482509724170,1
-6897590564652981767,1
-2998134714944515880,1
-1382802671506468680,1
4095868853575886082,1
-6972933502507718849,1
-4438153462669933766,1
-3487211780543755510,1
-8162251821207121861,1
5846735256903896920,1
-29288415385322034,1
4781063829372021417,1
-4212308315267235418,1
-6567924521874581393,1
-5509490971376533068,1
-4772144110987649631,1
7973936560906066483,1
7299600221889842279,1
-455997274853224988,1
-5571820582979012312,1
-7815346559352704863,1
-7693966340545607936,1
5814958101348969742,1
7817425542200240764,1
3400565547877416662,1
7695480768044744738,1
-1584812067267077561,1
7926596388761547442,1
-3746729745456837559,1
-8972073340528814830,1
-3457366142811595350,1
5000897070270626843,1
-5191677949916739252,1
7951765654684085340,1
-179122780141890819,1
5322044077061524719,1
-1010010576517913039,1
7777393188896489696,1
-6758811222763733199,1
-4904865463143544679,1
-413593817580894123,1
-1420434329468908236,1
-7686295347849399025,1
-7939918554016228975,1
1080364344634604939,1
-5890154958158368578,1
-3603063254567180515,1
6107333193389116973,1
8165286573932353153,1
-2451297971634615293,1
6709768345841232093,1
6214986500817905458,1
-3202353349591484750,1
990138969889630658,1
8416348255610059217,1
-8897832569268497281,1
2680249605163290046,1
-7487288646277414165,1
5883435197984416051,1
-5519067356637757972,1
-948942559266517140,1
-6937872409113835529,1
-8334580906224502310,1
-2678027882556514590,1
718121845819421020,1
-2497306887472810432,1
3139508285433705742,1
-3900711343668850925,1
3449241400136681933,1
4031308286732080475,1
173875361760626536,1
1569880014901490266,1
-8833991354994274491,1
7844869252203599228,1
3849196353022267869,1
-4610262143361048802,1
-7382157380469094045,1
3908115694435069034,1
-8092369759930635144,1
-7594677475987952806,1
5974322732818460196,1
2137951138761755797,1
7487240519250911518,1
-1114799899129138490,1
-7661290056404945734,1
-8515743032315121748,1
-2542376601719305221,1
-8003675337001333520,1
-1026603202477733512,1
7791060641453255092,1
-763236555634968267,1
6384109570570991024,1
1299776190465890452,1
8930508754770538025,1
3392315698506195341,1
7350385010039805621,1
5247255592919108271,1
5904363966468931024,1
-2260728432513304180,1
-931903859750681138,1
6663589244924130514,1
810277759151440270,1
-3722235858566216848,1
-5903452618500054503,1
-7389529222023778792,1
-110487831151270469,1
788040659230766348,1
4501665370859184420,1
-6919279858427134222,1
-8905852570145505615,1
-3821176174385908583,1
-2396940336050271757,1
-6417661981411198607,1
2206484016371397582,1
2286035276501568955,1
-3908729171015106126,1
-8229143521162852796,1
5786267443919739521,1
-3310233525633475931,1
6952398487661426574,1
360228896443935951,1
-3230677186388953931,1
-1084786019298944114,1
1977906740121055721,1
-62181433596978767,1
1089033310424735295,1
-5593639804088003237,1
2235776480415979192,1
3995260465341178157,1
628528930886859380,1
-3209111173723738475,1
5228804381891312735,1
-4656476271126964466,1
922836964868647275,1
-9206118275000651035,1
-588142356648029909,1
-8059640985497261294,1
-5072258731900442634,1
542058328850046841,1
7211169281933464972,1
7161056029924767510,1
8738533766305923270,1
3378703365805288485,1
313037111097825756,1
5246006920250641955,1
6010988493154214240,1
8913356603208204215,1
6258767645393456775,1
-4699348262692756995,1
986593472616550159,1
-5746371023999697758,1
2927285890440467718,1
5328091331212064987,1
8411431871302396672,1
95025701575902051,1
1933526864956775917,1
-4086048983545966134,1
-6852194623749175120,1
-1757516387912712253,1
-1938505815543779273,1
7426142519044777256,1
-2213995932442373001,1
3552500952522240094,1
-2513484546204828222,1
2105605323824062921,1
-4081205196017425894,1
4621043303566228467,1
-2174855870206765765,1
5896363334440305222,1
8560517582581394547,1
-2831974155987487848,1
5253244894028446124,1
-1401870231929283769,1
7613988138440571741,1
-5596826183881985355,1
-1102382774265683901,1
-9167277163086763763,1
-8523821572234313740,1
4029321309698287009,1
-9160588119781693764,1
2645831788319348668,1
-2253847014367178944,1
5626301745504467672,1
1360673607357129483,1
2257191787051786071,1
3783953804102856145,1
-1389992102779300616,1
6965494634194587228,1
8788935799918694353,1
7592932323584299158,1
-6247226637815439381,1
-4001311847409209274,1
3188062203538341674,1
5000287625145938091,1
-866723886196955825,1
2889069078267753808,1
206243833122734381,1
421822081301406364,1
-57334406178389671,1
4716401896851129729,1
-5035854495584473900,1
507352829105638323,1
-7433169616875727877,1
7606104575132790619,1
-4621322881381331433,1
8138462193249670836,1
-2332140274264077612,1
827934957462955604,1
4928443482839045403,1
4575862631415315019,1
-8131779513078987833,1
1624593964903537262,1
-7674429368831943527,1
7597151655628355166,1
8987305325206238265,1
1990815241950741709,1
4223539966053859757,1
-3878753418895974661,1
6898704538761674644,1
7033668118034376655,1
8821096781269453797,1
7973142048502316807,1
648033437221193410,1
-8746373718792897054,1
5251835130441158825,1
8433358053425466361,1
-642899510416430253,1
77872100387765953,1
6748913840939628311,1
2252057167269072414,1
-8504721611576295408,1
8923907108133698182,1
8621166475312786326,1
3754352749532463920,1
-2874235275597392886,1
4439080141591527744,1
8971780250031345515,1
-3858381848899184355,1
-8930482389421769314,1
7262263784698290331,1
523497209938947577,1
-2961606094047363733,1
-2375306271336862929,1
-1691103863371719280,1
-6936883768784452040,1
5749009354842265951,1
-361011885340448712,1
5858818994570769808,1
1436244650618129782,1
-3631742748138279649,1
7057750398414038785,1
797743949313514018,1
8129737333548474182,1
-3255759260008349091,1
-3731406814757027248,1
1249159725275208277,1
8100658192406765677,1
-8511140277668288642,1
-3773268656455199788,1
7104024021257924984,1
7819456323701174258,1
-3029129750944104312,1
-5632978746921479283,1
9215979345464967703,1
6928920889597370261,1
2691842793910574412,1
-8110963567261106649,1
4264505890290609952,1
-364023146881987099,1
-3126655710330490704,1
-7434503438285698799,1
3271371564985209992,1
891514440786764787,1
6108157240487785046,1
3365737312265794854,1
5066391838945380300,1
-6443859578837253725,1
-8419456841818071792,1
5945487381513546536,1
-6990082665974056259,1
-4334968446366617086,1
3024146466703716747,1
1341633326723739073,1
-2052221735682145086,1
-3741121205227724564,1
-5701731718510435860,1
-1564721412210141643,1
-1081284185067079940,1
-1159833662030120076,1
8652946727139688088,1
3617408088999954882,1
2161302660064393215,1
774415277914612353,1
6703073842323833817,1
-8487396771662961346,1
-4867214957041991209,1
-1903247575960497237,1
-6054178334126724088,1
-2076998097306720724,1
-6096724412019481438,1
639345347144104982,1
-7179692622127110468,1
4812292249636195190,1
677445594888861220,1
1474276438939033454,1
6739059240887263478,1
598384936258411749,1
792716710461112857,1
4952859955559737251,1
-5903336255476077412,1
1102133463640141133,1
7506576698293451083,1
-4868981177821185595,1
6066990286638450441,1
3737820223773054191,1
2716059928440669543,1
-7803114200447935172,1
-2179891918692335060,1
4865311966685640860,1
-3635658665012861203,1
6984916571338051032,1
4217327147224682282,1
6564027262653784203,1
2165997315231176976,1
4426264652149565773,1
-1889544102096128570,1
1474182635172703284,1
-2739688450422472007,1
2144368493596706743,1
6711079395443881647,1
1793815789393399317,1
-899800900171879015,1
-1196971690483122474,1
4077481387089018590,1
-8193926939538085833,1
-2295537492327865675,1
-8633358009649467182,1
2794085328426041468,1
-4082818231474134486,1
-173661706815099006,1
-7046109608625791579,1
2752058868352261154,1
-5045686060396043235,1
4286384664797331824,1
-138200958738361484,1
3587307954739123840,1
3173318982008791323,1
-4990029606034911955,1
34025824583979591,1
3599101954454090067,1
5163074307559462784,1
-6158188691308417613,1
2068774068035548280,1
-5761200099542302237,1
3871598946297972906,1
3051884427467868355,1
-1051033599421229787,1
6037194671677995602,1
4110718971518897486,1
1867399396184839106,1
-2989144783291374853,1
-4250574316281195065,1
-1608106873873474260,1
-1894188227431615735,1
-6807462928578649082,1
1051292512339792715,1
7425677074209326024,1
-2681418792836082014,1
7452900314969121006,1
-5968159553070016829,1
7798882233795994182,1
8789522328407653455,1
6274181966516549581,1
8885150894327502394,1
-5796404760797729293,1
-5544214518432921777,1
1382847345791497174,1
4878786877272987626,1
-1073800340345583288,1
7881663315354741934,1
-695456762218170604,1
-378490922301272245,1
-9154405847094158889,1
2233582423061478210,1
6871419414888786131,1
-4598629012012211772,1
1100454286577660663,1
3275270230068959026,1
-2289873164849976899,1
6195755616795026089,1
1045719437512317237,1
871629252449421976,1
8961793867669821225,1
1137740103647025909,1
1943667063189780871,1
-3692367412698361273,1
-2007219093442050039,1
-5088608459399083941,1
-6832132958547742557,1
-1718807912836555282,1
4809945383209080260,1
-7392162388715861762,1
6296950595839854268,1
2115412247700509432,1
-8908328849837193528,1
2557500690913625382,1
8332476227736866933,1
5161736680175845911,1
9059163369195764784,1
-2507333564644315964,1
-34627022477761298,1
-8516486711347416554,1
8853603233100296128,1
3899270627579338071,1
-4605721853851631998,1
4003422802294196232,1
2200522296983359197,1
5568972367205910799,1
6212251215439072656,1
-7916324678366485343,1
-343137689833189883,1
-5062881496382088691,1
5342004568904193592,1
-5003178725484493402,1
-7441895736997988955,1
-2013235281575062520,1
-1810402122175057997,1
-2389576510816746337,1
-2969250759927305700,1
-2249494687278957492,1
4026052884845323410,1
8216339044758996609,1
-7488770283119545067,1
8257437342227858547,1
1386545717886792144,1
2080940322379620704,1
4472889216905430958,1
-8929207980390736322,1
-3781977090408693208,1
-1368936664039811023,1
7045756535608550544,1
-8202270523547468668,1
4034568196113321769,1
-7559579812239177042,1
4593291148286661999,1
-3340920946086022472,1
-6416814997910282766,1
-7691702989920183080,1
2951612637312732146,1
-8420208997387067722,1
5827474419908097871,1
-4972283982790341740,1
-8237579621068969319,1
-2763087742425102944,1
6448039315634648283,1
6547403144552116700,1
3616648696196977461,1
4901106715935112282,1
-1269433342485314126,1
-3825848994182692680,1
-4313699865718070428,1
5586506883423937652,1
-3758931895070990977,1
-7729086905660331080,1
-4955500863997030312,1
8725432368360293686,1
7562983225917467431,1
-251169997317510158,1
775412930434252002,1
-5459677955469825085,1
1148279411753637263,1
-455078807946395518,1
8272433003324317191,1
5570478180185806584,1
-1791900247713311635,1
8505434179508556792,1
-3274953832602472701,1
6227735267147823675,1
-7501779979299154548,1
-5188047627198036046,1
-7186338276258718984,1
-7767850392602656363,1
-3801094912372540222,1
-7609304762596948978,1
-3737794863921721149,1
2613256449711829402,1
-1742419369513218236,1
-8400219628433521916,1
5164163077342215409,1
3514806055911769270,1
-8141535563881364377,1
5092370891303195468,1
-8013976035796932110,1
-4917895005944243743,1
-6921304071454845190,1
-8947194879846194084,1
-471959554532068327,1
-8563117766006946494,1
6414395967163819837,1
-5069058457037330906,1
-3223264451144202257,1
6928626089084393163,1
-442866331820242482,1
-4645601611266044297,1
-7357862207595226218,1
6333357557317755073,1
3547866965613784813,1
-4043412186069167278,1
6597415554706219935,1
-3913102513822961016,1
4153865430499300106,1
-729992612503103014,1
-4357326558393422640,1
5121150162739197550,1
-1188704309201122794,1
-2493866720182016955,1
2773176327967386628,1
3113650724965693848,1
3784289588799697624,1
-3314249095632771310,1
1339854307389543383,1
-7154982943807989339,1
-5578307201907394068,1
-7354955048881344743,1
-5271706086920950941,1
-435964542366320788,1
195033560969908513,1
467005317599317339,1
-3479006794254585389,1
2066180429453007656,1
3358148852174771266,1
-4899072012726776842,1
5375892802387328487,1
2639773997637433855,1
-5738011912868264987,1
4303170841217903777,1
4806104575490293266,1
-3670829877022716764,1
5430141564741174446,1
8644667941238055079,1
1269791204655246700,1
-3422713606825142610,1
4578163243387526372,1
-3994196099452461260,1
-6660023068152367585,1
-5346787157128143798,1
-304638040983523157,1
57778662992771088,1
-104286192362749655,1
7242681313317828766,1
-4390056711028389453,1
5623157051012886934,1
4709701479362482631,1
-6217033169536266189,1
8537828864227240404,1
-8704194337604976835,1
-1565834806140719020,1
5462698395447683206,1
-8183285092300673110,1
6529413916169255004,1
6568965713313309284,1
8867791959338722423,1
-8548379271776560498,1
-657057816321264473,1
-3281747107335662007,1
-5070183517576370888,1
-1520701740467118567,1
-5174896499826573418,1
9034434386094593561,1
283660868768867173,1
-7710959040611213909,1
-3882198145506434585,1
-1215803843947775673,1
-6701635981980366596,1
-1248271264008480676,1
-4565375145574461487,1
-7253828461511036585,1
6694528192033066052,1
-5584500044354085830,1
6614137101509581883,1
-4075987026628736704,1
-2899827761883134504,1
-5990007522921352427,1
8168983618574014879,1
-7906351564666581806,1
4484732343231623038,1
-7755734277207654023,1
2772290808647776690,1
-630274803476969875,1
3465483309938208741,1
165681620657957474,1
2400878623102265542,1
4076616664471182820,1
-5723952575958617649,1
-6812576199660684458,1
8404313755449569091,1
523441425209225994,1
-8357686894404279934,1
-8021164076989905784,1
3963535613228768622,1
6010414578607904764,1
-1462685231855441179,1
-1994668454008264737,1
-7091611978706105678,1
-3724756109220053031,1
166830238164469278,1
460515434953650335,1
-8983147895884319790,1
4840462034337493237,1
-3270584262195704394,1
-461925415523471434,1
6638224770313454617,1
7888246879361829346,1
-432503552467809424,1
803993572335616351,1
-4009437558705568755,1
3292913921545116739,1
-3212013196317489261,1
7221077045569453499,1
280791909633066020,1
6620329868784929420,1
-2703501047179771751,1
-7949943228067791418,1
-1514706021136120143,1
5884960584390176345,1
-8146788288167372896,1
2222720290123620288,1
-1292661863986656274,1
-3416959950832235936,1
7634491507859731056,1
-3140811182618080465,1
1745400194241615443,1
4591996274997474224,1
-2062119510152390247,1
4721996919524535787,1
4595385237375746497,1
-5160787605668368940,1
-7126135512969931183,1
-1430112991744814397,1
205080569323576741,1
-6534615110159123833,1
-4125580880972487704,1
5686043492221041813,1
-8334834007785163099,1
4550090264615978600,1
6553874945854643377,1
3279013028037234743,1
2104265093500129429,1
-1794356977647287203,1
-3841649119843234631,1
4850342982991385455,1
2818563902667773329,1
898826920451171007,1
4218009141539362614,1
-3919619930558286366,1
5682511294074542675,1
-3732442301732828086,1
7013470748073397288,1
-4225103064422077788,1
-9183302766038444334,1
-204882522092138196,1
-3201751835975787730,1
6938741281415588490,1
-6112488546038546816,1
4717641660670159746,1
638695955033409636,1
-8202072877923039366,1
-8064717913742103965,1
7046036982890006845,1
-7538187504882983289,1
4760483395955412202,1
1307814388490300552,1
7678454474130075566,1
1442185018535022415,1
2175149236384383624,1
8068810312708635754,1
2872464214678598690,1
-5009570918029521735,1
4479748215599548569,1
5913955155146975586,1
-5033368002215965144,1
-3146322961142173943,1
8809387276425561941,1
3542756087834674929,1
-8687354400984388801,1
7404257856617804554,1
3261928424042633696,1
-834397677931559469,1
-5330142084020342987,1
6570919399094291430,1
1879141377796166586,1
194224535457455139,1
3821211098053791779,1
6692938381950145850,1
3648623285780505252,1
-6088122924947616393,1
5998255807023659385,1
-4921571314495162091,1
2947485365162530130,1
3452497111105260481,1
6486500683245860464,1
7993773136110417382,1
7048673014573186783,1
4181927494349561336,1
-7863975124791711021,1
-6934518703384156045,1
7216657251886600723,1
516053560559791797,1
3477103220588063572,1
568280427022530019,1
-545582049673125134,1
-5779894298612515955,1
-3632253576424196446,1
1883497764017106034,1
-8187772714865814576,1
3158573533260797868,1
-174561525155520562,1
-6635573793201122740,1
-6625006366252950315,1
-2197329298841942501,1
8394926534325489008,1
-235695107005011798,1
-4750523097686595945,1
5730453314351952086,1
6419989660494598990,1
6045764577485631525,1
-5305026584557133406,1
2410236715618829585,1
1459750155434828028,1
892249404324709097,1
-8121293494041513979,1
-2057223876719709195,1
6625270104582381608,1
-3639501480482750823,1
2525703699085146411,1
-7310072580794207535,1
3934660808447986107,1
-6797445188351423287,1
-4007062207095745316,1
2300136018975635096,1
-2839221730844028361,1
2950465278461474677,1
-5947096314808804513,1
-8649131694299466504,1
-6158373144428328764,1
-4120300253436066752,1
-3008944331547098878,1
5898728331227578981,1
5645052881189097455,1
-3401149965732853235,1
527888868950716843,1
-4817750584718021628,1
366739051404945831,1
9058918434910286043,1
-3454525160344101510,1
8602693914937946761,1
-6305252437541606129,1
8320564276534376165,1
-4014445763275987456,1
5432616790603831498,1
-616240718574229126,1
8079767171651354513,1
-154033217853296708,1
5163843528671482411,1
-4730969958487437536,1
-1236962643972275751,1
-2421416618436335608,1
4915123439390773839,1
2032169227366923335,1
-296034820147386592,1
8479415195347400707,1
634833162284268859,1
-5805025453697208070,1
2144761603333395913,1
-3746850653535683691,1
-8535966353956265272,1
-15528766502593651,1
-6448142970540660398,1
-9219872136111482756,1
-5145595820697820208,1
2044326542925714577,1
-206437483141408388,1
6192927258250453593,1
-1557192801429256026,1
2532395928840315789,1
6451194177095325919,1
-6775682367510860271,1
-7997268975061389829,1
6844577843764072371,1
852234835290288756,1
7880911443950870302,1
-3819943675960937407,1
-4041826265721643684,1
-1072663215020099011,1
9034773850269819801,1
4192404994581154583,1
-4744472658986731532,1
8770926802673698341,1
2429108300521641480,1
4361896836018700164,1
1044184490646541211,1
-3745438033136838128,1
7670107038929239512,1
-2131078709503249313,1
4056793379093449615,1
-8814078215357570671,1
-9003781975494231860,1
-6156075378422923518,1
8486562470511980971,1
3289907425624815561,1
825751430423388435,1
-583078171033621989,1
-7883233983034318170,1
5531517248948984481,1
-126200091349513626,1
525650174230896751,1
-3803008609962384204,1
5937608869017522341,1
-5125598952489349242,1
-3759128979268412987,1
-6981842897331010802,1
-7577251240315628612,1
7061423437060332813,1
-266811759503694597,1
-3185716304774348221,1
-3011099436201145048,1
-9132796330907606533,1
-2055593855563992284,1
871876515036258647,1
1025371592463219403,1
-5577044726240184180,1
-2215991507156259436,1
-5554673132386766730,1
5142148793775152348,1
7383148650620756607,1
-4374735560541111574,1
1179895729864675102,1
-7322269727310365738,1
7927594882677687642,1
-1214847514694245979,1
7008871485811199707,1
330342312510826551,1
-1989955119585882907,1
-2825174494416090206,1
-6857481336100041482,1
-6245098022779960268,1
7280274384776585695,1
-2937344662159223902,1
720629775592731556,1
-2574115522348536492,1
-1627931262905379101,1
7871324236986025035,1
6652838381982341631,1
2269084202248686255,1
5718259433228521310,1
7963568274499536934,1
-8040037686141541344,1
4127011451476914231,1
-3368820363153656463,1
8449337698308989642,1
7999740370733477569,1
-5498033926233891823,1
-908728091017880005,1
-3736044309261246061,1
1566945389019793993,1
8211876416536201139,1
-4588910330484738540,1
-8582978891313117719,1
6209153566380419059,1
-7743165129032197497,1
4560842536983110241,1
4121325414092958139,1
2485563399190151137,1
2955322348331539540,1
7901911688927325561,1
-4974455511422647717,1
2484901951248766314,1
-7166872781542667056,1
-1196413974805332314,1
5470917544391148252,1
632221237294983637,1
781293212814318834,1
-7388070489939151128,1
-6387764852770345517,1
-1742072702818290557,1
-3815469707218989081,1
-2154804560158583457,1
-1014194895498592827,1
6897875639325383251,1
-922494660411777048,1
6376086613047475243,1
-5724670889376389753,1
-9210297039596495992,1
4599527546682389447,1
-8488418720176932701,1
-1737140810433095788,1
-5525879839050482907,1
-4264986871901369564,1
2852096761971094470,1
-856071049732646909,1
-5181032107782691062,1
3747693194079767935,1
-6627471387786022212,1
9103339263016186927,1
2227000099446878021,1
-3022492528237192458,1
6806752131618975136,1
-8909940882256095828,1
-9072840515391654303,1
9082928717172732916,1
-4444261528100174319,1
-5922172779793189720,1
4593643233561883102,1
2263723187452702416,1
163554754828082303,1
681241142694653256,1
3050811229915952216,1
-1317158829361996965,1
8001040839518740808,1
-1301405242976779884,1
1334401891574203383,1
-7307191098691798058,1
-8097884317379222864,1
2513607404026174083,1
-5763973436383595159,1
-4183223424803233722,1
8311016881898601158,1
-832058095983972751,1
-2512592303711993403,1
-8944963507665669813,1
5930867717405364000,1
-7576268662890285617,1
-4990331866668500967,1
6583405629790363202,1
-3071185571009852897,1
-6652583325097438218,1
604452500706647897,1
-233177458271170455,1
3052166288956253669,1
7456956599524280723,1
-1991842915776033043,1
3657175910449727532,1
3162144875671390251,1
-5469590123154237610,1
3950792452276843411,1
-1106417871772877289,1
-5511530663516068694,1
8340968200494345082,1
6197031177945204560,1
6349394841664369454,1
-4741088408041363591,1
-989322606282700512,1
5891969899851361368,1
-4750851571952034250,1
-4168168563965336146,1
-4001759320565217363,1
7264038908569202528,1
7738407841162765353,1
276417837112305673,1
2126971870089297582,1
2388738336656855270,1
-1156796186125744621,1
8545047090740221079,1
8206966995132314732,1
-2525716362506691829,1
6290585381457586979,1
8625826988531144262,1
346485094240966699,1
6450132139609132990,1
1873481849422120566,1
4460529571120474795,1
-285449441891703979,1
-9081754014442047910,1
7373520633227426285,1
4651586264593976173,1
-4977530262498190653,1
-897767712208709517,1
8914298673081271633,1
6168835578916608899,1
6381684549082621065,1
6548249232182885127,1
8000848434822578075,1
-657489228364014431,1
-5124266590783738832,1
6458223036064748350,1
5470025772808706946,1
5552238810284014051,1
708641419957046439,1
3977539218028374614,1
4757297863625173629,1
-5330386328366166329,1
-3737082542029654857,1
7838243650204295228,1
-5420388171203543528,1
-5014905964896825940,1
-5076424702044675676,1
-548488529335421500,1
-4291896058015514568,1
-1541636520037008188,1
5479865399563433644,1
3048285799014617421,1
5572149755317979573,1
-8734020913183666930,1
3726579881965581639,1
-692010950707289395,1
8077165157452895286,1
5199278696328529393,1
-7737244541343727834,1
3531557151702724798,1
5272644833144544311,1
218925140541727045,1
-5726939258857011534,1
6198095418014472936,1
-4642604491612613595,1
1025915501672783258,1
8607333634502413809,1
4786972849990643628,1
6180735549880643058,1
2323354913326862322,1
-1376540244917270962,1
8397620899413950703,1
-9198195924229202360,1
1642721408187401423,1
-6349903702265505982,1
-8312029408751872467,1
-3808527876405013915,1
-7976469359995115964,1
4452107955465621937,1
7648193085200817766,1
1169494795551436810,1
3747405019689740908,1
-3202173900845843237,1
-2968601475257805906,1
2921352133508692328,1
-9142508279636227007,1
1280453168917385755,1
4349853506026693682,1
5223721181913391353,1
2622509240870332817,1
145209299105524727,1
-1823862895337453291,1
-6883534121164439585,1
-8986195724155077014,1
4617741328147366330,1
-5075788506837926548,1
-128419786465812914,1
2730394106786963166,1
-7689798795777703154,1
6388227046677367548,1
-587463361372495164,1
5929866120037354269,1
-4720436936939566877,1
-8945810271254819805,1
-5719711729285668467,1
-3514123159769877407,1
7909109534107981492,1
8577283123686461917,1
-8212843378710773194,1
2507942339612409683,1
-9022113174922472058,1
1521918247837246193,1
9214595543757864542,1
5122701185557124914,1
-332611001760623022,1
-695018677459587054,1
70281304809976596,1
-810348402318341505,1
-4682907285248936275,1
-6804275470793809700,1
-1156456258721337980,1
-920702140879797111,1
-8522725868087557927,1
8310102980663596342,1
1995821774413473674,1
-3332025547133031505,1
-1350382594515424891,1
-7206219363724426928,1
1256996462885003423,1
1259770746082336530,1
4446539533738082502,1
-2476862965020617640,1
-4243055644096271122,1
2064860068496089761,1
-317463431726527780,1
-2800462657869528768,1
5246011443929794351,1
3709994507062572008,1
8952490770631564660,1
-3594887950567194728,1
-1376024459388445284,1
2521096663910833393,1
6734091095541240448,1
-4883257383206436054,1
-4263727086463208204,1
-8294281127136119853,1
1955924521653482513,1
7509117786661200393,1
6214982983315904853,1
-2465425631690601639,1
-5255743873347865278,1
-3266025378456316751,1
750032254635684514,1
-6921905752594053240,1
2596594637712463803,1
2308993869096625098,1
-8230722730949814443,1
-7489352474643555408,1
340337857197745821,1
8818602213127824617,1
8562173087720579610,1
9087871312472312386,1
-7930736539293092613,1
6702855423854285791,1
-946619059093936146,1
736443724605152617,1
4826931054530232328,1
2350938383821001110,1
4034273836724828651,1
3645655663127480526,1
-2858402612096511775,1
1510997953333764384,1
-3388015280108622999,1
-650241147329509646,1
5307027988535760591,1
4454850373623193763,1
-6901651724571804014,1
6654110975665731966,1
-1317712841644677132,1
-7278897780812414054,1
-8360124414943743632,1
-6823990415800499107,1
8903589825115989333,1
-6883391976358059514,1
1989020115240238729,1
5992570633429208450,1
-1229689355384077160,1
-5885839076973191316,1
-7937984775525633705,1
-2336916946745974769,1
-1174651323645474607,1
-7819244285858596983,1
2837867303072185758,1
790196045874939132,1
7665994354630612352,1
-4594928571703957343,1
3330887664258590082,1
1642795420109485019,1
-6006469817885489501,1
1790735451099687562,1
-5972466859403075782,1
-4598538307714772868,1
1157144013630851073,1
-1110360937478336758,1
-3527635117857667998,1
-8657610630243008884,1
849415622689009053,1
7694821547057841945,1
5760843275612383650,1
1392025103723123445,1
3464675974545926695,1
3556380519061490301,1
7398940444236290767,1
-6473922092740499271,1
655238958643032730,1
-3144790583866986604,1
-9102777083548828142,1
-3664759607910577429,1
-2700012322561477400,1
8616488673395545633,1
-8629039823522128669,1
-7014193320267475571,1
1031958936219399236,1
2086475195396925925,1
2609361969758748406,1
4160266465746880308,1
-1444302906834327550,1
6250504606140425617,1
-8920371283632895055,1
5659603854426893400,1
-944222282637466098,1
1033658449671489187,1
6922278311701912130,1
8064826036810817809,1
8323275742391292277,1
1017053066789789993,1
8878480118178602593,1
1882624620018762135,1
2347325192300967365,1
6191755367193303705,1
578906880361513700,1
-1830250031054007481,1
7135382931589079467,1
-4444202161444206240,1
-2873626046426787317,1
-6460774357010047332,1
7474663985166770810,1
-6307985694598443211,1
41763656682842000,1
-240474190406270582,1
-7010555163514430502,1
-2392175305171277639,1
2536767630936530840,1
3477172293533840484,1
-6968656703588839681,1
-2770351473520782677,1
-8171758646137149451,1
5374144514781517352,1
-6581998062756548799,1
2066544875608238158,1
9176750766854710367,1
2776356628558223752,1
4716504085947589516,1
-3989889827232566652,1
-5703678631949649243,1
6261148129891084726,1
-3127577548565251970,1
-6112629628935264172,1
3715564821068859086,1
259573379913003796,1
4262560218236322983,1
7052189094570391462,1
7648953320387734492,1
-2699710923970307925,1
-1215514264123304512,1
-6432783365846836518,1
1781840301450321686,1
-8537459774816697659,1
1192276663759824910,1
-3430410098629215093,1
-5839578722735586846,1
-6517972705048639558,1
-5543464641718658526,1
9105420685899072653,1
-798301908743043348,1
7142358208408532033,1
541316375696242005,1
-5854481957439369409,1
-8529370884315298509,1
438892615721614877,1
2683354698750753016,1
2065377516335695448,1
6102991630407158902,1
-260607686490574455,1
-7909704849950004674,1
-5931641282742489612,1
747975255495684141,1
6047396798695344524,1
-2250882162280549648,1
-2563914099648115935,1
-2067657155829619180,1
-2039583996981345319,1
1156134187349267553,1
-2044143112225125177,1
-4723786707552510916,1
6373304869179586467,1
3186748875917267013,1
-7455857518329194803,1
-2791305705814494644,1
-7371221303769802789,1
4469087351454859256,1
2198038095372093776,1
-6702921083224039102,1
4110162181494905200,1
6181444494912783863,1
7232870427565050094,1
3294996502803840707,1
6730715682656699934,1
-1517211105965571145,1
8697653841489105881,1
8223990042451951487,1
-5921681933097456810,1
2849550781362637089,1
-6110120694662787479,1
7851388437091297503,1
7793012607892684607,1
-7547796116501033527,1
8254346159671137232,1
-1082341353875838144,1
3097363533874501828,1
-38242488768620390,1
-686235552000295681,1
-2381618502024528297,1
4034744277248471568,1
7549124751299234401,1
-6820782707486594922,1
7449570904090348662,1
-4147868166037169100,1
-422708881787575671,1
5161793117088180562,1
-7716818127162527984,1
4982003475835798601,1
6058888185133091934,1
7008807503410978076,1
7389742254304782582,1
-3698512907192127224,1
-3700375154322173788,1
5470909320717524528,1
-6766110662488594909,1
5325774178249215188,1
-4217074230761310607,1
9177203632618083848,1
3966925420907554181,1
2459688581431445335,1
-7464868768142466391,1
-3823510456256585182,1
-6942805364434405877,1
8723527145882291337,1
-3988483935065750893,1
2780624399845954493,1
-2700282591851484312,1
-3802505388802601548,1
8120918205359847649,1
6212406303956844185,1
-3401944175539119700,1
-9143548588055258209,1
4968973345268352694,1
7818761125281422596,1
1990562902650954130,1
-342468318659096964,1
-1733847676011209332,1
3074344249891784960,1
6968474583573785179,1
235020543747182043,1
6679666933729670994,1
7710833471562278850,1
-6905516969543456030,1
-6270674764373517995,1
-2142491927959062537,1
-132189192868966337,1
-3799104619548396264,1
-1498566521090649347,1
9196971429997180880,1
-3600929532185283046,1
-1448056378866432763,1
-3744331914464991425,1
6140638452059857739,1
4313392125588448477,1
792915791857290377,1
-8997668719156288531,1
2825614276226088146,1
-894421645436438258,1
7679550379512441777,1
-3053977452713647135,1
-7163208615985481346,1
5791017692474040541,1
-6898613918593246828,1
-2582895691185304974,1
-3321656179086589916,1
-211237804733916409,1
7511541733485505810,1
-2399918989192734164,1
6443580138427499397,1
5241476410039341903,1
-403531536611404025,1
-6892272015366775181,1
7409258451318491084,1
4217522005512843313,1
7136882130999302953,1
-9044855758979642908,1
-186291561702738640,1
6691884558706977692,1
8935444708196785028,1
-5864789007334064800,1
8172052489407579319,1
2167358378765401571,1
7662209150392097808,1
8654101499673156600,1
6493237735121102581,1
-1887316168403648949,1
8980655954026301090,1
-2931978695717922261,1
318381051116789413,1
-8364545135958912426,1
1123560088696897797,1
-7244463211388559410,1
-8405206957274598600,1
-4776810136153821252,1
7598467838862710679,1
-7369790129924635504,1
-8477026755807547744,1
-2396844422544123529,1
6938680939727768273,1
-7193748814085861312,1
-4350720161726805824,1
1547386974167767661,1
-8880193689330111887,1
5291882476776397359,1
5050106739032689121,1
-3259962353487541134,1
-1033269210827291226,1
3804124532771866649,1
7963536909464740883,1
2794775162399730669,1
-5263971742737582298,1
7642889727915734835,1
-4189359752933278066,1
-7884343430921381031,1
-8281029073571161128,1
-5423524015115246037,1
8460362026191390948,1
-9024766470943546637,1
4299560753956255635,1
2486604232092736316,1
7502611176703838560,1
5431705556151542843,1
-90130162857345818,1
-523237130097514835,1
-1965667460130363544,1
-1957981162910174582,1
-828913127471145436,1
-1694260877193716386,1
2230981285747609008,1
1197133647621627224,1
2927824267393545097,1
6773625573950502114,1
-2656489034711649554,1
-6089083080816519869,1
-4665881778603321232,1
8761317722023597376,1
-6580947277178988399,1
-7883153582907956728,1
-4687190621865349028,1
2763294700254308701,1
-2435965866913184751,1
-4477370524355734512,1
-6271058459815262777,1
3461686192198004839,1
-117450405206379449,1
-859915715687648367,1
-8180997969059716405,1
-8178372811983708663,1
-1603548018222679900,1
-8493067605821284621,1
-4981806856541873035,1
-8634288239600643602,1
2719845695944259570,1
-5587539661661498707,1
-1408442247754403321,1
-4215859034193317365,1
-3444759946469938201,1
930243243374272071,1
2780948179837998502,1
3590457621026624355,1
-303246207444321966,1
4186522005533336214,1
679416197999870484,1
-8716209736106613950,1
-4561158487783864728,1
-4150104216302586350,1
1327341826995443143,1
2957312744776276385,1
-7036964024820645618,1
-6268335990879010950,1
78964636820308580,1
-5581972212639242998,1
7442152821435959452,1
2182192474412819728,1
-509154784979362980,1
-2016428695956764987,1
2419344342372502462,1
-3107489176606510095,1
4970294144797647259,1
-2396451954758934439,1
-148801697732563251,1
5644040808105579714,1
4498679030102865855,1
7616894502868792741,1
649425735788361229,1
-7452195031549172945,1
3754005468234290050,1
6295551987185300478,1
7674724593883916622,1
6710182377246549183,1
730086460993771930,1
2165146418104942591,1
-1139412387853040952,1
8841344105767675366,1
-8992791892000529655,1
4535819235060795187,1
-1699197217404092549,1
-4501433083676417553,1
-864706482335834734,1
8705023125010270004,1
-6786404754057848432,1
6023381731317522427,1
-7823953083361243947,1
6496482778224201914,1
-378778948848946452,1
1471968401653587446,1
-5480533041303907474,1
-6588972704771439694,1
-3714141922675690512,1
-4801851896794316785,1
342058818771840961,1
2966745937883771671,1
4385442252229042473,1
6371450133511479297,1
4182161563829416197,1
-5338970898494674989,1
-3007529224418938092,1
507376408211788673,1
-7482888929157890971,1
274808600394232274,1
-3196581076452684467,1
5980686445123903978,1
6837027423881902559,1
-2893231320671848301,1
-8259450419698274049,1
6326029593233096466,1
-7856421675155822608,1
-4214479143148603924,1
-8552648441172888323,1
-1400343528273279803,1
6740639194839814840,1
6478384543726952579,1
-4449363050569397574,1
8014273524931225285,1
8935801958210219285,1
4854811289735026826,1
4298233397925335413,1
5371717307411065034,1
-8682244360757363721,1
-797538507556725060,1
5921399340397604235,1
-7908794533053109798,1
7978805767970111075,1
3106159988303726861,1
-5214622337438553923,1
-3997373793269848215,1
8162923011128802474,1
-5904510385372027916,1
-3974620027131358090,1
-4912444074381750596,1
-108589461137698204,1
-8335501079983694982,1
-4262198063600604836,1
8390325984713033603,1
-3974083323317185845,1
-153328822831331657,1
3764184533313381946,1
-8458838707666837770,1
-471686274840201731,1
-1440971344485847779,1
-7790805010714808474,1
5551280110466703146,1
-4263753060136783736,1
-3646011978810518587,1
-315243725189025974,1
5190521289402062214,1
-1098930973939693072,1
-5842788471802587678,1
-388335953360540973,1
5390777520340563451,1
6640606247776565122,1
-6896701937893658905,1
-5214069073383302891,1
-2189617535308696239,1
2577568225027795717,1
6306480408153566738,1
-7752525710309893997,1
1327258590547234750,1
-2852959135355226004,1
4429018206720613317,1
2602295484951334050,1
-2039029066052042686,1
-4364660627624252424,1
-8880947814885524110,1
-4571638549369207951,1
8267948753305813172,1
670704416523136134,1
-5215938380282161802,1
7543158734063791330,1
-5231161690910588555,1
4293723991295498545,1
-5773863950662355072,1
-15710256955358779,1
-8938115112181690470,1
-857852969599909230,1
-1893205715987500656,1
5358421554518602599,1
-2915459240047740197,1
-4085955885144838626,1
-7305371963827604750,1
1446150430590268409,1
5346421641731494160,1
558452262712794299,1
-7261900418477485335,1
-4577734160632654237,1
1197728046622974343,1
-8588609768310439262,1
1257678657284030068,1
-9183496262718603940,1
8628338669729018029,1
-5201276619935646674,1
8920647993841693534,1
-1142060784890224653,1
188993598519994506,1
-405914956828629021,1
4591513119649818566,1
8057778423966193581,1
-7554976506369579982,1
4699583533190975014,1
6742470562802161916,1
3427816553174120019,1
2522325546269105685,1
8475824770838807024,1
-7178386663075414050,1
-3843520853279043473,1
-4129606099960389512,1
1112682556818682577,1
8040879508926892101,1
6168794086657801479,1
-6774631057917479452,1
-7790902759020472172,1
-3050104390224537341,1
-424583859219346155,1
5056084359891817115,1
-6141420941293751839,1
-2307545073854331089,1
-2927510787475521855,1
-3793010653497632065,1
4133401610192481631,1
-990142968940651794,1
6593624535843374270,1
-2146948325006534398,1
6998412979221268987,1
5676262881374613213,1
4392648677302134751,1
-7765030223971199386,1
-1445466098635694218,1
-675326833604367354,1
3729787471530398545,1
9036009564521940754,1
-2662198720381438963,1
5805261238038109887,1
7588077538643348666,1
-2093478236066991031,1
4582006859628990081,1
-2464617385356294644,1
-929749388988654430,1
8220795129234236136,1
-2018371925554008620,1
-7581678569329339210,1
1504127350626053006,1
-6526045134488825513,1
-3178529526860126482,1
-444969592725627642,1
6726679921842916465,1
-7812169157786298158,1
611591506933937160,1
5740773171698563210,1
-6667762352197589960,1
4020943194409867603,1
-5793341358326382762,1
-4910511567683102194,1
2379094928836773943,1
-2840686519365072477,1
-4065985435127097411,1
-7159277585694982902,1
-718576604866344168,1
-6639664526931641020,1
-354519948264659306,1
-8457318193425933374,1
-4956628042628958333,1
5420121758665937541,1
3725793000517743322,1
-2392034537816019042,1
7633870959346204028,1
3838155413477493327,1
-479531283067464206,1
-5649707121655078956,1
-3433557094399749929,1
-7437220387281514137,1
8674795763777444925,1
-2925118580500932160,1
-3802108620235259902,1
-4067924254553141371,1
1729326348359519472,1
254592796616834612,1
-4885176378274761047,1
2836162132623162085,1
-8891885644588081798,1
-269393573465995636,1
-4461174553456021365,1
-1269867956531322829,1
3874519072063070618,1
-6018924041734377980,1
5676068781439316655,1
-7322554614687420102,1
-8611023104238017310,1
3916767783737282778,1
1532757854852277907,1
-4006526602146771496,1
-9218716896455992463,1
2251006614149144419,1
-1200610343828820254,1
7136753718680229231,1
-6211840981874227171,1
-8954473524463978776,1
3030810229599768562,1
-4877492937946052515,1
2153298887717233277,1
-4492038029058644137,1
3879065687654915371,1
6765829945647877914,1
4671041088460249724,1
2392449912540700648,1
-3301249973057052544,1
3991061448371056184,1
-6053820517661116006,1
5119676011539391391,1
-6867006101919211378,1
7460858047823280475,1
3763494846503872643,1
-1262333793327099880,1
8312935230659327875,1
2236174114891784276,1
-6784153417657480921,1
-4079667123316853254,1
-3273105174066110971,1
567335891295152458,1
-974740981479088776,1
4167183359791084848,1
3769293090956174367,1
-7911185267635450029,1
-8838304318253141637,1
-3555859116382451732,1
2162474526387318317,1
-2031259016132507317,1
1812452212246074933,1
9018300025837111872,1
6884018002463937913,1
-30865453423436326,1
5017768838361147216,1
-3954130641181739799,1
8071631969931336203,1
339962880647761642,1
5309850680260672098,1
1039137641129302808,1
-8094633392120859543,1
-2359132163111818726,1
-1414503234844857982,1
-5452468476515337793,1
963413302823799472,1
5266847149495104649,1
-2373634112059579396,1
1674591607306031736,1
-2140167630088731647,1
-9202875010227631326,1
6758617760513982870,1
7787193529342496905,1
5379099699728370998,1
3668147517413612282,1
552398138252946242,1
6500395508567820771,1
-762709165178004946,1
-7794591817780224078,1
5167932969929655379,1
-6036754510178575647,1
2862162795120459541,1
5810587313752102571,1
-7535862343653376055,1
6677284989348397653,1
-1039147535118597930,1
-751143880482244753,1
-2415630952013193844,1
180498780858091224,1
8284640820304727761,1
-1770530024798983511,1
4530864180435815136,1
903276731131385053,1
-6362281977939202142,1
3232234551338571189,1
-9216038210799925476,1
7876004798679890862,1
6664610539771120434,1
-5655136911613275389,1
-1274795011226836429,1
-5585131850984181911,1
-7092061455361830991,1
1188435017286616586,1
7268689207003385629,1
-9045143879736808114,1
8139922449724142519,1
-4966715761970115591,1
1729644471360211168,1
5511735664813688979,1
-8022667184316559895,1
-1728414724674786906,1
534109853684737973,1
427725812716468966,1
-1772298900052891346,1
594194598170322837,1
-1840110633035277921,1
-4030644896738414842,1
5884278038869891617,1
-1166779981716560620,1
5443156858558915209,1
-1152784152753420407,1
1813477596269260380,1
1214923419032874058,1
-6128743467942369238,1
-1498642134349899957,1
4191564084363286548,1
-8665463966458115789,1
8143695714304462746,1
2559200403372431533,1
-4889101797561016698,1
-2861954932238964278,1
6493200313120614726,1
540883051407620763,1
-4077182758797875952,1
-1001029072595276726,1
3751535869151121455,1
-4371228164496598319,1
6712120040592794619,1
-8756265333768006556,1
3987812127256260635,1
8638969011439265794,1
486072812882687106,1
2353095521185092247,1
-2982254379614049565,1
6484970761394268399,1
-170002492817560035,1
-642903574965147890,1
7013444251230024372,1
1934845917904668907,1
-6534934293810809413,1
-5592049978436939571,1
7012330124205625789,1
4843247238619854804,1
-5969183054728963233,1
-3417745791912394207,1
8129237734938142454,1
-6414937461005497785,1
8624923051036844596,1
1143621936346728553,1
-1415203584918164652,1
-6914564889586942348,1
-1788120952533820936,1
-3172396605089140019,1
-5615528959989487565,1
8749703879149233008,1
2729659747942876175,1
5517718401169376101,1
650630943756002202,1
-2314916242321009180,1
-2458686367576175229,1
-2726577515922437747,1
-6472843810064528939,1
8471649742546446709,1
381094922442242280,1
8723689823302295904,1
-8037734962426788441,1
8812057727398285937,1
-6587710675205291403,1
-6696626866273364032,1
-6805931992065421854,1
1821165474630902532,1
-2613649981476735745,1
4577868345058104404,1
-6774287260149195260,1
5404409935470831390,1
4883099801542692151,1
6011873486153461895,1
-1877776319371400323,1
-7679024310549831754,1
-246569401138715691,1
1086388019545643330,1
-5032163633132519750,1
-556762889572277449,1
5600885985877955496,1
-8430912959394323304,1
-5735241327848787941,1
-40994089645278501,1
1698798179116859399,1
-2384935442290739860,1
9151729809393426182,1
4147720476937601463,1
7970816867931697729,1
-6611322856758535651,1
-4664438313292670870,1
5638178540861741834,1
-8795991369412104480,1
1371514702602188607,1
-6239031332185255379,1
6692802110337249059,1
-6118467156404919628,1
-416308235092432952,1
8299864996982378780,1
1060255717001194329,1
3599583758386042550,1
9094079434988417161,1
1652622711260534453,1
3879155963086661714,1
1335560578680459195,1
-5932962353892649384,1
-7094387921281621592,1
6048767966161825188,1
-6295009377106414621,1
4418767318314053288,1
-3584377866165477520,1
-5895999157483896833,1
5590620499314708531,1
3974998812290383546,1
-4383865673751905140,1
1056555755348786791,1
5805418561914117886,1
-8731138231587699912,1
-1026506171115825568,1
-4438784564845286476,1
-1759820973000727191,1
8000694031110625900,1
5458603087642053589,1
385332660366898444,1
-7765733090093320504,1
8300152910536614642,1
872420564238324438,1
8519467520028025511,1
5947151384185795431,1
4308205867126639386,1
7475644767246776551,1
-7966366494952868725,1
-8756193545279001738,1
-8912067738316250927,1
1863604287753554369,1
-6941384213326476708,1
8290094669191963200,1
8665319087475232673,1
4371924663270221295,1
3022722565906515071,1
8309821723505307108,1
-6355719715180353303,1
-7472101074693148065,1
-7410170851038245895,1
-2630080903934040974,1
-2768442113308236860,1
4593186365186322993,1
5996032426816253520,1
5438657153983646328,1
8019040840346455492,1
6130099657352199962,1
-7471253021685333820,1
-3692471017292382184,1
4467410030728420937,1
7700097538755787578,1
-7438776896589326951,1
-3886227791086558832,1
3307026401069675294,1
-2769427410305602489,1
8283514880000331276,1
874877456527320028,1
2374518525495162414,1
5162080046938472412,1
4192107693000480820,1
-818321933243329082,1
6107298744231527455,1
2040376547517491698,1
3499012820439931467,1
-5209262545203347201,1
-7005448427289199853,1
8659232826238222770,1
6561921397397225470,1
1320589610901378706,1
-1743066158939784422,1
-7945597737285635242,1
-5774631817802045252,1
-2778165717285592751,1
-3983477546318443739,1
8444555781068470689,1
-4712622333117906577,1
-7763505146751230073,1
7150817133297173066,1
5143872314785764503,1
-2951744600364976758,1
7847443221922441503,1
-8213261914768317095,1
-458372464708324565,1
-5617382734542219465,1
-6662846256296608276,1
1797966346112471924,1
3539005999486415971,1
1637542649343926680,1
-1375763839550951615,1
-3218504451940417419,1
-8474543011605718103,1
2339229026344904980,1
-1490758869059675668,1
-6241609439439113498,1
6337351123775650643,1
5563489368030031043,1
-9014337560962611081,1
-8595336395671608177,1
474179959293633742,1
-4752832308798126512,1
-1817264910306566372,1
2619145346777188327,1
8086390338208039865,1
8566982798729478890,1
6971181916134418195,1
-2000432824068608630,1
2243171388984886077,1
-3163350429039046227,1
2849728556953920850,1
-3061467811911589781,1
-5812235307286449303,1
6776969007641516528,1
8249565740272637474,1
-3040551452781971027,1
-4069825678357838172,1
5526070730631705518,1
-7808075763734761975,1
-198202624339978182,1
5034823924896251670,1
4735877335205082057,1
-750270583483641813,1
4980105464839298336,1
3096836887308470220,1
2598985949045842628,1
-5645591511594590984,1
3717500261237156195,1
2411936790025281239,1
-5641803264196004751,1
-4863639059433689620,1
6497668518771008737,1
-194136855512520824,1
5106591703350420794,1
6444800638930957318,1
-4421725869828964688,1
-7440618670550866005,1
-7703665867244018221,1
-2299918801625481953,1
5769409550452075367,1
-355953902121693803,1
-5385032620236109296,1
5714725451077778217,1
-1108680334538258455,1
4875015651409244333,1
-3150099501770201857,1
-3211330375927451275,1
6678217850318971792,1
8807460490139707589,1
2296567140308325730,1
6934693431177811645,1
2761744950760434677,1
-1772467835855244484,1
-4526019384255744742,1
-1355384161405814481,1
8934201515491387960,1
-5197153754948678471,1
-4076442691826287821,1
8798009711874741903,1
-6230642130513835034,1
-6805750588691442289,1
-1246359384019396930,1
-7215012907162247494,1
-1606342362729543329,1
8605399222830020401,1
-8832708307534582548,1
-458440131613016562,1
-4973630694447291280,1
-6994751818225131017,1
-3493618441291847249,1
-7235117845199230788,1
-2492551046014130157,1
6762281458127333305,1
7549765776320823260,1
-8794380515007365335,1
554612724636605845,1
-2538855328630897132,1
-5800369092651898984,1
948160430425160190,1
-6137729689796352035,1
-9049843645814502676,1
7416529411129071884,1
2167352572942298293,1
-5770075277981696839,1
-5273543834847326917,1
319788875198508013,1
1516411340069650937,1
2287313209430802569,1
5002027377288945119,1
-2187236773138682903,1
3543220280666073943,1
-811061650657855501,1
8129010481512147936,1
7584205786090352827,1
5368963606522214508,1
1520734084377970214,1
1974957833742138720,1
267199544223485774,1
-4071176565048128336,1
-8122426490468180413,1
8716673073820837584,1
-8912219004712412795,1
655597315338752940,1
-222837677280719114,1
6302902400003770153,1
-1103516065752310954,1
-7200398150198692424,1
6428835798841147769,1
-6733851029798579046,1
5093110138867279788,1
-5671319958819249318,1
1563996357526270489,1
-823037357998738384,1
-2258802104246883369,1
-2593088752439748823,1
-6372839842374463019,1
-5496685796050879198,1
-780248731771121421,1
7669852312740874361,1
-4176847947727579009,1
-7589151308872040500,1
4241017301510949739,1
-5209797974901230045,1
4985009999124336188,1
-2255489893654871458,1
-1164873544169378717,1
-1652670217371163434,1
1973308233032209518,1
-4464068159223945607,1
-6044711676489831248,1
8371460960252486715,1
5365435058745712711,1
-9102953570070483242,1
-1408797120438114690,1
-3045488738320817324,1
2879111142090124400,1
-4473366453537427879,1
-9046352204482185378,1
-1344356835620220548,1
-7237496038336978144,1
-6813609385811784050,1
3403959259297006999,1
-7004648348853246236,1
-289429684459354495,1
-328450986146242228,1
-2747096318481379493,1
5498083917117404841,1
4169732871869956221,1
1946200322293169633,1
-2467650228449505756,1
-1946078719366948631,1
-4062674743958175290,1
-6146597161767056012,1
4278018227298052708,1
-5849652750002001384,1
1428477958329940593,1
-1269809889492972063,1
1867134456960759498,1
4534216744388342404,1
-2846402874526581925,1
-4018915387311662769,1
-1077859221060004376,1
8161760863281860039,1
5782038203182461241,1
-1769569700133375144,1
-8729823947156274415,1
-8290154788262957479,1
5431457554431961499,1
-6493331548783615130,1
-2239776124816882269,1
-6255052141015334550,1
5073093878353385771,1
3378132038927416890,1
-2739734450938239067,1
-6151749999841666213,1
6673685224782131039,1
4740754259993114130,1
1770591849770513467,1
8582113023414965123,1
2558145868391462684,1
8309851293161294785,1
-3957019061020798532,1
-3720626822095327143,1
8199190862570122216,1
-3818944036524242009,1
-1119345444639956245,1
-8559438808813550450,1
-1071397042632840819,1
262563981223956944,1
7719726549545796309,1
1171713722008886390,1
6158091707577829597,1
-5091067822977517429,1
-5165054927738492450,1
-6137081414405783730,1
-6704875920541483247,1
-3769590853852220941,1
-156212446679068656,1
8079565232774853610,1
-1105974701178541331,1
-7259719472057300890,1
-5515978557803550204,1
-4095160763902152211,1
-8244174926890120136,1
-7797429056814709385,1
-2021743140374062580,1
-5323508739911651853,1
-7198128821596158231,1
2045907088254867731,1
-4514990595512638532,1
5177674884452968371,1
6288300313355301782,1
3780357207555332222,1
5558561749437697450,1
-8840195994871238035,1
-4885424537258190180,1
-4521451826849431420,1
-1670862210272346599,1
-3273468127082767433,1
-8975324092569430695,1
-3254490922086688965,1
-1251123276495360130,1
1595687802230320966,1
-6625545894481708857,1
6918169346493792624,1
-8146254527971944048,1
7362911308773565353,1
-5094632535178886733,1
-1870762545254892046,1
-5163577722980725345,1
-5630629870870331281,1
-8743871674716300374,1
-6660845951260868937,1
3223348481988368613,1
8487430403625478023,1
-8075407933878684362,1
5517962451957858347,1
-4511623249994260340,1
7357723110353703359,1
-2926741790968322211,1
-6259511455786335635,1
-5323773476694922564,1
-4867534231820833241,1
-3371098337073346026,1
210066354520082289,1
-2977520109627572027,1
-2644265304754901411,1
8913716444585353914,1
1932525243460097236,1
4654087703209040642,1
-269296810594174299,1
5999596535584803423,1
9082486912628435679,1
786412341344713642,1
-5392995094802253439,1
8197484559082892408,1
-8643818392392723179,1
-7483142784819494744,1
4481321913892347371,1
1931756171151060610,1
7901319665604066346,1
-3595588327305926196,1
-718020105260057382,1
7950883588866336942,1
-7651054290184068834,1
549223986149168832,1
5924985675142847104,1
-1982030805227861370,1
-8336718695452704508,1
-5932722535761058982,1
-1130230523896777904,1
3761535383488218195,1
6965226843352891728,1
-706493265232430439,1
-1741800430196102045,1
2316570526200281875,1
47523901395814715,1
-2322723680720861554,1
7573378300677261078,1
-1950564973949568892,1
4106152132352824776,1
-7353708859559617499,1
-2817732586121271651,1
-615921902185520050,1
773291141914194129,1
-959618898197147429,1
-4915676629189943589,1
-4580461118364487429,1
3203240130841580552,1
-1899358464943531677,1
-7721006923894117924,1
4108882720545681632,1
-4500208768709458318,1
7255670892815685500,1
2939984100144754044,1
587726333970145180,1
1299954329973152389,1
260828672045614583,1
2359700640312864968,1
1330213515798036121,1
-3875836324889135558,1
1885865665548168079,1
-6928623619095830044,1
-7316518994542881080,1
4337140891010629526,1
-9138096125583435279,1
582499374572486477,1
8722274099675802065,1
-345494737754394377,1
4865118000259955850,1
4679033483434542863,1
4407777756842752529,1
5338225933368184259,1
1681607145758006861,1
-591877985939712675,1
4510116257467240942,1
-5469174779356907332,1
-9205988984939963319,1
-1317895988048363276,1
-5274440404570419314,1
-2148340171825686953,1
-1445565846171830502,1
-5394022679663036847,1
-8709897178216033382,1
-7949312057664911050,1
4987530811263416804,1
-7333273320468763836,1
-2401272698633978039,1
-1248462026406085038,1
4251861011974073090,1
2194829050818728784,1
3501240589788224977,1
6024299319883852032,1
4108114265298331127,1
-8405771646194843733,1
-6061291716336257793,1
7563461711625779878,1
-3607177702667614672,1
-6992104009888886155,1
2878069012777197129,1
5091109217380307940,1
4168125226830476526,1
-4898678283771846281,1
1946041442131634611,1
401037616695577025,1
8591724882139063717,1
-4476868273006389485,1
1007437273132109411,1
-1214272566717490537,1
297072849656162954,1
-5154954313459039293,1
-9020944783800896298,1
-1132925965238685444,1
164218672086532647,1
-7196490150137151384,1
5093623006610690962,1
-2888384233500897797,1
-8937017457953416841,1
9034181238886203422,1
-4292296752350746613,1
-4484490198415228807,1
1243609358750922885,1
-8930996353771972995,1
-5082255793528536653,1
7804268770105401497,1
-2502800410617433544,1
-1341657692582073783,1
-4508347615404532249,1
5712244048405018511,1
-1594201165726024869,1
-5635418935390384021,1
6479894328395594009,1
-1458675532492771440,1
6672964295791499801,1
-4996664376819193191,1
5290549947774347611,1
7689038422419744108,1
2356737694144137348,1
1231150021198281137,1
35336549301061991,1
1966482654357819368,1
-4184102855368205469,1
-1504771241812301641,1
1346479261734522739,1
5845000391111882629,1
7941053642382824956,1
-5802803345688133448,1
3233892210821071938,1
-563759331621235334,1
-2283889417926433506,1
-1123660883737517289,1
5096701033710412964,1
-7069547972852898752,1
-1376015394688684776,1
8436738115409405057,1
-4325380418396636694,1
7346612100798447852,1
223045547575057091,1
-3516452004848818583,1
-7702248442759590322,1
-5173019139549874168,1
402936431327107058,1
5279916464426291410,1
5745801238587765462,1
-5733887870120501965,1
5271906434558339495,1
-6505069733528456973,1
-412028015374425556,1
-7728086464889450646,1
2165943773741146749,1
4740206838720456252,1
-8113762286295318652,1
3677738723134576190,1
4361434105452908387,1
7750391111408354458,1
-4170284714828832137,1
-1092567514985307125,1
-8347348521641619674,1
-6384643171339160654,1
8354371202305049336,1
710246935200023012,1
8697700358882289826,1
5936787644484861704,1
-4652736005077687007,1
6609588691215324162,1
2075806083445784690,1
-9069542284182031948,1
3007562747002771819,1
-337337699574771690,1
-4696729799351418443,1
-1212803742800090019,1
-7883137745201296702,1
6621969219433768519,1
-643715954556676172,1
3687594008202542618,1
3456438875163571299,1
315734232385518877,1
9142533495890927832,1
2692189110081614880,1
8567921852080705346,1
-4160743111742723058,1
-5281668398817478472,1
3735963506052602755,1
-8860877109840368631,1
-6205475322310326703,1
-601209270470870091,1
-5360574896085732369,1
7074417817391234721,1
4132995277709024882,1
3038183380764408027,1
-3253264619514073116,1
4204988065439579510,1
-5306296254996809973,1
6137627680436373561,1
-8099125871484496371,1
-1039941405755612264,1
-8560992527101602422,1
398402191586761940,1
-3967962469316775585,1
-5758932467927926642,1
5267288592446576587,1
7173074203216478558,1
-4575777482468171397,1
4724808180685578736,1
-4656194777429542014,1
-6432734861609647344,1
-7864329614963953322,1
-5851044399094153148,1
-5631289755075433868,1
6702101746190221740,1
694978044472811992,1
-1081260343281813595,1
8823584593453684827,1
6717052855491333318,1
-8052635825103076498,1
8411290583382575078,1
6687387000411136036,1
5880913127556878378,1
619363921561655423,1
-8804526797722157912,1
8668051827495246047,1
-557302910382406438,1
-8000869940518303393,1
5140238321922470319,1
-8831214229201442797,1
-4704416386920150500,1
4235304354783140299,1
278825433174687794,1
5029716156428957867,1
6846269748086368615,1
5520647464332560590,1
3157563844059461634,1
-6449619796440354283,1
-2299132758212599387,1
6083167820842290219,1
-7026052450208318382,1
-2644522244463004687,1
-861941476487914145,1
3727172734228451116,1
2991261885466853507,1
654254884066849613,1
3193522018567703978,1
-4713163432854541936,1
-652828831345614625,1
-5630664366148269302,1
5694715608237423491,1
6162727567866585461,1
-5389491648538859542,1
6959052318568000827,1
6929336231068557906,1
6373577235264662841,1
3678052408592654833,1
5323894528092566858,1
-8752279689375713907,1
-1096649237558148689,1
-1913561174203601743,1
-933473857623699933,1
-7996097712715624917,1
-3452317403030396829,1
-2550969929179370128,1
-1134885023773336794,1
-3738045784706526852,1
-4507923138389826032,1
-2779228303720693992,1
-3656422040825018805,1
-3951240313570031568,1
-2624164802018831667,1
-4191020501023815577,1
6079812660417304692,1
2322228393694508622,1
4091513094851356129,1
-7150399073632850920,1
1568097187520481686,1
8589000254257810338,1
2832704678453118816,1
-4273434704620742116,1
2255564645562347008,1
-1200493980713834786,1
698916024673293873,1
8547533787361211557,1
3740702035549375608,1
7435995715133434809,1
-9182941695951501489,1
2609606656887986646,1
-7599689007431567769,1
9184438581270881335,1
130700585519964366,1
-4025583233057966389,1
-5682385391129137668,1
-6397644697755624145,1
1331892458418445571,1
7420508136299392016,1
-1074513017223677373,1
-3466120488430824289,1
-277343861369720351,1
-7560299017290699439,1
2822012170763609403,1
-1997549934381664741,1
-4701264728565304005,1
-6417578629640605043,1
-5736321843982101046,1
7671372315401380307,1
-6800213042191540525,1
820989469555839611,1
4396383754808218248,1
-4133861562358571126,1
8317445544459960826,1
4320828935450765717,1
7686511408505288961,1
-8411991227795921632,1
-5167558278651006346,1
-1171162539581652356,1
-5398659446250912238,1
-8201468658676644458,1
-3659751223555888820,1
-1748842073828623429,1
-709824787472402967,1
4290516980128440768,1
4296117558055946938,1
5219034942289742806,1
-487009586844309124,1
8084845712089634602,1
-659505432594734561,1
-2633086188251698771,1
-4663140897778296765,1
2687841172902216272,1
-3892352239390928935,1
-3717098465084355338,1
7667708482128730758,1
-7140339962214018173,1
5549192049476935471,1
-4508982527809182872,1
5437084895266680837,1
-4762201338446770326,1
5336931323267507598,1
7040487855748332346,1
5840910609059350186,1
-2857603177100921560,1
-66070437412968406,1
4775047543537135981,1
2711309170023007836,1
-3503933370304218987,1
-8700213231165518172,1
6440444477359283702,1
4301684367954526362,1
-6823758067033036297,1
-3607264877378988363,1
3537507490253660496,1
1641321038236161122,1
-1747200141138092444,1
5186685811837059058,1
6409101511714690130,1
-3272391824051694414,1
-1527255500089632278,1
7911877553397570405,1
-5689916740330497306,1
-7426715863389397641,1
-6572739371817502416,1
6066039897546786036,1
-7562808196120618333,1
-7755654751977145040,1
-8610481977852261267,1
-3961751672077204756,1
7949918145576822960,1
3615200148471463852,1
7348112807109382190,1
-3175541697395584992,1
4974522127166649066,1
-175832900933405163,1
-7378925327514311873,1
4973172802452386492,1
-5698195691679824385,1
-4784086521369759689,1
-5036423254525477093,1
-1900007660663140591,1
3899414735963922518,1
6287408360403015028,1
-7537783055816118689,1
-7802411943578966893,1
4067207208987052408,1
5181591213221354581,1
4018193294623969533,1
-4581582894440283517,1
2177724310522959719,1
-6224919827128475472,1
-4388043791096438283,1
-4319791925560293711,1
5428010319387631130,1
-4391679503910676819,1
9145437107157510456,1
-8411557236841116334,1
5852600667769744502,1
1586194893994561301,1
2852852497751866985,1
-1897560334982537646,1
-5509840595516576625,1
4617710604590357132,1
8912551723410619285,1
986205960923504930,1
-7365662111745398638,1
-9011212887578389081,1
5097933192199624356,1
-8761127111012668884,1
-7184999169374261150,1
-2266373824692854423,1
4644156228180906312,1
4390483372847342105,1
3283653554705212492,1
-8438743245374750285,1
-8704056804376480667,1
1812722109131673295,1
-4341768533208944888,1
-702062811054886117,1
-705088641094562195,1
-6282837242441546063,1
-4187212736333048339,1
564355118036882372,1
6133407619115830870,1
3451575035364682978,1
1078916919794402458,1
7076668794458429670,1
-5515380061795798662,1
7372518526584865472,1
386488213596005788,1
-4124590637125912427,1
-1702581419227450263,1
-7237070096458387952,1
3429740975892910445,1
6884027227935977319,1
5751682550803922920,1
7481820386325983137,1
-1435160485830488967,1
-5944143374743717047,1
5001467451068797842,1
9127779202360236624,1
-2046874362194661082,1
8433131321685525824,1
-8172817673070808951,1
1642843254385837037,1
-775959008033440867,1
-8469466869969591419,1
-5649922165795733325,1
-6927571213331620852,1
-1656858856812351087,1
8603731259545126973,1
-4199050260811790722,1
8795232248506666553,1
1034657250501385258,1
-1492242100420632765,1
-7099482210842154641,1
-5966035740031172170,1
1735954538518923796,1
7598611944378134216,1
-5947720551603622969,1
1578285677705909974,1
-3936103501558975783,1
5613852521764293415,1
1880431795875065202,1
-3419293747127527127,1
3990787961435677724,1
-3904007618130546437,1
-2030549424419315566,1
2346490386047908244,1
-2715319155785470631,1
-1193796694935064928,1
4357021386162963788,1
5976412917216639213,1
-6034686460057228220,1
7160486468298559246,1
1590996167078735830,1
8493126446664630392,1
6262101459558178218,1
3936802877642602099,1
8397218150854141438,1
-9139882934045284436,1
5965112645729986971,1
-2682727951624609864,1
8311043991125683733,1
-780584206155562592,1
2172032129216718878,1
2116953497257459001,1
-4182101273902905984,1
3987049107109567329,1
-1686388946908707480,1
4668131257539067451,1
-4516463182758537189,1
-4609395133257599237,1
3752051717984617284,1
-7114786250558433664,1
-5532777852691571292,1
-8094259591910830143,1
-1256246567875898700,1
-2319220476541373888,1
-8607109859331054089,1
-1570741061699165430,1
-8017915901062805553,1
-9185628132458490692,1
6314923132259647077,1
4600518753927833888,1
8265208694011720797,1
4077216558669084995,1
7519534703031818953,1
3069887452609914534,1
5133529776260182190,1
-9195882677615326488,1
1129101632041789473,1
-2770673980362813517,1
4380266383603513530,1
-5349071739585151474,1
2445660071215121076,1
5636625050845261391,1
-6428576106662587839,1
-6191097751539595015,1
-1913762311073096387,1
-4182586545835347240,1
6136340559545721666,1
2306402059886992212,1
3256031909899695537,1
-977499717785295146,1
5019032714883871717,1
-4378216881760164902,1
4744398805028737329,1
1613313871061066843,1
-6597637211617796428,1
-7049195549788107053,1
4610085945563970139,1
-3411670064731054139,1
1252578763854352298,1
5909016659047637364,1
-8459106445071954157,1
-625793036007068489,1
5236672285537296583,1
8808339072108708903,1
-3324865505484691549,1
-2693083679841195155,1
1773381719564659512,1
-7434559467897773803,1
7942844864116284203,1
225104101994303767,1
2161084794172906515,1
-7157340394902703977,1
4388186511449471313,1
3509441869151634970,1
8846707056924939599,1
8728154624815908018,1
5496758060311787675,1
-4917213029640137228,1
-5494878990808290986,1
-406936628211600355,1
2524698387033045592,1
-7373778657915727593,1
-7826723220323225047,1
1946203661047610090,1
8519278589876257422,1
3481955841687720021,1
7791216780678692151,1
-2913650621146205040,1
1610745360365537678,1
-6777018106973386728,1
2223360066321052092,1
4690365801320876847,1
8066852646322037567,1
-2097152469057317057,1
1563311900761781570,1
-154027087442335647,1
7510426166345728528,1
-8246473005695095272,1
-2902430465300882351,1
2388393122284214276,1
8733149136927612066,1
49865230373447096,1
-7831303559670637614,1
5419675876866122276,1
-2157152720821203637,1
-1937113342067561960,1
2373942912851906941,1
6499155177999436119,1
-3967568527497397469,1
-4477736754341208066,1
-4190873768743128915,1
-7743113100078139819,1
6649345540522812494,1
1071793015210749586,1
-1753906293283095156,1
-1362134342824366112,1
-3435353159461601970,1
9082188591250221197,1
6916175555273344711,1
8460005746009090451,1
-8396460006809853239,1
3374565698892757966,1
-4608508090979197354,1
-4594068348914990854,1
5296354272512379579,1
7520127844721177734,1
-188831617106399776,1
4422911975888155738,1
-4023823620451989628,1
-8219314559339765949,1
-3351161084685929886,1
-5365910526874178553,1
6718443924181604321,1
-6105484868012437598,1
2062815475189969987,1
-4108132238522896579,1
-7007405496984545630,1
-6135997925097308928,1
7153663496148065924,1
-3449797663188553174,1
5846980976226585423,1
3783357158335412817,1
-5900092502082313621,1
526488407554986802,1
7611502619861845648,1
-3071639556573752751,1
-2316334510583531962,1
-1505430795743551185,1
2067420532434741886,1
-3991325400881144168,1
8780166214884709350,1
-1398279036564319103,1
5305722814482763353,1
-423973410297076668,1
-2627300774898861776,1
-1197483728810276835,1
7233876002232402214,1
-8729594673562394106,1
-125098791573531063,1
3709121429346572110,1
6328699009982416755,1
6318882735697019975,1
-243608148003166920,1
8021045461508848092,1
2121885485661494398,1
-3068141778711495287,1
749634448306154969,1
-3271544963825396885,1
1605721943009353279,1
9105581535377185430,1
-5122049455019014292,1
-1481985700370572646,1
-4515059357050982385,1
-5866457080508757336,1
6578379872951638321,1
7823657783824985784,1
-4630264058190301280,1
4236654474626141639,1
6415182211803743061,1
3965976224841849964,1
2983555995571769375,1
4546773897923466011,1
-5007182936089447555,1
-2684648757326826564,1
3624792745746207233,1
-7146572958855266403,1
3183183380980287891,1
3854590063264405642,1
-5998788610516846244,1
-4295694549635283649,1
5783454960334001935,1
3423054872395288789,1
-6756374251575413895,1
-3513153863284704183,1
7478737637369226580,1
8714887587298382473,1
6813912404261109493,1
3319271377203709500,1
-1777870181042371599,1
-7026719005639237146,1
-1897632358917310366,1
4173344039643379894,1
-5266736299771225549,1
1117762190393219910,1
-318150593070274788,1
911169781183326606,1
-6522964801493767660,1
3901701174447035480,1
3598786239686178653,1
-3974296950745199107,1
-3861202955989674062,1
5614867191092521351,1
-1471695884626643353,1
3874766656881727215,1
-8122071565904227706,1
4348190381312959853,1
7880810279818391591,1
132227406612023311,1
8579383714093186101,1
7056523573097736861,1
3026705571088380010,1
7005842832852192490,1
-260365054433091634,1
-7610119792092456395,1
5990806029030099590,1
-6845806673941572134,1
2984668325882035079,1
-3167702699454103409,1
3632402279119441320,1
-5257156272470056249,1
-5436934125073740197,1
-7405255588875083265,1
-165459046905654651,1
6858465890600633386,1
-42073436873162714,1
-3887220679581491397,1
-3979143609931306022,1
-6977968565671506827,1
6187814261119090101,1
-540675578317748721,1
-8576310495000722064,1
5901926974092211576,1
-3681202816228448075,1
-3932491475459958825,1
6049246116085237352,1
-8816913317822011194,1
7807443270810425232,1
-7829099344993450456,1
-5155276719438930844,1
4481475858975897753,1
-2417621388992196372,1
213607719478295588,1
8087987878958273444,1
-2244682578587496302,1
-9208957424500263129,1
4583127394014161658,1
-3394317800741250995,1
1476455515013706716,1
2852974171607609769,1
3228503567531630303,1
6903921570970432373,1
5960415734337591833,1
-7271505617973579498,1
-1301646208131862520,1
-1849078989590585628,1
-7045722435210617888,1
-5348360899638399004,1
-5010289870740415511,1
1537972911211105752,1
2348470222042287,1
-605261313201511730,1
-3249155000274676870,1
6327853934997736038,1
-7885364787781337977,1
2021746075192699374,1
3813002435557632416,1
3546396533833722283,1
6999145274109603315,1
-3894826071660709770,1
-4744590854354033353,1
4761726701872811577,1
5177586463653004646,1
-7563225066793375882,1
-9039305314762544862,1
-7254847224183717553,1
2402738306449192305,1
6617235483701731512,1
-3512257421133082014,1
-3172627858221627615,1
-1980653835445283301,1
8033017076035781498,1
-7215486018790368289,1
6873562747949447725,1
-7890313093884022563,1
-2181039511283294666,1
-4682717184823908910,1
4095944781686693949,1
3462784688021080064,1
6687088907046236436,1
-3093404277525180029,1
-101633883095761929,1
-5357476663902043644,1
-495613048739401143,1
-8797017507705428220,1
3430146220247549236,1
8610436848905466953,1
8864284414492715875,1
2952482915789763780,1
-3774389780067203572,1
-8573286687696052037,1
-2045648563261326444,1
-4520656326096274309,1
8885405107314992053,1
5897763762117844861,1
-1171689669361020847,1
-7759376563042747516,1
-8215245835012173338,1
-1683265144118259449,1
-5186833917729518813,1
-7711345023641147639,1
8537677756891199769,1
1243780845345661054,1
2817603411243225068,1
-5116090998289413582,1
1088611481579011064,1
-7008517442271731662,1
734894300516043695,1
-4041389563853575994,1
3090664391420611210,1
6429996257099715419,1
5784465727497822840,1
6303947667034595811,1
6559726388571275399,1
1514576760432951774,1
8535104696760054966,1
-6041469868084885079,1
7928046407326954039,1
3696375059069459781,1
4060035988818614336,1
-5781989926257161126,1
-4770464184099002429,1
-7248756792215938832,1
-7804315015029589271,1
4315617058206617825,1
-21515223301729331,1
-4995873317054266767,1
7934547650014936811,1
-1154000053007567868,1
-7093566713227155589,1
493178792351676072,1
-4196055086772400573,1
5517903311667762193,1
2431180978914593716,1
1711076922429505794,1
-8678436550994363942,1
4736361894191785711,1
4909627698433793827,1
54427786759365723,1
-7395353722515271986,1
-3842852600655232510,1
-2577715701341566752,1
7782526294540812479,1
6523342254677144114,1
3781277921195240167,1
143755042873129290,1
3541281849183462619,1
1172904993636370730,1
-5794650418349706693,1
-8438953031269672497,1
-6909684218959390058,1
-3937340997271194844,1
-7895001700307524750,1
-1168703589911528890,1
5928687796866651814,1
-555251113200807642,1
-7877221180803181051,1
-2117054327253150662,1
6788349061752281750,1
-7591923343787373313,1
1247983052273181275,1
2219496047126981212,1
-1386029059742899211,1
4691775610745067893,1
5096684592811929551,1
-7089532360219837990,1
-1754894771416589930,1
-4951914875093665250,1
-5428402265664425752,1
3698239483629935850,1
2924355525541101654,1
-8250851258811130489,1
1007639536451857814,1
-2496831481469433215,1
9011631357753926965,1
8088699801885771073,1
2692140152225594320,1
4957372054200762441,1
-592756009912393026,1
-2665451232943290336,1
4205618523008108988,1
-2552376157633699301,1
3802919966901084819,1
-7315713566313223213,1
688797825073243253,1
6218440424462456502,1
3996156193225500369,1
-4171178710795779011,1
3418386648957254373,1
7944239420051437099,1
5609410207709927625,1
1135053898233566412,1
-5417101247268520158,1
-2975964313936167617,1
-587833592969150299,1
-3446175684113803361,1
1304173923194334474,1
-6542490374721042347,1
4006486671662892461,1
-8495570798975416606,1
-8172421098314910950,1
5919980540408677373,1
4676207851756356240,1
308394660743721555,1
1966723422867566426,1
-2958790309262188483,1
-1534069560863007688,1
-6118152149180212638,1
4779006453886155603,1
-5530005256327768523,1
-2847454004509024131,1
4124614522586835858,1
-8499488224910854440,1
-6201921178891159434,1
-6815923920787789644,1
2161935014335361431,1
-2389326151274369175,1
4953472550120288026,1
8101716757964700854,1
-8974161522476181878,1
7616602641332997885,1
-1738492001311254017,1
-4237945721711923222,1
4681806043347094130,1
-3287100477076516756,1
-1764040109339310384,1
-6266312118586675662,1
-5808555695345814050,1
2777150105831836115,1
-8892376886700110699,1
-1165542217397426066,1
-5251153629781748152,1
5837233669353510628,1
-5677857571784811571,1
343324099526617427,1
2792275164488560901,1
5165514765426896334,1
6823701247576593554,1
4845024028278948783,1
-8595239873212226399,1
9100193379396806163,1
6451813392980650624,1
-8420518904873876171,1
-6971220067384672083,1
8792057137395804687,1
4164102329144987376,1
-4647087308699623834,1
-1888670950898540864,1
6540122249937751242,1
4615588284563275765,1
-1655025912407646723,1
2249825631311886801,1
-9176752910249149720,1
8216012379179013685,1
-8696540437286530125,1
7003101953215455753,1
-31022371219734485,1
8084676221000706104,1
-6164475157803309516,1
38736391994843416,1
-399435059016012734,1
-366532488958972044,1
1030256033660514477,1
-5833363637080919577,1
1410131572320455851,1
-8263196826255107230,1
1836617790177403966,1
-7615980900022055112,1
8586324858313424740,1
7565785955284002945,1
-9115773045721359192,1
4044459413758665777,1
-4265899889799170187,1
8733058577621801901,1
-8039705096285216689,1
5814715286977145109,1
4000449815471574375,1
9135594163377080512,1
4061243214840957867,1
-4470893087369809054,1
-2151121126990274254,1
-6580191450679953557,1
-1602870183703210745,1
2774250809709002390,1
1270390346720679167,1
-3582833748102796258,1
-3527491640929245015,1
5465630298943223413,1
3294670355948072930,1
7516946067029012242,1
7114089683476471187,1
-8653481918672747708,1
-6838051871320980249,1
-4871859574697615776,1
-3452744660552063208,1
3679892395844063739,1
-5271572379024867173,1
3485253462421763943,1
4570965861218434445,1
-7738900572872727911,1
1380259182754493669,1
3590791235091244167,1
-6482519631533883821,1
141554327857961949,1
4832338243148723333,1
-8948557478632268351,1
-3510272030159862078,1
-3565212958217095633,1
1495348501080262635,1
1934573200440384612,1
3616066824479574821,1
-3029966724884173541,1
2324773786577206088,1
-4226487792150888222,1
-734569828557645742,1
-7255772922085838542,1
-8447878433183518099,1
-8083536247708771796,1
1977440868723586969,1
4729504786985986238,1
-448032111021625702,1
-5955721215116175888,1
5708814973380861557,1
-3672463780075416906,1
-2831739129788857710,1
-813485314110647251,1
8640494170400955594,1
6338484666794119218,1
-1327462646243479214,1
-6224445159930010793,1
3027059692561453463,1
-2382134626441788241,1
6596493475044990151,1
-348061831279576297,1
6929864514913453955,1
6990827374527962412,1
8141246369789345732,1
-1076386020943168315,1
-7590934478312675587,1
-9010582203833500308,1
-4728047417530907023,1
-8192681537240731726,1
2454295390073797539,1
-3330716427924043409,1
-3518280339375832197,1
6052376670802348356,1
-1806401057312535714,1
-2133217164958719849,1
-2527563999947993026,1
-2990957197403082886,1
-3476543399213721504,1
-8444019888358785844,1
5384668586280385261,1
-8902308726585863101,1
5654297663850216331,1
-3812842411561884928,1
910349216068621179,1
-5236320953296918300,1
-7401197352449101522,1
-4359772337730516006,1
6865871119985788059,1
-1898886924048334228,1
-2331452690542686652,1
2135901772282091846,1
2422015201925871274,1
-476056312465345824,1
-8444948517350531103,1
3130816546518517017,1
-2491425762643287942,1
-4695901963568351381,1
-1623510693642138526,1
-7816775465325258275,1
8264933499869333035,1
-8763867901438914054,1
-7880921770055492831,1
-1339859729469872471,1
-6507091064679861139,1
2529583501903260995,1
1757900069186442620,1
-3452837717463894476,1
-9169141556577628798,1
8549415004883949140,1
6966687541682571798,1
6718026679203246365,1
-1214647834316233078,1
8285017355180646026,1
-3119313851210772790,1
7810884762892340071,1
-3278738876453289364,1
6765963858832011388,1
6749266971282837201,1
332690328673152940,1
2818487400079213759,1
9026269761989364730,1
-5736896873701958699,1
624671804858964566,1
3871649891630908077,1
-7457335938357299977,1
1616059383399188309,1
-5029373486919793194,1
3670323868375116938,1
8363795700871405729,1
-8574251302943462964,1
-6934678997308774819,1
-7176981385104325165,1
-7718958522193411311,1
-6522924395231868916,1
1166279612141129189,1
-7911367252946154646,1
-8389267471960971758,1
-3751303465631251974,1
-4380777486615505585,1
6382820901023773808,1
-6134030306423067173,1
7463589613793647171,1
649219817378030409,1
-8949938155146401462,1
-5906143497432486364,1
-8332175449063067397,1
4020990541070334521,1
2750944125010454456,1
-875644951390708846,1
2752878954527290958,1
-5483738903471093779,1
5837970942634670334,1
35411707812364048,1
-3181913978334811277,1
-2776915354935272064,1
-554639881899436023,1
451894583651892444,1
4463972764960648978,1
1530203507694748607,1
9071341565350761986,1
209947104255359023,1
-2208875621416078136,1
4119085861080978642,1
-8319030535609486991,1
-5064456559190452940,1
-6164746189488576877,1
1108452825035871899,1
-4705077168857411483,1
-883248439790038805,1
3117866333580550418,1
-3891528219975483564,1
1607161477477856308,1
-3821157139105218530,1
2826766960941053788,1
2793593411311797075,1
-2380680627265216339,1
-7567435734010507761,1
3474102189166054475,1
6902752847499901658,1
4868035291669334265,1
3041778297970391225,1
-8453746256139904072,1
-8079478179161667597,1
-5167174431386753851,1
2120200992489650077,1
-375945891279232375,1
2738547403126284918,1
-6489042991605013338,1
-3011602321685170343,1
8647387208548722533,1
-7167677125534401624,1
-6754930147862992004,1
3299111980786760201,1
-776928035900680226,1
-2496417209683175493,1
-2581870183862249712,1
-649437217212766332,1
1026746743975230126,1
-2080447625968768296,1
-1437725654384903004,1
7664728476408488974,1
-7695177881264513691,1
8718967063808674943,1
-4614718282674920434,1
-3389324881495409586,1
-7817112890834047844,1
-1696918683533141246,1
6902990645933853732,1
5667941260873572376,1
2691931841206093814,1
6810025183929393646,1
-3139480428551735966,1
6608441262985565203,1
7685330481269621079,1
6512147789060104633,1
-3709912965079169976,1
5153254961560991809,1
-2672967328050061087,1
6617255492452456299,1
-7596273042429465737,1
-5106024647242188826,1
6069494545027763463,1
8205645934453182339,1
-5157431706998272563,1
5071186287910681702,1
8020644933928042403,1
7141185244635185343,1
-8984571609760757406,1
-805073240297584923,1
980565216507823919,1
8990486740234129893,1
322505992544689349,1
5724222267527339666,1
-3682586837733370621,1
-4432988757977436910,1
-1541676514775776006,1
4351571099609689719,1
-1275803240319778525,1
1430110432486395686,1
-197163123975421753,1
-3180209260976125124,1
-1988578302021565124,1
-5888293094265685146,1
4830731547147054872,1
-5416232907737107413,1
1793761845727247488,1
5200740429301671490,1
-6504992369707430756,1
5939587076986762144,1
7578577160601443421,1
7145344996731544430,1
-1753795642654549268,1
-6011147606965480437,1
7029981298307267902,1
-45135926480573419,1
-8885921387376464120,1
-1561062982898573026,1
-5520760780362631116,1
3189598087376723671,1
1861343335790835080,1
-861808034547275114,1
-6494383268777771419,1
4500647371341838799,1
1460134282918487162,1
2476658776956131356,1
762581774687264509,1
6102159732452214180,1
773539107753824024,1
232940005224175376,1
205404340196180914,1
-195132459998131203,1
-5377902033092256870,1
1647924908528670109,1
2957637908346058633,1
-1348996429049191458,1
-1663790590733262019,1
-4409283903027284121,1
3543115470191922747,1
2495446357229705619,1
1890314866258012906,1
-3257874827738192573,1
-3789574641919835597,1
-6137050877599915488,1
-6463173998522926900,1
-6188392669827536132,1
-7940543488561081418,1
-489156275818382532,1
2031945010227424942,1
-6058137093084127327,1
-2128054609937494039,1
354462983260778497,1
-3685426284273422680,1
7286232952507046213,1
222944252287360376,1
-6960168884097381009,1
-5696782151931368111,1
-4928732166244881332,1
3443484890472535748,1
2611561718627753345,1
-5893765460841668051,1
5063960072304317060,1
-4661500833792887957,1
8338484625179783360,1
-7193615949186792077,1
-4315052061055670553,1
5233048102033219033,1
297292216292926347,1
-3418726412034852349,1
-3033575922620438586,1
-241493271949885488,1
-1578077322710409018,1
-1454610984040222896,1
-3983285566538906444,1
5744632564047683051,1
-9107042670595050726,1
-3280882025026419633,1
5472224740880754844,1
-3150344518318039641,1
-2744285621199942945,1
-3821464862729639358,1
7829777076771161356,1
32101605641920323,1
7446038080784477459,1
-1013855222563460513,1
1117353541185249552,1
7486071060120713432,1
-2691650687670734164,1
-9151084536937323169,1
-6359650597247912362,1
2465163240956581323,1
-8337371088884633889,1
8627829752354038179,1
-4341682487917548538,1
-1336655375961284589,1
-5762653328374029969,1
-8150025972013367993,1
-927340013950500096,1
5421091899901893669,1
6983598536854470221,1
-4893225734291786786,1
6130689312746731024,1
-3724684706896516046,1
8088860612829410573,1
-5392723153489304005,1
426070286245504720,1
-1935438989040776659,1
4381237770157471915,1
-9126056004198802761,1
-5237799554565603076,1
3652286610705160311,1
-7622046784419835571,1
-5409553475492102767,1
5344907016303841700,1
-2208670893088369811,1
-2724340378592722817,1
-2762397600802005740,1
-430561120105637464,1
1252619254116197679,1
-447519597545847415,1
-899015211783083382,1
1195601543563918810,1
3755676060576295693,1
5576145287102325336,1
592590978936842133,1
-3658070616106197274,1
-8815412911123456004,1
8458429090383222562,1
-8133669484289190317,1
-112103513109504368,1
9020805882082973462,1
-5950785890463295722,1
-3851639389397481492,1
9031480143459492261,1
2807515870383707572,1
4714101600935934572,1
5493989726026977724,1
7655359260685502964,1
8615974416904961641,1
2188617504396955211,1
-5854572699505978571,1
6892689184631419745,1
5543298707850103554,1
1854435040155120072,1
-7384647771383181001,1
6708971884686290257,1
-6478223306216773161,1
412392002948539445,1
-787818082128755359,1
-8251901056999893454,1
4596351120878741464,1
-7007225547439369825,1
2083707378037979544,1
8851435700223563709,1
8652983201939419606,1
4488641137376620780,1
-2120129977572248896,1
-6414362579709338868,1
9031257246518786696,1
-6859569122957496340,1
1304093175962568271,1
8470325993430215903,1
-4759417903152241718,1
-5046864356496251742,1
-4438855672939616372,1
-7218896464217427212,1
6254683718189840397,1
8274449863735848271,1
-1042994245956996962,1
3629472211515684700,1
7942338486845370162,1
-2140935567525271573,1
280577311750145958,1
-3843138540246897443,1
5815654562529622793,1
-7577595122682255357,1
-6199787093446001205,1
4549564386327660797,1
-6673515598097492217,1
-6396942176336432416,1
-474264167007275545,1
-971703879761784826,1
-4243954540371494941,1
5877016474878843985,1
-1706503338582717898,1
5552443449953123725,1
-8508544482031307270,1
2094931949626392543,1
3532835917805935613,1
-3644362280373086354,1
-3546104344059717160,1
-5403143101203037643,1
-4771915411810423288,1
1199964119226007920,1
-5267111551064981390,1
6228862049699213041,1
-8108010809192880923,1
5200920201898895866,1
6144477722554775114,1
-3250106393891113073,1
-7281253822490532480,1
6745447768311072393,1
-5468332797450715340,1
5648824051830489050,1
-2926195741044853547,1
-7895651267111333605,1
2562839167079763816,1
7997131160582568892,1
-5380671943076117351,1
-5965861758840643577,1
4820737128386906607,1
7292672346219856916,1
-961350417353002172,1
-5857395015328890498,1
-5718648988990938624,1
8243717172728934679,1
-2673756852020055428,1
-6569837787329686578,1
-8525880246563051495,1
-4087670788579797635,1
-4221577293756519300,1
-7063291173108967045,1
9172273386861896002,1
9069760109937879492,1
-5637881544869018737,1
-1512429790353516461,1
4797251534648930921,1
3228159074560569820,1
-4968290382858014337,1
-2439910377576681483,1
1481809481728995175,1
8571154069064001231,1
8715411951147283085,1
-3990428251463286961,1
-1582313693048570587,1
-7750864226687500349,1
3460939020457659794,1
-7287720252871357793,1
9033082213107817092,1
1542474664642098603,1
-9128634570034172526,1
-6378011113063112799,1
6738711974720984938,1
3536269216601487292,1
-1061585137434881700,1
2982864822871681665,1
7454646821852459795,1
3221903827840107765,1
8962553950518724904,1
-8102997933580469254,1
-7635483873794275086,1
-8618004856611965597,1
-8651847299601331540,1
-5503654384313120191,1
-4812311210030613648,1
6692718969237395901,1
-7285916755916480349,1
4951601582217012750,1
5589285922533040298,1
7931177941866991411,1
7698472163478939750,1
2530233107187275085,1
7012194318914892204,1
-3368619278634970535,1
8035209616324878117,1
7545636036081032677,1
7277016556458948254,1
3551948166916194165,1
1843569610250932957,1
817801216621028722,1
-7731676605090779733,1
-1955029850089654270,1
-7090632662991539376,1
-2108443694863558309,1
2846320928481226976,1
-2053181461517220467,1
2374793746457266649,1
-8140443175062870676,1
7633679891638976939,1
7327927671839535086,1
2767993485911613184,1
6779741591336876221,1
8851077307179262457,1
-4052797787995015210,1
430607802157532628,1
6579741127892434167,1
3054350013037761876,1
-4136450229846026908,1
5595360532485498033,1
8511579615243126708,1
-372262259275427808,1
-3848439115067230755,1
-4749774285988647006,1
4205903287473436406,1
7707961926319489053,1
-9119070554609823451,1
-7355033513955106589,1
1001242306674505678,1
9076049314010150194,1
-6913502899695257027,1
-4486974708665512242,1
-1085539273912314740,1
1990504563451631537,1
-1443691517694209506,1
2038747859828389339,1
2260576556300000631,1
9038851733602002330,1
-4357635400715550680,1
2104446484033933087,1
3919065386167512507,1
3223691060815828226,1
-783585399792636097,1
-5442889815368685289,1
6894067625790198072,1
4286698069987185020,1
1353872155012658809,1
-5400447378321935719,1
-1229882851634253710,1
6034132367208409256,1
2784776767911593867,1
357013840242650338,1
8706015741477939185,1
4230196137981052907,1
389205439589227906,1
-2981789232087714018,1
7664572030691233843,1
-4283829431011152129,1
455302816094911687,1
-6912286277599253031,1
-4621090781502795816,1
-3600112596508879217,1
659814643333560211,1
-1167530220020238952,1
-3056157865082542002,1
-7512821840522647762,1
7894791715783429105,1
1377658323743675135,1
6825993560179581518,1
6434569746850197748,1
-3815568080055472871,1
6447777366273434735,1
2390222443461552106,1
-8393918953180257021,1
-4179259525249738461,1
-912829044393145716,1
2802921943875660232,1
1209207099320360282,1
2406538404015512154,1
7247232739643252212,1
-7102567377224546422,1
2978515776538585980,1
-2048392477720495119,1
-5935567499877251652,1
5237077992788818989,1
-337825148352811375,1
-1376862039625383086,1
-3044284502808914524,1
-2590748137031076165,1
418647440347069105,1
-9010540055374574101,1
5817944221039067023,1
5719777208821354882,1
6671354241891658237,1
8230308532168173127,1
-6062908438664221816,1
-6896124534311070563,1
-952189916011480049,1
-1070881516277456207,1
-295315798543043362,1
-6004652834584198661,1
7670046886617258162,1
-3237229805997686707,1
9137145150767694012,1
4593167870219914721,1
-2772965767751385935,1
-4651989508811307697,1
-2300911281139746652,1
-6711853299615408224,1
-8626794739044518170,1
3734394372741048119,1
-1855118023720750196,1
8985401326411020807,1
-4753844850463521546,1
1467610588199070265,1
3111851061579351437,1
-5671219611042618380,1
7528410863098539633,1
3154160511299550204,1
8096744824125360072,1
-8872122662150119786,1
2563096458564140733,1
814930063602068447,1
-4001786443588099613,1
5628062458420487960,1
3133742150942183072,1
8318089060224098654,1
-151676332309546978,1
3275105754092305601,1
-4794748385371749833,1
3071305675913128077,1
-5495033003554557055,1
545883570233560694,1
5566037491840115577,1
5519231784775739339,1
6574644478499884650,1
-2612383594760002601,1
-6343845966434863447,1
-730609589697994548,1
7528040275256221052,1
-1494114315184113503,1
7226302273719676849,1
-6817257269006967263,1
-2653554025218873576,1
-3560065341492207985,1
2770073312081014011,1
-5295886909213149896,1
-618110852916699152,1
2988861851293061215,1
-8733109944605215809,1
8356167757776279278,1
4400897332175600084,1
-8131163019601120223,1
5010739589236212161,1
-6798896626005140032,1
-7534691485805843488,1
4522073578493958277,1
-6087047758777879051,1
309274755525150470,1
-8275375421358957004,1
-6327335008115490350,1
1544111447248443070,1
-470156989047156426,1
5337142785043101360,1
4613907910107331826,1
836066089444399407,1
-6171153551885033517,1
2452097682673324445,1
914788469991992955,1
8281985229191587533,1
-1762596609077717061,1
-28401436830354965,1
-7522000502034405391,1
-4092112598050187808,1
8103359016616861762,1
2431000187170547926,1
-1601561430274514830,1
-5057460558434454266,1
8835953886921199296,1
7062729674850367111,1
5547229300430472943,1
-5214052713941980153,1
8825944743970791803,1
4030404015818468495,1
325126889122205989,1
-2390151339981469423,1
-2078738082326766443,1
5609397610138120026,1
2335790186795045524,1
-5677620521204203042,1
2492116599363770715,1
7876755823743126287,1
-8670717901622770821,1
-1330380325785367333,1
-7218104588662496367,1
6051052426070365244,1
-2067767252419385931,1
-7975604050645526965,1
-7971133276616671783,1
301254276243475578,1
5475125429684590077,1
-697115470264997020,1
5852465815266571472,1
-3047625003187434372,1
-8699161442399666788,1
-4562565875045445488,1
4044260317535260119,1
2010672806026740574,1
8889231620440070887,1
2050886217966195208,1
5536321030638084877,1
3438229852988385667,1
4816113945255643889,1
-2408332154227906244,1
-1976814319332835737,1
-6554789831294120421,1
4831867164274387545,1
3433468098064532382,1
-2313469855020606316,1
7480024265076551925,1
3523740328582133364,1
1600849659848919687,1
4923618320859246885,1
-2164913855420415111,1
-5530467464237103330,1
2216624772165157658,1
1897940639285707822,1
582807158564880452,1
7972389873534231382,1
-5755561970138574766,1
2617955528932866293,1
4138479189590574184,1
378508045031229274,1
6832294958034608403,1
-2614627910085020876,1
6142749226650531637,1
8461294330511761023,1
-610222956827283328,1
875106064389570883,1
-9113871965717091980,1
8058560515586842565,1
7475071581109898734,1
5840878867105161589,1
2744806796048054127,1
-6145066970251105661,1
5233537548258504062,1
-2975720062245325814,1
794292772043891226,1
-3909280491549781555,1
3861251198396342348,1
1857486153930992612,1
-2898910130261190890,1
-1035431657046481618,1
-3922754583064530557,1
-679305967236707588,1
6631554575213342774,1
-4007108186250053914,1
8009527268170138518,1
-6048270489158531181,1
5090809985420058584,1
-8506270899835659424,1
5324999283727657849,1
-4298520170594618143,1
-846918373689860811,1
-3778337260844375108,1
8327193058490206434,1
2206715722636311478,1
-8567784902115279941,1
5796434316612388879,1
-4748518123740866164,1
975468964997009652,1
-3525022940959519982,1
7662916611144884582,1
-6356732704964881045,1
6777544593576042563,1
894101459417313806,1
-7701291070880578349,1
9051199973813084655,1
5814424915220568763,1
4955618333044772890,1
-1269283235137059191,1
6625486420418146552,1
7204804629124817388,1
323549911311192113,1
1060620630687237483,1
5255597661762267916,1
-701643453557448748,1
-648376479872126053,1
6787879898287956271,1
-5463156238948563723,1
-6111995858029251555,1
8814937502673717001,1
-6980439587316857818,1
-6869859822649143813,1
4872841789696035804,1
-615306343952740965,1
9096730423110168675,1
-9149254973937665035,1
-4023495074031762565,1
-2815331820058471166,1
5913792444554718900,1
733553511625776990,1
-522992888860196635,1
-8634674776509715160,1
2679802198568221658,1
-7405234743696027956,1
-88818156750245678,1
-8649622046724679942,1
8361574564015076346,1
8315495399266045430,1
5405178943356686397,1
-8602462914576495935,1
-7290870627693053541,1
-3191775223631958158,1
8121931735594123574,1
6559152508241892360,1
6550962349916332457,1
-1755299177396546740,1
-4628640560623158293,1
3067439072609789096,1
-3432032962176946594,1
-2133382188350588322,1
-6338847883755258274,1
-8774250896356463200,1
3621388887382217068,1
-3586945173116243764,1
6273235433363830182,1
6028633956777630714,1
-7588295633491026813,1
8828660417517177599,1
-5433902246857096633,1
766952524240042929,1
-3622783407174225127,1
6500585069426150824,1
-7140693923585608250,1
-598902083673929710,1
-2579264386095739229,1
-1649193266319422216,1
155024371645544982,1
-6882910728426456361,1
-6243770147602938460,1
-1941572245109611166,1
890435867325399148,1
7121589183611054917,1
-4328642493119248931,1
-1558703129712600474,1
-2036157070636575980,1
9149675749480782780,1
-4106496221777110042,1
5748177915399118038,1
-8587030480039123860,1
-2140843882274278617,1
-4437919712962251474,1
-2436279340956082609,1
6850870483458725490,1
8423475580553253827,1
-2616847438759732675,1
-2953267800098841403,1
-6749845688752625604,1
-2327481612858769745,1
3907172490865574088,1
336314315378510999,1
1364502683832151931,1
-4677989778117103963,1
-9151859591503779830,1
-7095803839525154769,1
-5252469504911233273,1
4542638303555618697,1
-8396535293688519036,1
-927167289220029740,1
2358449142580572771,1
-3788888255482609782,1
149408482075348552,1
-4481397405914540282,1
6419104236977179442,1
-5916718821687050277,1
-8785674302899398982,1
4165214507221609384,1
-446996395871537624,1
6672949805991899933,1
8601300969793423388,1
-7991884751551145662,1
5135324759801560169,1
7703622865962637430,1
7299601247963042948,1
-818879481822678131,1
-6807900957885055213,1
7879126033517708590,1
-4244242827063038291,1
-4318393317181957787,1
319265215661906434,1
-2393246443399196633,1
7487960964393239542,1
5764683687910940311,1
-5409588061407657419,1
-8302257021570730846,1
8091597083846079819,1
6953829883028012938,1
-8265975802612909710,1
-8810122461142486792,1
4235281530706128475,1
-5736253173531809801,1
-122181835499619656,1
3243190849667067827,1
516498896385738705,1
-7200168282420626073,1
3709336987593080613,1
3750989881051038946,1
4324664480559101267,1
1721078530956119961,1
-4393991654025176257,1
5741481006823015137,1
3080910236375462791,1
8589436811870019050,1
2374384362887119822,1
-9007886681213391031,1
-6172120290742469106,1
366224929050897964,1
4863249428912295048,1
8002281869933583754,1
6736459153924161766,1
-4418094611142692050,1
-740643989195473653,1
7303212214925847269,1
-147964944003816248,1
-1864592032340097885,1
-7283252368437555428,1
-7508087370061921608,1
-4931665456772585322,1
520406414997222767,1
-3687488460557493078,1
6208779036202049042,1
-2854346324403003304,1
5877128083777551657,1
7859126048127634364,1
-5464771846787831554,1
4685642918222945238,1
-943222338911567198,1
179077401944377191,1
6057770125964275482,1
-2305368699404636775,1
1536598026410828858,1
-4008314764495338598,1
-9165255291609433263,1
-1949745195834059526,1
8755756100986837322,1
-5699309378467435261,1
-6807198412553096320,1
5868440254088501864,1
-4093272201987724775,1
-1282481021353030488,1
7199475192664015223,1
-252401034753234489,1
-6560866203938184517,1
-9204940263089572047,1
-1926040240326748174,1
4034264471501147753,1
3026376124248795688,1
-2794131099281562951,1
1164445344439318725,1
-3407022802311008831,1
-8584724507414230154,1
8007707867223679448,1
-6264190404906738050,1
-2967384895421670472,1
-3590539454361020552,1
-2883292176435059559,1
-755398107000524140,1
2740349707749182583,1
2666926356999284796,1
1588399734732317947,1
717110456335627219,1
-6377134805039985409,1
-5978426809541869281,1
-4066034534136370154,1
2311954200644452819,1
3230434889991955092,1
4868329789451303502,1
5483594392762274414,1
-508598299298529131,1
7092839089359267747,1
-1852795413169347838,1
-3742030027272533049,1
2520584728035034754,1
-1828021473830516226,1
-6265651418544759832,1
-8766734586234159942,1
-1475607317832728189,1
-861920315919786178,1
-6809861569867479126,1
-4771138606881194564,1
5160759360752128686,1
8424388223618403747,1
1021781656791042103,1
8251186126632775203,1
7044350072237357709,1
-4098370231395680988,1
3482400005954891489,1
3559296862306114327,1
6693524530545844152,1
2250398964786453494,1
-151232324741525200,1
8449580076939978929,1
-769688774837002835,1
-5181423128878255238,1
-5455674282180378303,1
-8380719183080972670,1
6304541459105678506,1
8802226154456217753,1
7680050545225932417,1
4094365991408771861,1
-6451731590957685373,1
7353404968514651883,1
-4739206467008111011,1
-5310391793097478298,1
-4396186077966769181,1
1825041902301562449,1
4432226186697079105,1
8751561691559889039,1
-5386101575371737974,1
9185536916875749315,1
-2127555119008299875,1
-1154760254266899354,1
6644059592357002979,1
1973925166078569849,1
3801479703236114210,1
-1779123715069101921,1
1592865294523686635,1
527478988190221515,1
-3060692524610997224,1
8225164063824539231,1
3709491325734036865,1
-3590091302952391658,1
-1816253146023320361,1
-5318437018425585628,1
-8023596500509525433,1
-5931843401925751229,1
7239391879438917487,1
-6874567232589725367,1
118664656900768050,1
-2903827967197296141,1
-4491652450973046332,1
-8355701337628761026,1
-3146703583295491549,1
-1424404388406617752,1
-1754412550494075210,1
-2909167298652962542,1
3806650010462538019,1
4781853231927010555,1
7238162382241639682,1
-5611303582760884737,1
9010369469410753588,1
-3522726639806536186,1
849756735474005598,1
8811851159776224711,1
4471122357353371890,1
-3294278736146772476,1
4118015779197912249,1
3829279641879606932,1
6625625766948146877,1
-1602886674450016557,1
5725351200672016591,1
-8163968884323259088,1
6959660023558732494,1
-6118908858605128326,1
1489466106160916714,1
6819829442035632007,1
3900107263896056531,1
-7929487159157557194,1
2723456852153341676,1
1369776254755233347,1
-7151018757818670663,1
6860089576405657013,1
5858581523344727491,1
4088997010153305409,1
1411929869377556931,1
-7105212387255096481,1
-8639229256898615248,1
-5568150654370962031,1
-315620970230360250,1
-3560481329359501959,1
291228812757662568,1
-7479586719399849863,1
-6077903455134809512,1
-262356720799554306,1
-3407426169838716752,1
172666532604963533,1
-6227114982598220693,1
8055583651759147106,1
-3047237978248140822,1
3882966255242442474,1
4057975632534968298,1
-4220114488167067812,1
-9098774619687532071,1
-8288845365425442891,1
2244492133781192734,1
-5887854386884179853,1
-5038022325383636709,1
2483694917674303699,1
4814429495001518483,1
3803993834235080769,1
-8757410228952491416,1
9083892249542485006,1
-2921815234563513175,1
-8292332369253363537,1
4944224002483286913,1
261345804718214077,1
3979417686143617977,1
5936462838767089816,1
-2741271201376601292,1
9170772973389971139,1
-6621836144158873878,1
-7947994348186903015,1
-1401959680490730421,1
2677276586447013459,1
-7218569764336507588,1
6965388065144203125,1
5984650182172506126,1
8194692163801676030,1
-1388261136811106081,1
-3027424811148686347,1
-8104236371198745798,1
1493348786823466550,1
7620284602679611401,1
5663832630427794015,1
-7905625501158140520,1
5896296175659161634,1
-2757921746677716628,1
-5158729414320135292,1
1806004438588835213,1
2854335101184922577,1
-2906354426908443346,1
4233855950493613170,1
-914704465886983671,1
6327314707696772406,1
201508396953530625,1
4233462401365428829,1
-4665078106703479193,1
1871572162398499026,1
2987662179789103544,1
-4812531768332350923,1
6464797596557886885,1
-3380821910263627430,1
-8433594736251243934,1
-391778840590590685,1
-3423884942850737481,1
-5217177173924116831,1
7395222918459334601,1
8577647794989773061,1
-5494934791502495850,1
4312219211889563917,1
7143470422809832112,1
-5728059377865180627,1
-6305956629920153782,1
-1381296677304371421,1
8748631409315672749,1
5702611741164856509,1
2901126076737948911,1
5054696327590291497,1
2998553767515523654,1
2037806847957507887,1
-4809413108783290490,1
351114383473142148,1
-5003949070691248167,1
4485856544085572383,1
525250961034066884,1
477435920578755578,1
-6485563705091186673,1
-8405884507997197693,1
-4212412384940870019,1
6415222516819236232,1
-3000538720635440148,1
2939881412363657667,1
5807964680079134116,1
-3999157111378837072,1
-35401836738902641,1
-3857614891444775546,1
8600508378731735666,1
3002406414390401122,1
2697154675026326492,1
7773621661064184216,1
4441777559854403402,1
4562839556371448532,1
-924936600253425447,1
5844467949998348432,1
-7644478496295895418,1
3196422128376767043,1
-5821885082406408429,1
-2794194414492405902,1
2349627134243295370,1
5045814249742351650,1
-728072754345407604,1
1646403370555485546,1
-6395730443298702962,1
7168936908583041008,1
1260769244805988124,1
-7101060583773661983,1
-5887104491821857305,1
-175437132317189540,1
458652364578636641,1
1211254917590669989,1
-1552140976454526252,1
-6794271794637451986,1
-4763795299168098463,1
6318998529969571884,1
4913292427150053200,1
2099652513051912574,1
5375929385460457237,1
-501429900579123990,1
5726050001670831973,1
-5999118498566522071,1
-473942626472948514,1
-8557761302827562002,1
6426889380962654753,1
-6368879011440967145,1
-4633810428394346948,1
-4471471436514296405,1
-3832960034621029622,1
-2070857220048477367,1
129829786722801027,1
-2237099989113083560,1
7223329680207418090,1
-933301801190156543,1
4672815970056149862,1
-6037810945303908021,1
-119595447530100645,1
2512311020801082925,1
4053432929694508509,1
5946035310014730260,1
-921780606107205384,1
721529869712505084,1
7010921140633062948,1
607105324076922230,1
-1129788118702345544,1
6034560885871926033,1
943327750849981021,1
1900554969650284235,1
-8187143320725770371,1
-8329280408452483925,1
7678650389241409613,1
-1229137516156136315,1
1252116694486448676,1
2186407652998839476,1
-4031281139248805769,1
-9190116063323696164,1
5809798487792056247,1
-7803417131019666769,1
4747836622727477837,1
2924516445294346736,1
7151168093177161897,1
3353453333334587157,1
-7891707386356623989,1
-8642263120571316692,1
4199226513649576507,1
-3487978076771907378,1
4215768810204827146,1
-779068639232722287,1
-2336836560968024289,1
6375336549409273407,1
-2929949667596218204,1
6996628134830146011,1
2484621511502954193,1
-6896443820366070963,1
-1837943059959377174,1
6476948418083812477,1
-5723907550888356205,1
4216781980452899150,1
4824290448888343024,1
-4614765631687858605,1
7749571587157852190,1
6805870054149131237,1
-8446846400003727930,1
-2135816546775175147,1
-9097465568911668025,1
-7290059824208434087,1
-5872249287081173329,1
-8285936541641578976,1
7277493187926918823,1
2232984498052476973,1
-4469255557385904321,1
-1187541743182312345,1
-9205297730499843445,1
8072658412082258711,1
-4571303449455683237,1
2128662874231850236,1
3582865665321203039,1
-8544725279508725678,1
7581842434468464877,1
-5958034764193932348,1
-1342503958206650145,1
7530109961425463931,1
828235813052430060,1
-3924417067397108130,1
5191520017424561295,1
3064700624371055048,1
-9015164705708298888,1
-998384460834762690,1
-5491085853985415189,1
-1667694063100147524,1
-6660170008872848714,1
-5496541169978224152,1
8882455056187501480,1
2533098197728241440,1
-5444280765037306516,1
8454050140623745737,1
-2141086991891778939,1
-2475137022005756851,1
-1138266457544563407,1
7236988268944279597,1
-7859695054216180472,1
-3409473912202409229,1
681721022240199446,1
-9138569483747020863,1
9080263668438040259,1
-149602270446655207,1
-8030540582725775643,1
-8888362686725905751,1
7785304261599723713,1
-430111231037475564,1
-4458454881932877979,1
-8808880865367417456,1
3625030072471425836,1
-4655047320480597771,1
7768434814173499153,1
5750450770723235745,1
-162116164842231886,1
-1280639802012587642,1
2963440006011410563,1
1583633362234740595,1
-6811408696097853022,1
5806958138626721650,1
5358667668726450075,1
1443109199036598238,1
-7520613353820976179,1
5417780039356266896,1
-1362812421868115888,1
-6952845938154541995,1
3706380920711599321,1
-3186880253630395676,1
-7033549376120198413,1
-2884227761895106885,1
-610278744897353470,1
5283215410633872911,1
-3006922218331577879,1
4545908235697088847,1
-5350845402074990159,1
3727728974418964562,1
4918444608504769165,1
-4421596832311110457,1
5116005023473758597,1
1037416178109468276,1
8677706943128049148,1
4019379617271229196,1
5102864836114285055,1
-3775881891843110551,1
1372635967168356849,1
4939310673294939456,1
-3808891081414189029,1
8712731373437707814,1
2500290685190941320,1
-4000156085735163419,1
-6127109976139168147,1
3420228566355417760,1
-160489740844559935,1
-5730803447556941405,1
279736692868923089,1
-5378239461098192550,1
-7959795106978592089,1
422224888365273106,1
-5550177299446845007,1
2731139329816366966,1
6333044864256257688,1
-622650034677551141,1
7244853068603917230,1
-4558457942455409414,1
1330630238548087955,1
-20580925822576443,1
-2179338157606982048,1
-4405400781640620034,1
-3932765718078822450,1
-6657887285286259880,1
7559763536368055465,1
-1543192914902999777,1
-8277872734154788592,1
8438681437984673575,1
-2215260968685323698,1
8274547523158047666,1
4924215570819315666,1
734323952961664709,1
6647960166468248593,1
-2902535078789002827,1
6682135247375714881,1
-326257143110759092,1
-9108365950606071495,1
458284795827355853,1
5437391183340518345,1
-4115004182755064255,1
-1616328812034449438,1
6658326509197910170,1
8375228635651024351,1
1275584437369166573,1
7083905977711316831,1
899989388005353229,1
-7997766464124865168,1
7340486916373983443,1
3322084340443809654,1
-5269120829882866761,1
-8448824355532660922,1
5660540283559647413,1
-5320018838466747398,1
-2988609030052347411,1
1188554619348652763,1
4932038893084858612,1
-5547197901755688475,1
-4934244742494368710,1
4693125741127804671,1
5427342843620234154,1
-7738681825066761722,1
-7195766098779523148,1
-2268166042923321365,1
940474964881943790,1
5706804010613199537,1
8561186497605899986,1
-5728782398863014846,1
8630646537315997253,1
5818298994348204482,1
-7995655233392787358,1
3301053845757245564,1
757532153003047772,1
3799071371303465782,1
5242263680247822837,1
5978454855984868014,1
-1910315870495501146,1
-4049432621430981563,1
-3252609799686007284,1
-4373764518255416276,1
-8741129010207003231,1
-5442292419983535835,1
2625422484424345358,1
3058534394324526441,1
4996559340060185425,1
-5618275771529414926,1
199888405474383002,1
7830371499887011283,1
-2393647920475774956,1
-2784621853729141687,1
1351328501103481553,1
-1259131990183749555,1
8494518404309404368,1
-2438571616025705465,1
-2978132263291327337,1
6703856497054466317,1
3993881979220185210,1
8597901039108591523,1
-3342973098646208931,1
1342653193629052927,1
-7097708463289061263,1
5216040251051154562,1
-4516148151043372746,1
-4905495478507040547,1
-6184564528214101557,1
3300101175046501318,1
3964731841100919148,1
4736076166964931452,1
6735219172189019716,1
-4818977832191866149,1
192354763803505724,1
2698978808565697005,1
-3423436294838746183,1
3781093088685814440,1
-273343255704874147,1
6186093640391904389,1
9214389648743585332,1
4061524510147099646,1
-4816661962498876678,1
6365653130544824697,1
-3625428765130490037,1
-8779308524191598733,1
-3264731263230020111,1
6185855049843413548,1
-2776824890957205421,1
-72736144194092652,1
479375307606633547,1
-3357885802447994748,1
7601534295183379710,1
-2887113527473059849,1
8671715035230286243,1
720421870877064734,1
-9197162519494694201,1
-2815021941124133743,1
5306137370218898456,1
632002669372670328,1
5822533427640166488,1
5260057785804523801,1
3987791779653843031,1
2786659151385330408,1
368006203027736771,1
2736061732801404810,1
-6740298648419187022,1
-4005900732021985798,1
-6975290998740710051,1
7180300953595568993,1
-8297815225085085033,1
3560149538282905616,1
6265571817530918153,1
5468870230627660572,1
4891242205809857970,1
3913670884740816843,1
3303844003149542651,1
-1092888994482334674,1
798843700946512137,1
-2245290295468525732,1
-3264549143986794623,1
4835833243115439898,1
-1728946249197424520,1
8497456548958285721,1
7490453938623412854,1
3463167398606645291,1
-8189351371656508543,1
-7593109856126076652,1
5620262843556116897,1
5273452284852710789,1
4444808930275649923,1
-207590272804852327,1
5501697354719373170,1
2183341373432535849,1
8935672686156782099,1
-4989091854666374864,1
-3035789033199909036,1
-2629227534256188246,1
-4820938401981699415,1
8244710229392893611,1
544578413916667148,1
-7118140653595323139,1
1227220283588234247,1
-8287754733198241337,1
2155853831585586127,1
2198883872574157180,1
-8960150097057330827,1
-5194792817291673773,1
-2208908613086398880,1
5936464524393371829,1
-4320597899858330442,1
-7423863761573571827,1
-5324888056651438804,1
-4873910224879601611,1
-4674304508356841402,1
-6997630186203725239,1
-6400050305356435030,1
-6849152990773623979,1
-5054196289822246151,1
-1648069548535541800,1
-3921464251913474650,1
-2799280761067767153,1
5172719520334452938,1
-8428227208341740074,1
1102669552656200896,1
1331442109914764213,1
-7375494174853847694,1
-7160913424092074564,1
-2023522058757260029,1
-6152994884281661096,1
5924654797878895302,1
-7294473490704214266,1
-1396485413689055706,1
-5173938514198998159,1
7315031080361377039,1
4865312311017530669,1
-7615349803851746073,1
2410766104689742880,1
-4114052529283334131,1
19053507962814027,1
-2118335940732018185,1
-24427060244186670,1
827853281482106042,1
-1271954154740593219,1
-9119526960465676672,1
4873146572742417528,1
-8055191338440214455,1
284389636704474154,1
-699142204573893899,1
-536425639251920487,1
-8497392194985285288,1
7543758944966645559,1
4528523856934232069,1
-1230869057382725748,1
6113139076961908095,1
1930299520453005319,1
-8561757806040818778,1
1760897443096743260,1
6208701647884413694,1
-8814613816497497418,1
-721478272183647158,1
4232497468161201401,1
5071983754514589411,1
-1696569073940890252,1
4635169989317375830,1
-7774619228020641421,1
6119053823213921950,1
7657400209685519558,1
-7765804919049199159,1
5067251796291250985,1
2486472291326843777,1
-3152373055143121724,1
-6639068887314091309,1
-7590640505630223608,1
-308927869707780947,1
6364229175880960302,1
608689121913957601,1
6392776391710884156,1
2162021138438729475,1
-1634657901645267257,1
5941151325670395571,1
6851724733844463121,1
6420529192196937183,1
-3755217320241434658,1
-8207823955232989191,1
1990895520929982905,1
8610328205527621629,1
8415558502053580939,1
-1516343194100816197,1
7196034205897913110,1
6926292344559377961,1
4684943848164756909,1
397014266358296676,1
8028628928843735546,1
6345711959837804785,1
-1034821674739664500,1
2795874950841456716,1
6620465879194167511,1
-2803249429037653711,1
-7330742499670067621,1
-3693716251718735394,1
-6536121851850246808,1
8159306990562522140,1
-1376993885288520493,1
-1173220011862239171,1
293907989212464555,1
-4064624342022277669,1
-3232905250841787026,1
7301232577932651956,1
8523542218921322935,1
-8574638986172045002,1
6440294551251629679,1
-6070277841848895448,1
5377665613622481136,1
-3830181250243242814,1
-3595913640719086924,1
7780916059142716417,1
-2452966515260685677,1
-1311779169895462329,1
-395152595246060102,1
3385195344176688107,1
1470427155947280792,1
-1195423906164381114,1
8145879732547546246,1
312656032156707769,1
6774148296092282128,1
6489729392977432573,1
37086265123258263,1
-1062915112604669218,1
4297467264512069384,1
-1204696627152408781,1
9108081100976280567,1
-244101885774190166,1
4243688547472292357,1
3808104391952518009,1
6371129635798934612,1
4311857566837694567,1
642680340571188302,1
-191316688929498818,1
5897347512765879895,1
7732400749150088522,1
5399726290384147995,1
-2468135479383755003,1
6308827272896503951,1
1427556735113633229,1
3295212458281582110,1
5620584015461111807,1
1661726145962271414,1
1364022721423144004,1
4621992399990454412,1
-3654492925753716952,1
2858307885861217578,1
-6273973097138679807,1
-6092747029926626255,1
-6120964454021566980,1
-4351632133460409908,1
3720664975455725802,1
-4318874050672249405,1
-9115435675757963965,1
-1858460829580880254,1
-7530611556019634915,1
-1661332915816652530,1
1023014868614644337,1
-6755426043656576874,1
-1380803399636692934,1
-811158690726308500,1
882485755868669223,1
-5728972606027859557,1
-6195688803328343097,1
6929967939312342674,1
-7356739634820845005,1
-4996229148107374262,1
-4661931113731113510,1
5937345587051016453,1
-726932255387656712,1
7338834634776543712,1
3385949836170260233,1
1397263033657668477,1
2032217185143757559,1
-7201712435193405605,1
-5880376284960873465,1
-8234723982053160287,1
-7290301779457730818,1
4777803597898550009,1
-6654688478696664069,1
-6279910153584304370,1
-3945618406844103844,1
-775104437622073579,1
-2835224446917011072,1
-2864692022624750325,1
4220475916370460950,1
4286581150101678817,1
-343969437189368835,1
1927920596646830155,1
-2556298730036362719,1
2391621985286524997,1
-3716230095044332097,1
3862106270222282731,1
3874299587097504111,1
3170476334447538877,1
5544696973527214138,1
-5867515467431357519,1
1072245140818033131,1
9155068686216662684,1
-6350506159259716886,1
3450572774072661536,1
6124422268395815530,1
8843418982108365126,1
2770805092405588107,1
-7350261871866085888,1
-2038038708491213397,1
-7546041953264056200,1
2016881973916918768,1
498906628166156202,1
-4745058314763677096,1
979503104446022873,1
1231672908778315590,1
2909854709040001361,1
-7184816305566688202,1
3005951387082998897,1
-19988024307696515,1
-4068927576635712227,1
-7856494335252839258,1
4592518998755283664,1
-3201018482047781008,1
-2932234727141273935,1
-3783138134602981396,1
3677002742735803970,1
-5528371036419624529,1
-1238225411147395025,1
7502731656735468270,1
3731335854795831521,1
2651666183593320530,1
-649254580638333914,1
-733979028367740076,1
-3093315297433377760,1
-2887788424179871676,1
8392935945370823806,1
7169303428338187403,1
1312309222322069700,1
7182517688234378097,1
7131876295996597234,1
1705825891891460147,1
-3006793162525679917,1
-2593018302929663847,1
-3696793079721570247,1
340217300486491881,1
1115356665907501960,1
7375380532710353755,1
-6521402134978282002,1
-1292812581833868701,1
-6476380610382300635,1
1868561919873593388,1
9103900565077428115,1
9037077377939469716,1
-4702308723622859664,1
224441004541374109,1
5484669546890249937,1
-6728642257415862969,1
-4697090592682061590,1
8887356414635210222,1
3880294021672683208,1
-2718216738176594121,1
-3425964144375388799,1
3964028738931073720,1
5499726897216691977,1
3593324405965672721,1
7345632051280991970,1
8687761056856225103,1
686725778351616335,1
-2298796819912013311,1
-8219435020849328189,1
6621951831121322761,1
-2120234112802326809,1
-2340286260028563046,1
1932489709792491313,1
-1655164051285594746,1
1478951701263299924,1
-8742048871646839991,1
8351470849834385120,1
7591319027542713744,1
-8512995785663711932,1
3484417349535616654,1
-4372534834810610490,1
2260087026041165083,1
4967702748435510068,1
2135195233226829498,1
4477145719501898517,1
1363988328727058518,1
-1619777512722402990,1
4447662651822236716,1
244670041902792424,1
5449155986103718567,1
5764296798972800504,1
-1505953933357233296,1
4644452574440032029,1
-6258784410293868381,1
1706594844679545388,1
7945953252763272210,1
-4759041112583307160,1
-5289591004432963386,1
365350611620804548,1
2810460978342097311,1
8179166437451305830,1
-2411894970539378649,1
3552786866855840493,1
3657875762217746393,1
-5906334684202028544,1
-4520006580240419334,1
-6541715065268239120,1
-334855663584142833,1
-4408744659828744,1
226294673670138288,1
334358857885133730,1
1424366441267795128,1
1944540843521258353,1
210289536126605671,1
-8695565305690941684,1
-8134650569253732692,1
-8092182534036684207,1
-6885925025700450665,1
-5141590786886877011,1
3869040469861085350,1
-4413486481944671789,1
6553784661436823352,1
-1570105177173526105,1
302829350216208655,1
-5770571240562290346,1
3161384114490574223,1
-1925668204047637890,1
6859298656376465229,1
1320667522738028348,1
-3270554661720755232,1
4752274009674926445,1
-1031190130240875828,1
-3533687009824472271,1
3755509392429023060,1
1687521317984576637,1
-1721631139197930657,1
-7933304337387213124,1
1381632155163122454,1
-2194839103106652621,1
-5385413921070954239,1
-5485887959255856483,1
849126354817280561,1
7767054961423586360,1
-5881414711799449499,1
-2615542328115792853,1
7240745929962027613,1
1277390392804985813,1
-5819754970791586264,1
2427549842809202477,1
1852627829024051259,1
2304751137495682704,1
-6173556862043171440,1
2153894930646182893,1
156948094911838383,1
5868695378739277840,1
-863670132907615736,1
-8041804783437309159,1
6817125827617353387,1
-8101663209796827162,1
-6650316275428630264,1
-2837687514754663937,1
5462798281616305725,1
657556561259632038,1
4251590436336027847,1
9170244768404837674,1
-2880548531601723175,1
1681257515831642564,1
7893604466323115900,1
8189403677851176548,1
-8480454680242621720,1
2808189223001890753,1
-6305890702095775251,1
-7120247705646605427,1
7464833681321830874,1
-4793648505746232113,1
-6454385325102006589,1
2786007464790800918,1
4824583775930091738,1
2379276653581081454,1
-289193211040409072,1
-4797059532750717424,1
8305985318855367002,1
-5107002134241973910,1
9039484896963669853,1
7162030244123689118,1
-3239179758926501479,1
-6441623898459408296,1
-5805739363341546572,1
3080583195242580955,1
8438458505098899840,1
8992701497058297786,1
-7866959282113831245,1
-5720034386005426145,1
-1400676375463560571,1
8685184817568409427,1
4591851693539521075,1
-5850099636697645325,1
422809085452333321,1
-322921190484109828,1
4267859865434236174,1
8069230800797768726,1
-3358556641178752916,1
-2541672700218104098,1
-6965953680231355513,1
7140737147418099490,1
-6818789228085200329,1
3240281940936039420,1
4288024018197368798,1
7290993826717434041,1
-8279705365011033752,1
-2701034186046273316,1
-6149464770339622801,1
-976706965498390315,1
-1074833177002433126,1
4136661379909937699,1
-4010161906986145740,1
4467313571137367360,1
4464169409122232369,1
-1704363961196984775,1
1817570940088548530,1
-785443568273491623,1
-2966420159580726679,1
-8321300898753762235,1
-8051018988541914688,1
-6288869695953562253,1
-6427499130463985837,1
1867605217242457345,1
-5918067819102830676,1
-8203193216368776912,1
1155563822551603149,1
6931471392192412238,1
-1905457667931645195,1
5915264345705065593,1
-6182446192612395432,1
7306393998471763231,1
-4672544155924432147,1
4640856652916453025,1
-4087554750600803315,1
376421598375014978,1
-1744457470341613040,1
-8496084931604725894,1
-3381393339684590519,1
-1970205779756940913,1
-1450385433657301013,1
165062519015713627,1
-7101842874641945362,1
8021313370670107722,1
-5834830814089334184,1
-7132639054925939671,1
-6825751919450899693,1
-7671032040914729050,1
-707990082222016140,1
722962373500217677,1
-6509043246914074386,1
-5320254795694334924,1
7162500836497869862,1
-6993701063480649805,1
4162784668479398299,1
5585827200772781456,1
-7678318143551828037,1
-2530603225841923140,1
706694709403675056,1
-6145575093486441733,1
5254655353040253686,1
9062121931939184177,1
-5860204763597792140,1
5557881877159777565,1
-1827611148751140991,1
-5963393549736411103,1
1156300743646760890,1
894493003234231695,1
-9135009851048606174,1
2174116978023261639,1
-975236352003515477,1
-5752140872880225395,1
-889878365031517145,1
-3186027547809881099,1
-6077660747763540236,1
7648377321732216897,1
-747935331952634972,1
1102777844325927153,1
-4796349072727349228,1
8238673122028494175,1
-4354728024265298591,1
2213732898846724965,1
5274923772078863387,1
-2102752207614945868,1
3505853897349644173,1
2255366791116885064,1
4113152474411817571,1
-2054152442422980230,1
2954310722960049708,1
6806661805440679208,1
5533362992133554764,1
8315135821388050161,1
-7254192012443404397,1
642227578124013748,1
-1945348613078658558,1
-6933379572522776779,1
-7303988954018569805,1
4224275987672300882,1
3270103056444606283,1
-3215388412295351912,1
2849957806249721922,1
2967226858334679645,1
-8725964416684240162,1
2955351046304004325,1
1864314202513642951,1
400644197150109534,1
5466325820232732992,1
-5944160054028272257,1
-7732918982357137838,1
-8896113700016905010,1
8943810310671119375,1
9033536209241222326,1
1499700256010737046,1
7427838379813137668,1
-2536777629765867806,1
1028644946943118384,1
-5636273011219449895,1
3651567403330144444,1
2084883966751475687,1
-6257638976576202435,1
-3741572146018227729,1
-5135938532739120318,1
176726757347148127,1
-3286168542063473531,1
-7447254124420950768,1
-8332224317229555776,1
1433510543541572609,1
-7764624976871766109,1
-2318201611434488994,1
-149518169467493303,1
8953017076719019015,1
4743855077560832913,1
-6657094128306340193,1
-9107587316528043364,1
-8723001157431290630,1
-4538915383060539404,1
4067945583138530041,1
-2817605621889065386,1
-7473187522504245103,1
2231613173175552146,1
-1785434590010939021,1
-8739303909566449370,1
6871775626040940511,1
4268790374028179746,1
-1666037653714966142,1
4031100338476249603,1
-286174613360739132,1
-962079403619459780,1
7980388789508884919,1
-580569871767534715,1
-2390065894226111372,1
-1945788236260652782,1
-7227744675393037518,1
7933427005346919654,1
-7158156780466981981,1
-1924129347169583603,1
7809304943053927193,1
2333547289333241846,1
6744592666483263827,1
103524025622628692,1
-1749133522029285928,1
-9002359542826360811,1
3754925220400260573,1
-2282089999656652654,1
4993079554550058186,1
6948275141289108614,1
4331550381597755265,1
-9166974947464213857,1
-4821369087784319422,1
-3812210612780414216,1
-9104382570113729876,1
-2137727153610784005,1
-8836948882719901896,1
7147666945665127991,1
3876632884734998522,1
-8074300848076169087,1
-5296656671415024926,1
6047066646294215712,1
-3863939925933186654,1
353984160585866377,1
7505856122276764888,1
-3798715787350702542,1
3825558604299775160,1
-5244006280006788771,1
3756704406790980623,1
5405299432958530700,1
6887240398337110597,1
5519368913693710783,1
1874735938282587832,1
-6876764475481178420,1
-6051312103474331551,1
7055967407930558788,1
4590006245140171963,1
1726324243192151712,1
7416052549838928524,1
3033849471030459079,1
8583886252547450095,1
2766860709526912048,1
8738887367220839439,1
3227166106942179342,1
837945787026088402,1
-5168631560631341810,1
8481310238499447873,1
-65452170285870805,1
7754556797161805732,1
-1282245982446770613,1
5970997087642907545,1
474997248957587063,1
6407772709349049492,1
-8975704856235051882,1
345833721429858260,1
-7290830364972459056,1
-6739042650244698428,1
920479098243935933,1
-5094953344132526924,1
5702525244864278471,1
-5047342745745910769,1
161695510809671476,1
3684976293077930599,1
-7467311724949359784,1
6573552928055298959,1
6179940478360402554,1
2358561365616705575,1
-5072359719695575376,1
538111978921541043,1
449182951111474553,1
-7536725857115776319,1
8024618240339575353,1
-1455581592374156137,1
-6588453065833134452,1
8834802405036589555,1
8347580386738364706,1
-6304133127886004868,1
7356221856806682226,1
-8707295212134819669,1
4705606167839625396,1
-7882030742364786000,1
-6913536346382366996,1
7969249214580498260,1
-5979106952917675569,1
5770641134412047753,1
-6056520809263542325,1
7478412121709438732,1
-1956346932531174557,1
-2623227106377106287,1
8019861322356711292,1
3319069698831289384,1
1344211216480152347,1
-4576657875297370110,1
4469332563513823586,1
-3426322161527506177,1
-3012683098458224800,1
-1868181065302624607,1
-3221315806920687963,1
3486168657050853850,1
6248223830142734615,1
6094573332622104603,1
3923692481062083427,1
947067332622868996,1
302535804966359461,1
-3139801570383419518,1
6156287514689894465,1
-3838500157203394030,1
8101716185873689874,1
-8192700972351598100,1
-5710269481513801172,1
-8099167002518147522,1
2649604224369816425,1
935174117939244254,1
6086703046439154334,1
6588511919972215263,1
-8792941547572687820,1
-2609168912925773336,1
-9220231240125618424,1
1985816429257350957,1
634066872757635974,1
2780433258399002798,1
514802543686114411,1
4737123485979739381,1
3512138797826183285,1
942243367246066007,1
-3657455078743963842,1
4344401580357783753,1
-8301735097906203522,1
4565480205093663253,1
84085943699538732,1
4309011362677508370,1
5390471376251488088,1
4558520517870788268,1
-3432929173664179698,1
-1132433900945799780,1
-5771594009161623844,1
7735092858632575626,1
6719184185294481564,1
8668884370951492238,1
2652703721616361049,1
-8718464614866811833,1
5679799600550490873,1
4400812751414313581,1
-5568212041856060465,1
6826052259247551312,1
-1460246023451723983,1
9189850554354014987,1
-7696375982315936908,1
-7812208651124681288,1
-6178250709118931501,1
6589572076721220920,1
-7796604560920151128,1
-3198577617000165894,1
2577741808012873674,1
5322290686481537530,1
-3159336216466615485,1
-4509325676034760554,1
8038440941035219407,1
-3086071760857831162,1
3383096285011968055,1
3226883068819769208,1
-5640816612663678091,1
-1877654326779812249,1
606019201142649621,1
-5365488995956441068,1
1108559197587960763,1
-1813259245740708923,1
2624443769603303492,1
6295585742200454068,1
-4799147686335000278,1
-2818140211785287608,1
471758452587476141,1
-947378564549725107,1
-3388799200763979934,1
1398222303476353431,1
5631553586237545701,1
5682146916123520854,1
-2902309934629938733,1
-403831383913868167,1
-8034264356160257582,1
664455970051388036,1
-4071060034780773088,1
7533291985734110486,1
2818141464278857359,1
2615287288945881743,1
-1960322268246722097,1
-5176563138556488966,1
4604528948399251882,1
-1822970636737197391,1
7884027921652244332,1
4472452340085506418,1
-7030330892141918685,1
6617757677948243037,1
-6521962341309475322,1
5107539238653354607,1
3263934641475596544,1
-2772380522625233432,1
-4048907954628994344,1
6720909840474264648,1
-8103357650244408806,1
-4035915763899329816,1
-784017502264068140,1
5189269909340167183,1
1947291899674204732,1
-9115142373338253867,1
5145545147883305266,1
7157762984703384517,1
6044713533199965122,1
-5762533207191942744,1
-330432975232061546,1
-4993749507787490824,1
4769042622117788236,1
3550216845469918424,1
-1323354057921139443,1
-9035469201909845879,1
-7899581295119451112,1
-1123886477071691266,1
-6115153098015115744,1
-1062877362200601461,1
-1999718878748591823,1
-5975649866951118547,1
5785226788211631201,1
7743677036303325202,1
-2945294929546754065,1
7969401842102348946,1
-11332104750716509,1
1251961656267262266,1
-3404098361702979287,1
-8286356389100038697,1
-1198092736476270634,1
-8641352885450119124,1
4505259365338925453,1
-7072968221825366933,1
-5623637764755245782,1
-6437438837599049810,1
7794196381734459609,1
1768849737074115745,1
7567753155218620196,1
3852915496430730531,1
8525452729370345209,1
-7871153352690641254,1
-4087888045381208611,1
-776384919107832736,1
-3956224895750430604,1
2956844641491207871,1
854912134416463463,1
3809385665149218351,1
-6996754483276125177,1
-2692597371319049066,1
-6170527498707751545,1
-5795377247667588148,1
-7236030172125724964,1
-8174557984504417573,1
4477028295467365934,1
-3958027374040047483,1
-1641685973932246880,1
2468343737702774646,1
9022924168165224221,1
6224287238691979243,1
-3938230239039304108,1
6040772019030980028,1
7912537769115218421,1
-6868886338243494622,1
-8469669272456120100,1
-3081972860175554206,1
3537662932273167008,1
-7072923214010806807,1
-1219411390376149061,1
-4512650864578116605,1
-6314358174203291586,1
427350773226900716,1
-3962438968896653633,1
9170085999054763400,1
-7755586094476259689,1
7682774650992620451,1
3345282848001485972,1
5063334254798518899,1
420931551728075861,1
-6485926972250287602,1
7029997905090389993,1
6969838287946713164,1
-4086861609019469804,1
-4493570559118012814,1
8475991688832516101,1
836587179448405349,1
2303279198864268314,1
-7670759115674664805,1
-3512951506859757692,1
-9082336159631716142,1
-758197209246547891,1
-4991305508811176064,1
-4471512196994659238,1
-1359413917360069495,1
1298732707409540047,1
-3729857273718594375,1
-4530664497599487285,1
-7770302714823290961,1
377517699936112156,1
-6564927331460579297,1
-8528157556601447204,1
5866131524652940344,1
-6341249319470786338,1
6005975397600737603,1
867671324660095602,1
1500918251811182875,1
-1333626894908667297,1
5523332717458809525,1
8567281086216825320,1
2468272466040676529,1
-1709826142041375912,1
-7291961449041009995,1
-6246948958660346020,1
-1874613483252178038,1
5761147223982861357,1
1033064256364147903,1
3957521972827564304,1
2709024957152603198,1
-6724732468020613085,1
5522428187716062019,1
6691049418236147953,1
5576004900923808898,1
7436184975881745752,1
539019521255329245,1
1832096949195615770,1
434055981163003827,1
-6544934477508031284,1
-2723536037249766277,1
4942765345170457857,1
-5288052190518049345,1
-3406458116010308527,1
-7919073520641006854,1
2133933047441657181,1
-5711546994053694926,1
8060020542703286005,1
-1962163846604115042,1
4691070540790544590,1
-3802033242045566271,1
-2802448771497831695,1
-2678684200867720211,1
-4857611023690575126,1
463745696543948643,1
-6150750462541938984,1
1682237879113592225,1
4840111112806849095,1
-5879879725612650510,1
8762503166496508902,1
-8738371953473951209,1
297900752714640568,1
-7954204008362660475,1
5937963106870658799,1
-2445562343117587910,1
5201931238829682133,1
-1518285370266062155,1
-4787940206750899829,1
5747487767453286209,1
130381316325203096,1
-6606045067871752623,1
-5207793406486942538,1
-4297567214532399530,1
-881330269500774245,1
5693350521367978127,1
2493071675270590842,1
410738827481295971,1
-1961719871443091461,1
-1217740215515782238,1
-1927991984096487267,1
6396950931575151443,1
5311723448708662145,1
-2451796017535680219,1
415660151579342941,1
-9145091533327976061,1
-7016430428958618849,1
8948763008160995091,1
-1176870657661907923,1
8795037040128004000,1
7239658311027025559,1
7562600337060431874,1
6793238515393849316,1
-5283190599467200818,1
350627332304550065,1
4269489785526246431,1
-8340032527308415354,1
-4823753932162398082,1
6346403393152597592,1
-1857436990912929609,1
8076836314086784443,1
-8678940816793637353,1
8295687631085223625,1
-7737587517978078293,1
-122116836585031731,1
-8432734328389944857,1
9060836311691654154,1
-5996054017910507631,1
-5076770079108832226,1
6729121135156441579,1
-2221904433781529116,1
3012633598698354572,1
1030675438252204021,1
-3178512073337756229,1
-923100909795743334,1
-5408386052494163797,1
-8029321171279002041,1
-3100843518275851221,1
712936456880916720,1
1599706517240875159,1
-2091342185262218051,1
8709308092639720301,1
-4963176903823446877,1
563287217033180165,1
-296338308547321556,1
4676774914798957185,1
1188535032680845974,1
4687845925300125828,1
-7958480451453060574,1
-1313554164741758098,1
-5522852935523223763,1
9015461047478354917,1
4536916342223004470,1
6934897671062761407,1
5490659490142221113,1
-4157178034634243693,1
4458907653379107920,1
1392913260343662397,1
3141811800564894773,1
-7667430410820704524,1
531222982568052232,1
-610599113599384346,1
7919185637770563503,1
767724228683723027,1
-2117225408060748908,1
-3486756537747375189,1
4443812170349359225,1
4929495616147263418,1
-6162130314733887864,1
-5979128609221880696,1
7023586054129857621,1
1212984278602966657,1
-7382541788537019809,1
9152346342801625062,1
3701873645297531358,1
-6563119140075651898,1
1139073230460792428,1
7157697164077242793,1
1522100676410307233,1
-4036027292892366702,1
-1455616655752574562,1
5822380971208312317,1
-2905184238236902634,1
-1118528948174636749,1
-2715405425212938560,1
7404463199274109477,1
4268011064565026245,1
1660063269801547436,1
1374430947748247008,1
4040870609824901347,1
-3715831949805989842,1
-1185100735443820803,1
740761769273482640,1
3907927797387105048,1
1645391566353934978,1
6113798548902461520,1
-4101852517660563599,1
-3178294364838942356,1
7724853039807635869,1
-6126045927866034588,1
-6531174053038728943,1
-8262503732558927909,1
7661188249807992888,1
5385432705435098523,1
-1965774486624296078,1
5636649344470335218,1
-8894728299343808813,1
-5077332279507708191,1
1146565928114325653,1
4035391213219110172,1
-1559721635823646764,1
-3437615962579188255,1
-4670035072955908356,1
-4182696587261607692,1
-3113035740341016824,1
5222698368427402368,1
2401948310172118634,1
5211379204700646421,1
1509649545697763836,1
-3943387339251239222,1
-7469858076675696773,1
-3188654238710860030,1
-4179001749702600443,1
-5769295607589796155,1
-3014442953396576028,1
1376026984351013229,1
2091033114529744884,1
771064708894336535,1
-2151153592466119366,1
-4279033295202599694,1
7254025405303430840,1
-7614071793632755497,1
-4468842426251539119,1
-5752574388006107607,1
-2962225911316317043,1
-8742035635491867922,1
243780423423688243,1
1026753061360960379,1
6167830473301118746,1
-1099468139003103404,1
-3737717122913824686,1
-1585826931744107951,1
1945356482304268728,1
-7296196845045987958,1
-6713531496359678485,1
-3743027861473612779,1
-4638814457501728751,1
6582156254930053309,1
4644131353561953645,1
-5791787873442914758,1
269005598896782678,1
-2524402926854462624,1
-2404931599980406192,1
210270443332456851,1
-979645468133181826,1
7113787882103804097,1
3471728049043953255,1
-317781620352193491,1
-3271956095902126502,1
-4932614809946726920,1
5671449029608964343,1
-5564580100497039677,1
6558212930111865399,1
6068099893356552003,1
-732545562991952189,1
-6826954660190989625,1
4885638103052681432,1
7353410026255665617,1
7603729171663127561,1
-5988968612711750446,1
5583355373263049360,1
8758339900931682543,1
-6183656859082152529,1
4536190127584503463,1
-4050868912737213506,1
-5625487719972061708,1
3341039948682244198,1
4643996925901733866,1
689940298931143714,1
-4636497590789786637,1
7647821139999661784,1
3370643792685169400,1
3020088909427494277,1
4475306419391786740,1
-6596519942019404072,1
-3776141558089302610,1
2368892413213179411,1
-7186433025772785116,1
-6631480762674470909,1
8032191881129254752,1
3327009219926524044,1
-2669860558838954733,1
4611632649661458239,1
5192823035718764432,1
7732435324821291632,1
-7861572563281001221,1
1416711268451610881,1
-4428516700810002888,1
-1943595105435455954,1
5416484257487532818,1
1217122794033727955,1
1972152501528582522,1
7193388560663536190,1
6170224340711033435,1
-198177147045864077,1
-9040061692848058872,1
6602567627181669635,1
4361558448450824436,1
-1891918545961830907,1
6638659239261035772,1
4666506844706798190,1
5761645258449048578,1
8835051685827811935,1
-4070934623099966149,1
7203135406011103831,1
-1457684595129931677,1
5828955018471175868,1
-4537153116442119224,1
-8082660552072183885,1
8854739671667789196,1
2817163679132814426,1
306275965103337682,1
-6727249839133040965,1
-7573618926391858006,1
3800037320906141561,1
-360449673802946448,1
-1012164403366816794,1
5530199568212353253,1
-3597561449926158584,1
7795616429754802530,1
7744417967801412206,1
-5610513444821321362,1
6276076979051157840,1
-7658537739130441232,1
-951406230295059543,1
-212520035407247200,1
-3453408908351264144,1
5621186614431213587,1
2630986747922646292,1
3923349183412407383,1
-3232156267958117079,1
-3259247707501870236,1
4920160926828626745,1
4295357734938295521,1
5357163235290701701,1
-3475313476076659138,1
6765551534783558149,1
2240944191141766066,1
2174293133037800126,1
-5833225922452337105,1
8011631322466786288,1
-8654791901975334347,1
-5051950933071911215,1
7505451605840665778,1
-1973028672557649922,1
5279870513459960456,1
-4384132582361418892,1
5146071952292098982,1
1685313317306221810,1
3674391289569139709,1
-119685333844377781,1
6094115800572145332,1
-5353247754847907920,1
8991398528596991413,1
7997426160195096431,1
-7893186205817209220,1
7143802945994799267,1
-2393768069759769490,1
7480204095353417488,1
1659412196119520047,1
-776543863311176753,1
8634235853954362381,1
-844362938675774840,1
-5023232966974334972,1
3173037400479844290,1
7817090079154747747,1
-2416449449576971686,1
-8622007004457142810,1
6611986319053843833,1
1927385540534649378,1
6257916629510062282,1
-8352671075507875377,1
5127489954489512322,1
-4423797256310441766,1
-3087040075308180778,1
1297678811348999285,1
-7327515947756375321,1
-5831700006599543155,1
4946573551879721960,1
-6547376056009705858,1
-8480254864518462345,1
2920597481424217149,1
481727755462532547,1
6450071722608278375,1
-412041200992932634,1
1411883367497429389,1
-3804066018342062607,1
-3889502725493380305,1
-4135879415803957704,1
-3078750984671167384,1
-4447138034945985898,1
-2204647419913963737,1
-2671530224529461471,1
-605398714408660647,1
5353078859128368712,1
-2020573437138162454,1
75094190492929867,1
518665505697098553,1
6536334672716115421,1
-4169902042562575928,1
1018527011630349006,1
2610083168072642331,1
-2016866153631982674,1
-6522538874296853320,1
-4340612836414525809,1
-2272535142747829491,1
5240023676264918816,1
-6675654140956372218,1
-1677050798397908210,1
178662274262909371,1
-5583476487334918939,1
4253107147371650803,1
-391726820740672390,1
-8749968048988805233,1
5431148644404993685,1
4653967287300649260,1
-3845165402509919283,1
-293639984544161735,1
45356844113198051,1
-6688185530803969379,1
-4521348576329708698,1
7936507466304639873,1
1766962751656033897,1
-3847544004896589238,1
2803841697081878799,1
-4282643049209474211,1
3910234841602064320,1
256372915715973957,1
6306945115177884663,1
5581556898368642550,1
7022934969977389306,1
-9070494734159005149,1
-5026377473176112388,1
-7492943394827205571,1
6800530284682366992,1
564125405218814197,1
-7109034292801407498,1
-4668616388715779181,1
8303739416386342645,1
2636932523496991055,1
-2386256310318075495,1
8173546698089299564,1
1775923668378308829,1
3548520163370057282,1
5020838014273222623,1
9216687112121222239,1
5754746515918613788,1
-1324876874019081004,1
2363452353450588211,1
1125339317755776986,1
241170640538048711,1
-5610315941893809032,1
5625254156457757475,1
2348600048147489364,1
224695737435738760,1
2141510889475021641,1
-5434039101505886674,1
-3066818082274820893,1
-7520432001951251275,1
7738926045708473391,1
-8469168148767925329,1
-3552612614361488177,1
1709230551144796032,1
5428800790198351896,1
-6121846677581341782,1
-1277142833063870781,1
2484440360515621758,1
841165886587716980,1
1318549302717718219,1
1364795948790675972,1
2785680657459424620,1
702844853994587218,1
5368087632440191743,1
-534341195811138146,1
-2569279878058908158,1
8901444710451798904,1
-5135019799959265165,1
-5419383209728655881,1
-2914114225129363429,1
-8837739542182514974,1
-364032197411647370,1
-6140021188914469048,1
-7925824191985257102,1
7988842680186597437,1
-1538461546574453652,1
4924046377485406753,1
1546117280584806446,1
6779167230661460425,1
5001204050571282204,1
3476082482027277894,1
-220770836306077198,1
9155527072964479618,1
2505846361630280546,1
-707027955675725482,1
1087449466717083395,1
2019266892646014255,1
4876810554316583804,1
3416893291975429430,1
5380130378589990557,1
-5604784060326511329,1
9077298219118424294,1
-3894487104326294831,1
8770905031558732796,1
-4131790741619089442,1
2663982940227399643,1
7101738602224574555,1
3201597704523125350,1
-987133986483588987,1
5140598867844754395,1
-2461678483525245985,1
684686627205552215,1
-6284795454518859145,1
-8182821886287645619,1
4388122758032958788,1
1276278961329420590,1
-8363228466055894948,1
-4858824386018304345,1
-49158767113693575,1
-4281392701585051210,1
7529692584145405180,1
3488042804812912004,1
2655809089989163845,1
3566930580049184969,1
9143344484731862448,1
-3478245158180209394,1
-7094875595479630461,1
-3523076074509975089,1
-8098338003493972811,1
3448677746674310317,1
6797651216084167202,1
6820570870246498228,1
-8586709110025631597,1
5624393631925077596,1
3157314121142295435,1
435725081963665488,1
3173747245520463648,1
-1488855697235022444,1
1126287947103486690,1
-2127148654370076021,1
2973558732150927606,1
843097177091168946,1
4751280322308910026,1
3506533210258941575,1
-2697932638591101298,1
1081015664171557327,1
-6189848811027493576,1
1782534781453676163,1
2290378875672381481,1
-3435136036580324615,1
3899907801985518162,1
-7469164919665110797,1
4377808788534229628,1
-3607209202995118196,1
831888237125490459,1
3535302863619875937,1
1239599359524985085,1
8783301411664501618,1
5237186554362506664,1
8606954898784680592,1
-6023900829523092653,1
-3190861512446201727,1
-6436009702857173246,1
8859580429968514697,1
9220567018612452669,1
-5847287409107268851,1
-2792945380283308744,1
-4809297293298434357,1
3016833712939585635,1
7162694386041493787,1
3142430545272555601,1
-4339351333674496913,1
-8550879170939116847,1
-2752341664008409279,1
6397686850151597936,1
4674390756798686645,1
648641704458315801,1
8460671876864314005,1
-284623213412824368,1
-4792598821981024456,1
3760786493654162133,1
7811260686163010671,1
-2969487756924723061,1
8743493376782549008,1
-1119470658823776886,1
-167552989092386161,1
-2678683045659468732,1
763059803725776867,1
-1026516728005475978,1
-4378700647698968413,1
5656805776860619534,1
-7332439774118010670,1
2350091667466686921,1
5160361916765592148,1
-3636334772428801528,1
8702147610440897499,1
-4785042043264264493,1
-2484315436982281496,1
3925754424792454589,1
-2455918544733956154,1
3925228457859704083,1
1958064680054252172,1
-1217561837269730923,1
6989343584710409344,1
-1600904440050838092,1
-1490935225881537277,1
7221269801446095685,1
-7297235085490982402,1
6183964274566217508,1
8814949560668756260,1
-7063007775974189017,1
-219761322872974076,1
-2097009581351676534,1
1210004882798117437,1
-2889895250280173124,1
6035528816426265353,1
3990410580024057480,1
-4968103174512505233,1
7231357315600333730,1
8116230813841999503,1
2388873913213180318,1
4472967237219396764,1
1296634308223791193,1
-4157379139591541284,1
2323062964016762703,1
-2704826028453420025,1
-1293056184785330949,1
6602764619134872876,1
-8219266699384368998,1
-8052410579173098114,1
-1829884225642274845,1
-207630217908400524,1
-2882338489382504794,1
4776180917752024166,1
7695181169546761373,1
374799797014685304,1
-4557990238803487935,1
-5401086566654911298,1
2759322252817811003,1
8683436059421385947,1
-277649221622476857,1
-8986464127387316429,1
5889556420078538531,1
-6771148833027777906,1
3817195809894943101,1
8131536964474032517,1
1274616315980306292,1
-8039900348433232187,1
1994697881436977339,1
-1487547706893933171,1
-7989358788288169388,1
8026229386036501112,1
-6916281056667638315,1
921136256908999801,1
298893665970720725,1
-2798554925062278296,1
165213689931240317,1
-3886522486764405001,1
-5194068522334828400,1
2144362597328651762,1
-8990896412080313205,1
2483810225472811725,1
-3379651515799001070,1
-6602012520580603218,1
5550889624601703540,1
-4884606618028929004,1
-8533150350643781818,1
9143484429264006153,1
-8335489224766962524,1
-1731705275121713356,1
-2061564746181847940,1
-8974365899504354323,1
6487091438224677473,1
2101433395074229039,1
1425759101452112975,1
-5805024424390416811,1
6439277615873052421,1
-8417806006626743986,1
-8597378605348282504,1
3018056185804585482,1
293917984434667940,1
-3226960205834258921,1
-9040910664543003986,1
-5019289567218041192,1
-8817649657534507877,1
7540279241568234844,1
801154936449126941,1
-4205497349385585250,1
-7790271761240553434,1
-3621065049600531749,1
-7383524347272085202,1
-4119885255349280474,1
3884110670296045062,1
5065529623883571662,1
2631047662336937013,1
3920280810343403939,1
-7859031182481480308,1
2371870722636740741,1
3641168175046342607,1
8844249824999915754,1
1499036860736422683,1
589148275031370425,1
9162950769863573276,1
-680358994887718431,1
-2052824760182359735,1
430836883440116230,1
-2867364985913815713,1
-1453791608436159279,1
-6716335299814400614,1
-6494421892170059194,1
-5180812236389531157,1
4301649871529625131,1
1815021503077655563,1
8736058329468792478,1
-2075290569764360052,1
93951183363947510,1
5570695959033710449,1
6336994161984946123,1
-5022508248355966857,1
4230872850245633999,1
6640678551634936459,1
8298453809659403204,1
-4259649864920732753,1
3761551840433759860,1
-7006249768481855941,1
9139928667482448544,1
7099395424380314612,1
-5906406217680722140,1
-7748577013791854845,1
-3105963551589605388,1
576677826367227964,1
-6426804840210921358,1
3769630208373203449,1
-2784231933973922393,1
-7829311958647177865,1
8879069203241427312,1
1236211392602352837,1
-6669187474355402192,1
-8597034536770548660,1
1672212665315077775,1
-480045693784576561,1
-3052899079710853698,1
-3544493596094651071,1
-2788890656047711443,1
-3042278054011397872,1
3584711159574938003,1
-2033293445414278645,1
2942856555062663348,1
-1943095885606411359,1
-1923259336580263908,1
1801695506548050030,1
1963856953597488914,1
-1471797611156723564,1
6291414161073866742,1
-163863938670254678,1
-3423383800817385193,1
5860062143957370707,1
1305016252422439496,1
-4973227607435393332,1
-4001965065889784101,1
-2837895337042874823,1
373401122239495252,1
-5692691336530220108,1
-105172535168575018,1
-6847063956010446053,1
7985977548061214607,1
2264148469358080679,1
-1888567499930677871,1
3176812666752590069,1
1432810962202711667,1
-4832281317651930198,1
3796170154264400821,1
-615631497483947743,1
8770463316535573570,1
1725399125696795360,1
-1744653272557526673,1
-6823968641417810236,1
642114223392920189,1
-3271542841540049441,1
-5244299950346820676,1
-3737433808529791818,1
3812850123679093367,1
5402083438235347177,1
-3197877085105134488,1
9150152887851323216,1
1885251006676208507,1
4557221419138612910,1
-3819907097674597991,1
2244732811239856458,1
-834496134145425788,1
-3436661251944165921,1
-5155244117498307483,1
7761794833456742082,1
-3276393990814910510,1
-6438608464672373001,1
-3503432172595346947,1
4842860435425735774,1
6958988385055020477,1
8946666332083942140,1
-6535182426993354280,1
-7305716549195184310,1
-8726684686624030514,1
-4795643798712639365,1
-5753705623085066898,1
-54111938457928578,1
5724854350895873300,1
449909819642129605,1
-8927869264109296152,1
-8978454066474338867,1
8357012659746997698,1
-145993978324434864,1
-4557788620902116296,1
4959019837666600899,1
5852505289905112484,1
-5187644613530552824,1
-5536219049992338220,1
-6587800551568577856,1
-5643645489889831313,1
-1204656423313431464,1
-1803921379259599168,1
2547067361280369953,1
8707283567776093594,1
1266657230526454314,1
-462741182968207830,1
4327720571046722024,1
-2361977534275287036,1
2147535627922648914,1
7046371168154046088,1
-3690919105050765172,1
4750589276721569722,1
5175134861843288308,1
-7646171232269676663,1
8124653469336243666,1
-5685706398391752924,1
-1237603275613566468,1
4253611908589263391,1
-7212974477730995979,1
7532598023672882860,1
-2813173215395077979,1
1736857135704944157,1
5649720473327853652,1
-2090595853327002850,1
-227232886656169293,1
5606921773630104586,1
8726149248266802849,1
-972064891607952499,1
4449423980753344854,1
-7487012698533462064,1
773736252713424078,1
1217281531288335681,1
9183607075354178174,1
-3835733845022463796,1
-6071169781355449668,1
4896388816849194878,1
-8293602778240437401,1
2539670589346033830,1
-4267762463149983445,1
3060975086422480261,1
4052234860536165035,1
5995152057009379378,1
6098245854330092714,1
1234124163218464749,1
6830584055007257401,1
-7454255156596118241,1
5999224957666700975,1
-9097469476992832257,1
-7870901361753258238,1
-6894874751982930008,1
7799619138672686135,1
2063056914140248582,1
-5420842612383179485,1
-6986309170261897959,1
278028710821547515,1
-2313170407559262967,1
4858543198439641386,1
-6165621354695948299,1
314671063572061452,1
3540389993434940798,1
1446287894668673008,1
-4981082870755052407,1
1892964380777125075,1
3906443137328913029,1
6155841514186623149,1
6310158411289936468,1
9157920653054200332,1
-1046806802350286998,1
-731068327890005439,1
-2018293646503740483,1
-3932387288552279001,1
-4603823114634822456,1
-1138742327845546624,1
-2440604903753784053,1
-8211569110367535583,1
8725629382189383729,1
-7265607214753340380,1
4667749464034471680,1
-8252109405728522053,1
8083860531338984564,1
7752489391394108768,1
-8949428408670062738,1
4209603549638027415,1
-9096730403197225414,1
-9115101644494114822,1
4779074505327886758,1
6246238926325675838,1
3820093776900640064,1
-2448716383250609210,1
-3089164508122798329,1
-147329942393835937,1
7795545392412121043,1
-130400752537809706,1
5806053332743571649,1
2495254993697334325,1
-8628449718643749258,1
-7784585582272433603,1
-7984904950641215322,1
7194233052588510771,1
7135460391276791503,1
-1023694944210016687,1
7362266276961631536,1
-4146855162961676005,1
-3833083414539215572,1
-5986806081898466765,1
-2416987225679823567,1
-4938335968088398907,1
-5242063288385914364,1
2598479675689328817,1
8927168547581473669,1
2064872264463562134,1
3470673784953761814,1
4889094159350737872,1
-7371932475422183850,1
8052715779049212753,1
8027523772477900797,1
-9137809021062143418,1
5529800278249049147,1
-4271055707122538985,1
-1981981296715028047,1
422244457928807139,1
-14383789303833936,1
7861880950109351377,1
-3091185162354317529,1
-7899434101700032398,1
3796993003460878388,1
2354578117426354963,1
-8074005976128661104,1
-1828340198204440880,1
1922016975712743836,1
8886330982457237727,1
7808307914530188587,1
8854494353355792356,1
-5467267116741089618,1
-4776102454323728945,1
5055718795066291130,1
506495869502025749,1
-5002524821093522735,1
1361362208133482801,1
-5566344716457295241,1
3627077850949275870,1
-4384430535504795643,1
-4980924072888027149,1
-6579721077764301432,1
-8347746910390241484,1
-7716220174469693116,1
3943928867095605220,1
-1135453192818925322,1
-8811171405418410768,1
-4680102243504490844,1
-8265548791278854741,1
-3949886112258967244,1
-2556743067574115392,1
3617588772461560119,1
5614164513047101599,1
6265497582057100333,1
-3235687666759001220,1
6289325786441944330,1
2488967673486181609,1
7417569123692047925,1
-8052059912295228507,1
-1781755403540693420,1
5910386098415779140,1
5653137506165560244,1
9052917237587183343,1
-6968078398983120819,1
6261435407224032717,1
2508333325378765632,1
8485973036879304469,1
3667319367290269605,1
-6146956812150050893,1
6288811241154344535,1
-6039229894484798383,1
-1205206639249759890,1
-311123670253837999,1
8061346859509043522,1
8906808433289477107,1
7700360085396253903,1
4458771591669222571,1
-3940550845539462710,1
-806455337519370485,1
-2629685121465314899,1
-7338052856927506888,1
3141007521637957448,1
6245989538710527590,1
-4469631059235185930,1
2500064494263099527,1
-347381527982661459,1
8170030173522667081,1
-5146453333018452733,1
1338231790779952055,1
-1722281061226104025,1
-1477039113334661746,1
-8761016383044763884,1
-6217069852009043985,1
6242372122800888502,1
5393558724325476811,1
70848598675682299,1
-9126487585299998770,1
-1527081156235843788,1
-887741061881447662,1
-6885257094174267514,1
6000893416560101218,1
964260425037456871,1
8722873251705518357,1
-3610217034180843183,1
-6204675227400359415,1
3750502971045315119,1
-2466333622902975135,1
-6242444119418939811,1
-8337345687189019135,1
8044538470707687287,1
7057873218706878769,1
2552906292084074485,1
2975032969087100311,1
8930650660138395665,1
2447935652409920972,1
414156475383497509,1
3695339492271565591,1
-1839854605340360491,1
2089949170267394586,1
-5479552998992503764,1
1536127659323793927,1
-2221212658617709900,1
-5471448523008411121,1
5024591233168550105,1
7228595946239120006,1
-2505587482614736113,1
1229983697471331865,1
3968382949199271405,1
-7999432505460236996,1
-533900331742541339,1
-6161502775477734862,1
3461970833186727439,1
-4938282450943828775,1
1886033309182839612,1
-7770725566739050302,1
3538055856449262982,1
8898767530368296452,1
-4973207393952905865,1
5517913410979196733,1
-1774361877646798007,1
4972090325644077149,1
2841728429765329088,1
2434457065856381865,1
5887135101511343291,1
-3671473653765841912,1
4284963242682691765,1
-5520470523831923524,1
8645832282477877129,1
4076261742662093655,1
-3763759724543984399,1
8822494753907135591,1
3263735798354933445,1
-580380646757167123,1
8169226666343973840,1
7861320342518330359,1
6882861104673863485,1
-5481592749430393426,1
-3887658082955625368,1
2324381204235568968,1
1620043596125701774,1
937460810561713193,1
200704208811575628,1
-1383711477412200142,1
-4796085035681296146,1
-4147872228387599252,1
2286504414991997497,1
7847493210104626267,1
-2573183101764495068,1
-5108286372479717919,1
-5700625455958752559,1
-5319825687733231497,1
-6848417553584077110,1
-6188033100194148620,1
-6833633583603877424,1
7715266198507316121,1
3906162262493120371,1
-2768729042585659610,1
8331079688631641705,1
1408337236730346914,1
7560176766108525718,1
-507943269792564034,1
-1811504823925330831,1
5560225890285129906,1
-6045379345777164115,1
5627275579014330969,1
-2459836701179849195,1
1025521416434867843,1
8683925481977833241,1
-4116102289346689056,1
-7980840989232474459,1
4866982975630684572,1
1895468725347081877,1
-8956730866815241814,1
4830503224130202029,1
-6128457596937028348,1
7988180017289945213,1
-198008357132761811,1
3269112041345698819,1
6364400290070782643,1
-8247732300242477982,1
3660113340844917920,1
6170197115781811729,1
-1419394201805870471,1
4129738252845772358,1
1251473845717681545,1
4336245950535567565,1
3231139475053173361,1
4579230307805746081,1
-1237341604872967557,1
1530715447879883933,1
3495623516556199495,1
-3381619730313977406,1
-6107783876478268824,1
2526469151902005739,1
3160234979873193876,1
1112493236888034803,1
-6152260084411281655,1
7223216568403055699,1
-3055855387750169748,1
5019725304616065144,1
-4022238851884774192,1
-8665167287410537617,1
-5472795892295588951,1
4036776258531570321,1
8172503610965050864,1
318010937519025017,1
4207825785034375549,1
-6137680380961059863,1
7685433957210584134,1
7784857691122938118,1
5072719644910728122,1
8119600025734212391,1
-3581183784012770144,1
7565591373681338617,1
2256885747383579713,1
1698353855017908964,1
-6790195297437558130,1
-7987886997689270816,1
6915416012179332308,1
8894180303088069325,1
124471174580914409,1
-2487295603098034728,1
-5528127130748075548,1
8270130621602624395,1
-1705758823714308625,1
-4911549604004541741,1
-2445009454721009129,1
-2378804215969542181,1
-2774401139596383711,1
-5903061467498410644,1
3130006604926201176,1
-3605986359986561209,1
-5923855728754202429,1
-7356609127909010783,1
-6244098884471395885,1
4589527842227549296,1
-7842487649427282035,1
3674271755389369775,1
4676778352794115416,1
-1742081804074062907,1
-8777112033157518971,1
8482852266803710796,1
9120241792459881557,1
-8567517516022950768,1
5367945050331469631,1
-7464483616618154027,1
149946466123743755,1
1703182415331895594,1
7254109476858727435,1
3603682340191805793,1
-2820515124451847337,1
977225745344126474,1
-8572199330387771539,1
926243693214103271,1
8697787194441556642,1
4960122000653029554,1
-4417507470709852964,1
-3978077700460551504,1
-7957208115652336147,1
-5830774710453267602,1
-3221753341564541520,1
3320515858083964469,1
-240939273799993504,1
3956344335896370368,1
1199516480595474690,1
4041081555261667118,1
-6666853487806035756,1
-6302770563289798391,1
-5706794821920478056,1
-5336529331649736693,1
-4107139209377724774,1
-8257282661953892434,1
178930390586803995,1
-8098637121252463423,1
208116917795276889,1
-6317160151720742842,1
-7592717563381818871,1
-4379079842673546217,1
-4452233721339062412,1
7324666101555845811,1
-3799614721350417595,1
4321754461709653035,1
-8077521570098759575,1
1721499594378955842,1
1267163962278870525,1
-8210988959586812900,1
-8489676805916777824,1
2702087504920652181,1
1590936301828693609,1
-2117656114264924424,1
1843272454397921187,1
-2622233875550126067,1
-2784233201871527371,1
7603683226790043316,1
346783102840018703,1
-5879974279850997400,1
7270026473534013818,1
-9114602688540619814,1
7612591332182226708,1
-5310481035810843186,1
-2590413017969334564,1
8942343707910238465,1
950157757202701004,1
-5916034158543075493,1
8901844746106369539,1
7168791294348426190,1
-3046959911858481757,1
8768282092194182990,1
8359137906959572544,1
-3338657807909810327,1
5054061875592735829,1
8600067904303381733,1
1652287372938177918,1
3875239579586340022,1
-518864590662124792,1
-5526260561721359682,1
-3582193871216865712,1
-4372809576895294953,1
2713029806875933195,1
4807562424531459123,1
7659683857859379979,1
-8863206243568058561,1
-8494737392827334244,1
7510584246570016686,1
-3428568687615806242,1
7090799524540843047,1
-6923716977640422795,1
-3388307405585501418,1
-7093933130192632905,1
-3247401759085258050,1
-2219329536019922288,1
-667455581176300635,1
6970287361492864238,1
8851279762614421144,1
1062339383212515748,1
-2685293555342475425,1
6163193249983232762,1
-7867723815055539299,1
5675690368652487486,1
5835924021886986924,1
4599874113081862056,1
9222700383862757497,1
6933167791530679776,1
5814951410036827643,1
2754793306183853856,1
8972865957914212020,1
8334988516966460261,1
2415483453314772871,1
5034362703407696512,1
-5752301609790355960,1
2603975310451091544,1
-1284993971581794168,1
1188282455274715006,1
8089921452789408471,1
4803350752656319953,1
6290012514289239250,1
-2750189938643624427,1
-995035536955502578,1
4420601057428571938,1
-1499280957761436821,1
2555432055304651012,1
-791082170876400231,1
-1132521976283008460,1
8137558374785934380,1
8382059407338151196,1
-6013358454294106545,1
8935633149098845043,1
5892920053854585764,1
2866815678905414011,1
-7086510103886055541,1
1435102057720393937,1
-1521025451763466474,1
1487677351340851489,1
6107847428270064204,1
-3640526371572642899,1
-7322695978645331645,1
3634303500899559582,1
-2643080525650033444,1
-4790619984410614422,1
-5896272991308133594,1
920180499494729094,1
1740432671973468583,1
-8463604437364242952,1
476140250374055467,1
-2963889085709675640,1
-2907162721320575580,1
-1987477857467156690,1
-161703469135950648,1
-7889006015699840962,1
1619043196876314142,1
5717180748217286067,1
-7745937464497141122,1
987701480030179938,1
-7264587126253596967,1
8201733624421332810,1
3807776040519842032,1
6237597214096824087,1
-154644110878987646,1
-2201330336925240475,1
2548035085779859372,1
-7463884650366230934,1
3222013132378361112,1
5790650378539693755,1
3924909361887717056,1
-733981914458344734,1
-1612398423864509937,1
3062124030732673317,1
-2355287143518986337,1
5979747644365784204,1
3142151198812829398,1
-1587076297316340872,1
9124524388634995312,1
2877956088750056899,1
4310940877324155644,1
-5051574421867797608,1
4597128530415351545,1
-1025927544459061577,1
-3655732827206543780,1
-8639560424233450111,1
4405494752331826666,1
3888547637835566842,1
2019973898080837421,1
3628248205283513640,1
-8469754617241425701,1
3001120178483833566,1
6428465828791057271,1
1366665689613952375,1
-8995979795584922607,1
5857694880836736584,1
-4421088750072110990,1
5733660394177240482,1
-6024530783234018376,1
-473541094891225199,1
5730145275161379400,1
5750920755620907121,1
-6455447452434545588,1
3966711200116702953,1
1027503321558942513,1
6227332205416637960,1
4945296865363406777,1
3306177198060848874,1
-3929521372195588419,1
-908346199015427094,1
6161646612352634685,1
454237428811522456,1
-1295328742551521258,1
-5242187422730264337,1
1291136382386248951,1
-6848827310158759440,1
-8230768202613179357,1
-3759164582397393383,1
6111741228632159296,1
-8044804223422317734,1
-577756260619114257,1
-7564538482404776130,1
243185089815813939,1
1039489984321734304,1
-5947483291526622890,1
-841463938447059507,1
111669163444111275,1
7140760830389328331,1
-8296439636023018850,1
3331995651917809411,1
4615667440170091960,1
-5577899849974391502,1
1983986913120456873,1
8445341203577060626,1
-2297553291224662048,1
-5057999612264466383,1
-3641296916206490123,1
9195227048374798576,1
-3907921880605484449,1
-8067380677782231960,1
-3934163708270101535,1
-8266000224809337208,1
5689988918142853283,1
-6640362798773480230,1
1365583627037937863,1
4707500293099676526,1
-7763005849232560494,1
-3890133243511282244,1
-6138626935418767771,1
6606884355119432301,1
-235170493663756482,1
6372774495584806548,1
-2767294285712948212,1
-4420729910940924571,1
-6811407681949612082,1
-5427355321648845133,1
-2431281356025924917,1
410858677579802161,1
6196931367303553030,1
2764554964605469036,1
3568791216538218956,1
-3170468306286369724,1
3202166123731527777,1
-6917457160633392182,1
-2021311291004317193,1
1665588857757272894,1
9148568467973235435,1
-6597306433977460782,1
-6259408079119802865,1
7388703163700114553,1
4198856245278866088,1
-9058555814658658956,1
2508842605164926890,1
-5260708081254956268,1
-5580780031727613673,1
-6073643232229726556,1
4079030862973612361,1
-3839220142855758582,1
1648587033319077507,1
7204600562859052394,1
4777822488824720887,1
-8563316091354283294,1
-2877401097643135336,1
3000764535276881386,1
8348522733817077703,1
565725714874874835,1
6752083204276942950,1
8825519710676967081,1
920104632067166288,1
-8783760142992143087,1
6315201468215762479,1
4425867456971050540,1
6508432753874847643,1
-7533036551403677015,1
-7296932237196402117,1
8962560912977681847,1
-3467856194162180228,1
911269673230305147,1
7107694230589360022,1
-2875798011209361963,1
6551417170406625269,1
-2607585355952978809,1
6783962828026852254,1
-5239990105032115114,1
-3209514553332193804,1
2446548047553759868,1
1994875586157306759,1
749174346574348396,1
7605234747234646273,1
1952408232052834616,1
-6683273450645168930,1
52108812524487680,1
9153138090605829411,1
-8023888995644250225,1
8781572065053639824,1
-6318661941132545975,1
-198477862254416847,1
-8864970476027779303,1
-8584245796868756361,1
1098937306456222911,1
1884160202661659100,1
-596053050121091781,1
5940714913678099821,1
-8089419184680243327,1
-4470601096364064304,1
2506457649509646698,1
4619092567583907398,1
4674599078386121975,1
-5456817702243787677,1
7446739607347558665,1
1836660075440793675,1
1958847730251644777,1
7006285581911797001,1
-3556147864733549667,1
-4253246310160507302,1
8944887363799731889,1
8782081630156715791,1
-2251714047055187086,1
5919328714851735232,1
4102377835869008480,1
9071397109658208976,1
600178024984904080,1
5426748464082166841,1
-2670178267108394106,1
6434603861875774649,1
-2762206518132386454,1
-3859021117037587073,1
-8200076302966102799,1
5253035013355503758,1
3152229711552839927,1
3376696829923040397,1
604566251540567683,1
-2201809367290085431,1
-7244449634784482938,1
8248180579421933353,1
4903867505460975044,1
783966258880853292,1
6372226782905607241,1
4227927749308447571,1
-3585003811185703193,1
2565961164947452995,1
-7130301048952044485,1
6330642085970772982,1
6830790332050162581,1
-3134581541676482329,1
-4227994879336370351,1
150962336122774799,1
-8108634838145827713,1
6969545801307259969,1
-1137797200197332329,1
4831894111683831756,1
2259827466735522099,1
-5375780684946422071,1
-5604039472023119863,1
2134083958647027173,1
7559400674379110472,1
7843898600427752081,1
2634627295260128961,1
2093484782725449815,1
5609621695731728394,1
6493983816223572475,1
650757946912808888,1
-7836461324651763414,1
1913186486240483219,1
-6088542689321602268,1
6761440813911459496,1
3832449939460206203,1
-6392545662128105776,1
7114387054523386242,1
9095373104457063158,1
5768760837484741530,1
8773924914915857614,1
-107989315597675021,1
5842348717457768457,1
-7041710473988939005,1
1594146751671703705,1
-4245263560796074856,1
7018078336388058536,1
7394745514693540965,1
-7060609964204125541,1
-149262832576425101,1
7663584220018928839,1
3168707111278813746,1
1385335140900171150,1
7326642219660207890,1
-325282950208758256,1
7797695740564337730,1
-7957666063585752871,1
1549618675177886493,1
-3463068901502559611,1
-776429336704458487,1
-6737671152508756328,1
-9057685871333281493,1
-7299623306797418389,1
5837917590309428744,1
-913335579710730150,1
-6592045761463009716,1
-4532186928093463107,1
-4206451804381339590,1
-7757004552966181655,1
2341327313373150184,1
6260528741466341996,1
1767516469398628038,1
-1524936876499829843,1
1877569584161725483,1
-5144824110121062528,1
-3300755089378321946,1
-1102445186475797022,1
-4745362893450659009,1
-433451856051066482,1
-6222712442758507132,1
-3521557234744770185,1
-8103251730718449853,1
533813350540011676,1
-6354773409447679176,1
8186336839126970570,1
7234603564903071786,1
1039482314002712935,1
65062928930290302,1
-2256042691158507587,1
-2521688868733755567,1
-4549454548571129946,1
398757171287079687,1
5975446425207169482,1
-4036836478271474582,1
-5591591906178348611,1
7114635123957299893,1
-5127044281829631948,1
-6502599826400095948,1
7374012638399297131,1
6170468546913757074,1
-3166996825544261567,1
636383014093800992,1
-727992234920168694,1
4528843893099378611,1
-4969303609505234409,1
2615872416943531379,1
-8943155149763255400,1
5732359614224672689,1
-2828103993516306627,1
897882994921814025,1
-6592433051801820532,1
-3944738263746936832,1
6747301972430503707,1
-3350769024087923426,1
-625349289818439612,1
8640164456967881054,1
885758706733514432,1
3204261282032348411,1
-6051951407467340080,1
-6125863003549118940,1
8648508433651435925,1
2355499213706144027,1
-3441612142598057910,1
9115291768553170875,1
583876207868394198,1
-3583280313950068986,1
2501767281847877684,1
342298270864734388,1
6277760801024714354,1
-8878505152474034226,1
6789921162953273069,1
-6909311872372423465,1
8561137837442707755,1
-2646421567741679679,1
-4483484131140866830,1
5238472282275989203,1
-7072456847408402771,1
-4224276911291534658,1
-4152604429798401451,1
-4749303168261955016,1
7223934505834907500,1
-3207548108356264347,1
6417227603868696127,1
5575107077993480332,1
-885760851067969207,1
552116820975932094,1
-5076557511477889968,1
-4107034086479817181,1
7278014762423324363,1
-6061614479924927221,1
8948140314242545937,1
8476200951063683161,1
3591287009559853974,1
418155981074503286,1
-481761214974670365,1
-2127891581898344085,1
6491040298871798850,1
1919900363045429056,1
-376171965358157861,1
-1911711368128457485,1
-3992787273458717991,1
3608911354266835708,1
-3125400821682957426,1
-8622126284143608147,1
3002530107679903505,1
4469101995563503860,1
1101229459057956969,1
3822176743367695797,1
7390205075615350505,1
2617259042716202792,1
-3552289583799745268,1
-2202464120328787270,1
-6477847547828634244,1
651834027914486563,1
2285186168379569837,1
-3851141877437251946,1
7993787681735428579,1
-6262476573312276476,1
-5932593660817709085,1
3280265148030733535,1
3017418260227845925,1
-266013768861136201,1
-8993549335060651405,1
149681221993140629,1
-7686424105053687745,1
7548490544066006505,1
-500317270387515947,1
-8230604731266962178,1
1103913856111809416,1
-3514256381060023562,1
121532124187444241,1
8909835142182646693,1
-1682237745226793997,1
-1895261649011722745,1
-3576185550301446212,1
-8877917865908729389,1
655620252768979001,1
-1817379070074968162,1
-2384276249025683671,1
-6221969692953216319,1
1268934403844108180,1
2091950882255411265,1
-6008293130145565431,1
-360036927935667614,1
7289032717220175321,1
4375356617573035317,1
-5282655682578565546,1
-9213968071533670323,1
8480378827454361809,1
6947909988137980132,1
9204178084981881616,1
-7648622931640995599,1
-8585041386922154515,1
1073128270601186316,1
-1443234367348387722,1
4873395170578947909,1
-8852201005747870270,1
8979870770245025429,1
1118914084200286612,1
-7031709681196957173,1
-2088407734254569618,1
-4573603416141358930,1
2834522317687542723,1
-9188161536875350240,1
-5125915106606638553,1
-2672163244368575818,1
8703208252259723194,1
-8246067149995976437,1
4928069532408344278,1
-4522834099909095964,1
-4431715192414475394,1
4828629772077405780,1
-4046525700602059524,1
1331311997799438455,1
-1053495448093632562,1
-7204130850294120025,1
-7036491301595446677,1
7149668438109293711,1
-917667363025679334,1
6145583990233515098,1
-7313305054128984517,1
4341569828873875149,1
1886539358358228342,1
-4062580238464168397,1
-7794479627566773993,1
9037126802365454729,1
7567897491611947447,1
2407776392807885286,1
-3671558214489743745,1
6033231263880549603,1
5419430086583409290,1
-54690933751208133,1
6621997980754679572,1
7582550228361497850,1
-2714588712154801978,1
-8494218592797869022,1
1057179776334990073,1
9130403415314352621,1
-4591760260014609001,1
8375019128821432120,1
-8981077892719557337,1
1778367493327666946,1
-3103689984631633192,1
-1159791547244517403,1
6553531487370590680,1
8960169745804156267,1
-228234702436847506,1
-1806408364481627545,1
2008503575065901405,1
2489880980351855518,1
4064325954668755793,1
5601596324072899632,1
8760350590044114470,1
6264505931697669691,1
-3744780751571606869,1
5578674890752081995,1
2884602548121450588,1
-6777096754029847396,1
-8765888054016680462,1
-8623612637829492245,1
-4165787128360230730,1
-1275275550941249451,1
2305483494034012230,1
6296504065907320511,1
7961851249412242152,1
2843107406951663943,1
-1569335713143356450,1
5630190095452019667,1
429788514938525719,1
4696427785263691120,1
-3554119608899654713,1
-2320417406630843171,1
4504118481631389345,1
-3299251842242827387,1
4686132970604185947,1
5292156003308619495,1
557375921906525927,1
-5664519780170698402,1
-7003323328764325238,1
3115620880170343102,1
-7736229845108143360,1
2235828592922458285,1
-184863283516045843,1
7482533664436556776,1
-8805683235988557592,1
8467661763667915936,1
-6394818840601803196,1
7987105151373202930,1
3622905340280701861,1
8043989298729615260,1
-78259368224552714,1
2388755854480791529,1
3072127583663283333,1
8914921944902356765,1
7743435594363981372,1
-3558836143727650249,1
3759213945820901249,1
-712733418942618113,1
7400149967444995964,1
2515515039458343662,1
-4785439001260172585,1
-4932140100000147349,1
-1823282418405539524,1
1249118393047048645,1
-5969839091755017083,1
2190347843797716910,1
-5249910973565604869,1
3702212810094952628,1
-374781329918455969,1
3137719627396090072,1
-2023528445238862156,1
-6752853526491011239,1
-3888679293582109,1
-2883091380329171740,1
7561785635123541296,1
6707815469846574108,1
5767139509700027795,1
3934491104510187975,1
5901313001496817719,1
142513335508444273,1
-8864478594664376593,1
-616099898186197468,1
-6028769183550514133,1
1034080415608783906,1
-1549718281902611924,1
-2862636347796462758,1
-3959673657398205884,1
-3466198572395632641,1
8719359353102212800,1
-4802601007940257903,1
-4958878021921803216,1
-720248370807099618,1
-2607580012884894669,1
-6947278855821749178,1
-6065275385971338781,1
6676232854307426961,1
6514279488290137463,1
-7131278764164399847,1
1373360495817907036,1
4217118377274034961,1
-8065875094190297540,1
3743451996519087638,1
-4120174773583467667,1
-4918429677869108629,1
6314017750474056415,1
-777795545354120557,1
4575498793026097838,1
407455768367777802,1
-8398367144417335075,1
907264752670499189,1
-7099346396020635083,1
7852464759993244633,1
4523440517728526022,1
308887019379809079,1
5397766076278148008,1
8925652839130061707,1
2927694000364801818,1
8044028149201702864,1
7344651398261505463,1
-4822640397829651726,1
-8205967009698220033,1
-2640840437036572722,1
8009934209263382104,1
3649550647415034596,1
7511505047786872555,1
-4808956845830537047,1
3266694159081404310,1
-5329680764976247068,1
6749605229280300980,1
-3447973492967493060,1
4704748379040548303,1
3688005482333278646,1
2775427687790185443,1
7613560286911619109,1
-7390539758294111654,1
8911419031669345955,1
-4115127370154079126,1
4537634605047634357,1
-7315607238439473865,1
2221703450395244678,1
6034604581254825009,1
-7522948561390530247,1
469851369415362872,1
2206012900215232406,1
6311101355731409659,1
-4217962124242971941,1
2258765851122261571,1
-134481603646203178,1
-6992443967139703033,1
5912325775078611488,1
554418800872271233,1
-2530817755309382677,1
-8954222813953731333,1
-7522912086742728588,1
-9018953226258563017,1
-7960867045245495437,1
-2883787363694867345,1
6539793612062054433,1
7035743166898061500,1
-701216726823161443,1
-8746258189229808336,1
-8512596529700048851,1
-3630724184053033435,1
659847514213598676,1
-3471361073878483628,1
-2446090446455363833,1
1812004554891115441,1
3980083833729013574,1
-8797231264936691076,1
7646396069328313328,1
-5007049046730710530,1
1888947518981664791,1
-813509467160382158,1
-3428641985188746609,1
-7246369397034536082,1
8622126400026257023,1
-8747167053568903393,1
-7905413522528211691,1
-2059538616824095517,1
3282206369714331595,1
862573268525815244,1
-5733367765763735337,1
-3496612492604797742,1
8861975076610321054,1
3333341125664302518,1
-4393545647681618193,1
4630317042825831809,1
-2737245362700702812,1
7140437784912432386,1
5086973768445771868,1
-2931759382808897592,1
-5921487425318653983,1
-336363686340893068,1
7144044841472120291,1
8874003723497795902,1
-1550809481876773007,1
4521566914987260496,1
6049967437816182576,1
2512588197872468679,1
2063171225175567166,1
-2716421919321942692,1
1340954065766842995,1
8821352265405630472,1
-7346246301431704222,1
6375321503245993869,1
-1332537308490725568,1
-4410396686536322557,1
-2403930244844010491,1
-1599185891367819058,1
2709411577636173485,1
-938313462748730397,1
-1393748135967364797,1
-4267473782728718229,1
-6300854326654339291,1
6082790341811325083,1
1989685726124915103,1
4250996992922402974,1
-7790411153785558143,1
6759471352482241323,1
7846826191847434383,1
-7668353459334946714,1
-3692650829221171489,1
2061833016833425877,1
3293986131703672963,1
6837670415968195940,1
5166797467787297117,1
4710488256647492089,1
6997778281542634744,1
7688679030095801363,1
-3911212124323612617,1
8463271249371012182,1
-3937538695082753350,1
-6090850527187227145,1
-12634687371506323,1
-4223097200190284974,1
-8151986612591628581,1
-8361747195954341969,1
4606937191060108023,1
2350842528927995421,1
5989158675587507926,1
3871729971474911448,1
-6392000638572467846,1
7426801643138237727,1
7041435603939346891,1
6174981661312143168,1
4917601164621821757,1
6419574311950659360,1
-3377726872166608575,1
4909302764051556446,1
-5530213959134820508,1
3772354507168320306,1
1224527472051798144,1
8147707188071218796,1
580200781387618357,1
-9219027980190272658,1
-4337607849793714200,1
-490798738366315682,1
3342755183208290265,1
3239148423157618680,1
5898854035368090137,1
1929170356972688580,1
-2165032367581233846,1
-2126775310879829582,1
-5443784464028743262,1
-4064018887600446397,1
-1259985402801448354,1
-2682402793752573123,1
3291042398651220044,1
969149878122575286,1
5055228676742017597,1
-4243202197561591044,1
5527753266810852008,1
-4642783528680148007,1
396027582809381862,1
-7253495971499702337,1
6741583783341331937,1
-8340673520404092321,1
6834828835587937041,1
7658072775810617107,1
7449493005884617580,1
4612934543956808553,1
2859240362029763810,1
5773555815537019752,1
-4744921050601790918,1
2538421471050150357,1
-1630426292113828713,1
-5263612309203120512,1
-5371027842134069256,1
5428899464263803603,1
-8860350167244761900,1
2016344426295145700,1
-6085900513498994122,1
-918497777836271111,1
-8530844880794111571,1
1548091304968472065,1
1656696854783958498,1
4881331141619195661,1
-8574533944367681372,1
8720590550546559620,1
-3385617421361129132,1
6200206858887396678,1
3949593075239267595,1
1579195241149211783,1
845495993165935242,1
1340932808056674268,1
-791731085843845461,1
-1251070036804794895,1
8325961661408623345,1
4259793017981514240,1
-3337640551855885834,1
-2917141368797528446,1
7184296487745442283,1
-8547006402786350494,1
-6697258113047149574,1
8089167275278995316,1
-4454337393464137835,1
-6868321899949334246,1
3967972895371660005,1
4005279023841604630,1
2026299036436844095,1
1932012531220328241,1
-7286804424256090202,1
-5383239140818875156,1
4637018703627266082,1
2691871014282786848,1
4981693815753175967,1
-2097574060145565367,1
-7547588658730984441,1
-3787466682576583030,1
6776026473003567121,1
9201292714320724025,1
-6669787119678102079,1
7626981419480231259,1
6973786414574940587,1
-674397319144991708,1
5926822094713788109,1
-1760281048361703757,1
-4648510886987800569,1
-7940081587120275256,1
-8981203847595775147,1
-1280096168263626716,1
929364075237465514,1
1445910088270315612,1
5333628910698253949,1
-2085841818319653401,1
7638772547870869478,1
8853931245203932083,1
6885463214662404496,1
1267340912883585243,1
2651853386107745251,1
-4892621814124879457,1
26898638243231019,1
-1267045016991782307,1
8913704676378913522,1
4241429445703492596,1
2123469511921951915,1
8560400959798787292,1
655529780321860010,1
4339005534111633432,1
1328262557703237359,1
-460046006607112021,1
-6745279462877253447,1
3880395330450042809,1
-1422923221956612439,1
4782139066425792891,1
-4359822094152383238,1
5102009662874708966,1
-6265970755108653434,1
-5175597513928755295,1
1324505965071777279,1
7944025105184695802,1
7583273246829860392,1
-2253693254755189083,1
2670356278218146961,1
-5682860144513877414,1
585139149636135889,1
702100020750906536,1
2423655779508044426,1
7942654182075513807,1
-5459784017989890905,1
8332584132147468828,1
6870149912471563053,1
8008358991195100241,1
-6182872245685916318,1
7859069778287461391,1
8695966813472914070,1
4290869570661192265,1
5720659987023854682,1
-8500894515874992668,1
-3043592937250475655,1
-3828837647711868775,1
7744766775505504272,1
3412538859721882246,1
-1716613236996065970,1
-4369352075113427099,1
-527095530921748795,1
-3761766851438057856,1
-5202632889706586063,1
-4029418389409537053,1
-8437643172974666891,1
-4326842459926671283,1
9218836655739405381,1
-7092319099106515511,1
5816027595240201968,1
-2562006323593036910,1
-8308149662345439683,1
262257764707736243,1
6415588365582073275,1
-2452136294369913802,1
2788464800791412496,1
2499216067563633195,1
-4933682542508777896,1
8466657546397705912,1
5291381949499815145,1
-722593896747957670,1
1420904048534947647,1
-6224798883638981320,1
-4214984603623374411,1
-8029579593665037530,1
5919563688962923952,1
1011181338074575031,1
4159996893991268438,1
5161334923826494954,1
4558432160355281293,1
-5159041633335059933,1
-1271994283628309960,1
-3568360185665319789,1
1620161170906786683,1
432919681524756603,1
2473601797929798283,1
-8463817917326387002,1
-7194647943672125468,1
-6249394747573777486,1
-2096881879185766569,1
3807853951494070072,1
1147582842657300199,1
-2718300933697013018,1
-9126318731984038332,1
-7679295445513321411,1
-8999172080476563807,1
6437509102824401739,1
-1456296654370699258,1
7968691080301884641,1
-8624005407917256484,1
983001613356314430,1
-7876025513981664092,1
-7473217982427427715,1
8287622800698750871,1
-1120153782907137858,1
1271214212670913987,1
-2452836684279152652,1
-6220661482673254683,1
-3507559640100025462,1
-4282640771841743707,1
3780501222611898864,1
396401836764180195,1
1844575689742991359,1
5411141729547507241,1
-5785677665938712203,1
3198541593746079939,1
-2829571956202913644,1
-6993292693071969034,1
8865929194612416349,1
-1911709926739865463,1
-8441784574678991433,1
-8827056971368205974,1
4692347602052877466,1
705054966123952461,1
7087395042253441766,1
-2507158615553220015,1
-6995633651440388497,1
1414438019394663132,1
-4706227524612482717,1
2895713541709306598,1
-174544735615977778,1
8708061314521212633,1
8506858805736846886,1
5573370904378227573,1
1535196010993174851,1
8717159921402913730,1
6686499505548849812,1
1354739740193883950,1
1925170008864987049,1
-5576330644854394731,1
325851897805901792,1
3854987259368491803,1
-807863153560462043,1
-8328512540913721694,1
7289617189013068121,1
-7648299254152863503,1
-4190718095758560439,1
8189662647592746522,1
-8400842408837343157,1
-4446629706019279696,1
6312899882673533741,1
-1059875932091408209,1
-2565769246389202678,1
614832894342319943,1
-463382234652692257,1
4506884862649834697,1
-2570023201246817465,1
4826229658753912447,1
-3568488570877381947,1
7235667732320713209,1
1011358417502272625,1
5686969844137785658,1
-4102329025678517455,1
666096321764744811,1
1475795749183816123,1
-8561336612434980544,1
3280400215887732290,1
-5688832246610983954,1
-879284671469822812,1
2064049719039251492,1
-4671280023092773915,1
4164361414822424227,1
4622557395324940439,1
-5099146568063468888,1
5608735462912810201,1
8453124831350930810,1
7649305813275684934,1
7670016894896212646,1
4475734566489317026,1
-9073864037440859223,1
6143946007098028716,1
3263980661560796489,1
5967968358359755394,1
-1471847886675500742,1
-4394588475458081998,1
-6020181781910132388,1
4922726820760889406,1
6593704667147181360,1
5070180054594983362,1
-3630744521109601259,1
2347167851534823006,1
-190058893594488260,1
-8119304379868654605,1
7492685585878187499,1
8248929227241553741,1
-3160129759273122819,1
-5067924112033303486,1
-1616357877954714229,1
-1404789991727789275,1
5480229208077823072,1
6695344083210025397,1
-3907552707221275604,1
8938799450897673129,1
-6121954579690343083,1
1377571775155535603,1
-2650626188388201632,1
1792451255879160842,1
3156160012700637242,1
9074624640958529039,1
-9094063647321777955,1
5242944948397080845,1
-9071124533296573242,1
-4079253781757607820,1
-734816874632706416,1
480519604924775299,1
-6140169698527916924,1
-4353582531040910833,1
-3484519667512611799,1
7890818768937857736,1
5411356800207204405,1
4423629614055092236,1
7049115658940150485,1
-6611471755086999692,1
1553271675836639739,1
-6783338664105568643,1
-2177401945297834294,1
7494119950517021361,1
-268158645664568117,1
5763449032563445971,1
-3266346226454351687,1
-2265205246877303954,1
-1517936362923106545,1
4392567435464551824,1
4359847289360196464,1
3490455485213652506,1
-20836532797394877,1
8645339283233934088,1
-7037429306803313739,1
9173543976056236319,1
4831783123721388179,1
7413464687768634949,1
8407948891695293920,1
7582936638019306957,1
-8955516828722600698,1
-2664783202881468641,1
-4856389941159384896,1
-307719461753550492,1
4387226105330853577,1
-8369042775797620685,1
6312307551410073525,1
-8418922927163720895,1
406464420942130630,1
3210064264476867246,1
1124920794256109336,1
2492731394918763384,1
-8632109525732629329,1
8829692300270776267,1
-8171028389189393544,1
2566409034842941753,1
7302264643383963967,1
1452031256138318565,1
-5643533507531750797,1
1610132760353365692,1
-5779430252836034100,1
-3194732987523578056,1
-3896289878062050063,1
-3137510676185873224,1
1591631577141058277,1
-1060068884310353268,1
2388158866787857245,1
4237193172086442792,1
3813926781694313120,1
7225989198162073532,1
-6560294982594040364,1
-1081409679897577655,1
-5126888137524420994,1
7373150173510540170,1
-5086561393864992720,1
6438936241369255105,1
-7095098397305314810,1
1542142146114965740,1
-1466994178248811483,1
6390941537391486766,1
5068258752162567852,1
623516109141563945,1
-370681384968667403,1
-3981614014413796523,1
5333500015087917610,1
-7579536978046892212,1
6996821213795564129,1
-7639383408987866369,1
761176098040640592,1
2274150182715128216,1
-5903378450838466125,1
-3626975509038834478,1
-6172279556558949752,1
3965638560183051798,1
709421479929682555,1
-6281935557273719035,1
5067206042495963350,1
3089512052240448353,1
99867881137485023,1
3330035993591530171,1
-6811857799112953542,1
-4486958386917090157,1
4489771943061131266,1
-4170924121881239240,1
1054569291573054059,1
3314127508841476860,1
5548507773185251420,1
-1433761465441817217,1
-1187084987639150345,1
-968121221676600165,1
5082631292811763307,1
4767947165743253930,1
-2725115171913892163,1
6372643814391253711,1
661768738286351961,1
7469037071027896204,1
-4453531934948104705,1
-5408244312794679075,1
8004446274400449451,1
-1289448741171293687,1
-8880947822036031501,1
-946042337532744785,1
-4108243495255922621,1
-2137508169965932940,1
8817437438443101300,1
-995171517701964501,1
3831275991324296035,1
9127321410274053262,1
8897020517821401959,1
1580170407186266020,1
-7572413144818957179,1
-5521091639329394984,1
7269548055573138842,1
-6751134312010703745,1
7907411388728004504,1
-5173234207059398836,1
-2714983857036789219,1
-4551567086897943005,1
-6693586293230225073,1
1653927117683156733,1
2740302953743286577,1
2747403285182186037,1
-1070088273140707714,1
8852237911988411492,1
-5192733542609437243,1
-6671800394977068077,1
4683359805657143599,1
-572699335940091803,1
-7870028117954698182,1
-5073417746310497969,1
8624783342588034267,1
-82464448581232904,1
-7132251429444667525,1
-818698813456106361,1
-8519263291287457353,1
-3028029042279972715,1
-6728072015634986488,1
7721864151310222793,1
-9107177091367393390,1
-5349667384406823834,1
-3100684438476421330,1
-1782311759387483279,1
4522899252380155508,1
-8861904680360746843,1
-279473433831952276,1
7234598355817198858,1
-4854295333073263131,1
5040569462963230118,1
-8060174332840573126,1
9159405238184133801,1
-6630004007744076357,1
-3196278155283078035,1
2515965412407615019,1
-4546901261999196130,1
9189318340924436157,1
5940785313049692493,1
6759134970617490496,1
5175184615819326998,1
-3060343479801931629,1
-2285153399887186245,1
629779151231791333,1
-2417865642398541457,1
-414272686100983914,1
2886290054206513801,1
6809600606189465856,1
1024764621284929663,1
-3101731267076572115,1
-6099122980353328116,1
5639397872867329035,1
3836682187945402273,1
4772211330144504170,1
-4146341057151129259,1
-8423582256626988859,1
-1480850235724524250,1
-6766463617569772230,1
6411073388932601924,1
-13290801456002045,1
-5741850460353263852,1
-5061194549702198965,1
-6188712006017109629,1
1944196631877624410,1
7739367133401540541,1
-2262555021147996016,1
4143615509033006684,1
9049936316253274252,1
-9035211884880485227,1
8415875583700797827,1
8936533012894459770,1
-1563148428319434946,1
4414673974045760237,1
-270228219356516052,1
-157002486869158686,1
391808667027069187,1
-2660884037379635919,1
6366949802977862404,1
2222484203979182388,1
3894865831807956024,1
-2668645319653645033,1
8515130355907452830,1
3441772830303955608,1
4828182222686618059,1
8840247077837082047,1
-3167424306920349198,1
5029252723711891653,1
8983818120596380093,1
4179508766592097770,1
-7555700599652396405,1
7399456725883317006,1
7490261184831790177,1
-8526861508247295104,1
9024827999101794098,1
292093179811173502,1
-8189099430318386763,1
6556960395418493993,1
-7900947428213127531,1
5926947798135463636,1
-6600542560216555275,1
-172612925666945456,1
-2053068210425574590,1
5887809525448132005,1
4573397070692854420,1
-7351065268413859332,1
-3226563071531025240,1
3664301180747755787,1
-6741380406348475615,1
829843792981187218,1
-8408778857752981474,1
3899334544261095854,1
-2879185178496458947,1
-3636804181978935499,1
-9091026515805704240,1
-3484344346920193795,1
-2484235203341892209,1
-6658821767666207733,1
3576397559570319580,1
-2913148599048208681,1
8272016262722315016,1
-4413444313251619337,1
1669712133000369694,1
867590833750626055,1
-4610132770343382046,1
7616210710827086809,1
-7860440991575881768,1
3866361814166447646,1
-4983514767482224765,1
-9020809617115653767,1
718004882491682277,1
5917404019076810643,1
4391915477379393472,1
9079412933135366799,1
-1676998661834948764,1
1751486599729984953,1
-8142580433502166209,1
-6558575768583515574,1
-2762471894238916670,1
293058282886030654,1
1539754508745005927,1
3107992281996494898,1
1023628761626633762,1
-2016847744537586789,1
-7307736647882792376,1
3626220284117752323,1
-1716506375758563490,1
1528676167311806384,1
7968061046520973034,1
6806729785913434833,1
-6760956268794421158,1
7978164554038026275,1
3452447720848594722,1
-2776914642661210446,1
-7747671606056308703,1
332516082539741025,1
-1385648867049225449,1
-1459691265833971837,1
125318184855585607,1
8729359914840822548,1
-6709810932941123699,1
-3818530775081463548,1
-2434262196670529106,1
8711984424620142471,1
-9057128560878059957,1
7306098336728600453,1
4212349586118674420,1
7892031965020232279,1
-2005185387169814899,1
764087816070175246,1
6136965659640657707,1
-4534062495359542394,1
3799546772650446021,1
972126302070840491,1
-5643712181484543196,1
6024204278827286068,1
3594772921615669794,1
7707180013427332053,1
6372194490881271725,1
8812960225293172968,1
-2505940376003074416,1
-8734844548212301548,1
2078172783340221216,1
8944464439613046092,1
3564443641440506252,1
8402787806112824930,1
-9037200785161486165,1
8265099114846339845,1
-8317104006734346364,1
1565696947428388479,1
8044356721134508626,1
-2515795418932310053,1
-20761001693772265,1
-4189997145057241204,1
-4126104087184255074,1
-8565856070058532650,1
-7206256906058309575,1
-7878510772695310416,1
8573072310508027203,1
4885523917333673437,1
-1273868221391538759,1
-5428694251388272375,1
-4406297278493746782,1
-7271512333109523373,1
-7821244972091071038,1
479388612970853466,1
5998437831269206146,1
8578413243710159332,1
8846830073120340310,1
8723230960763378078,1
-4193118103121943430,1
2032155374039300545,1
-4364633085326663621,1
4789124923544138845,1
5282834669451746408,1
7532285604474451139,1
6663580015514168842,1
-8997608164932583605,1
-8673872122038580462,1
-7498572382129631506,1
3229572030868344520,1
-7202193534729034560,1
4494421258520870823,1
-1752286621293439674,1
-6579181120703887844,1
4810281205594588577,1
-2611532983242429592,1
6321441363326047710,1
3130328412765443219,1
-5005051044178972578,1
3122210175768180602,1
-173023453315217756,1
3094871182263817021,1
7083239029288218137,1
5931628471852357203,1
4367611885453522957,1
3315687377165636072,1
5097881649140321490,1
-8488745732109859569,1
-2181892170097562506,1
8953398916962044066,1
1092520527063540037,1
-8711404883855826787,1
1586731060723892160,1
9101672549333080501,1
-4781436685597878781,1
-1425217951032575767,1
-7558662092336313424,1
6002949930184391181,1
-1553379786395683690,1
870931114248931798,1
2616422640538282332,1
7530503436283306033,1
5867433549814011481,1
5909750288180678545,1
-8380480543938609193,1
4210994549129573375,1
1686379677930028786,1
-2422523240269739003,1
-906813682662703880,1
-971806051115103107,1
-5022458676617671968,1
-8267183954028141353,1
-5989065294899596992,1
2414187182295618478,1
-2610270870443456645,1
-8661139568567519429,1
779081172137020267,1
6893397716357909200,1
7946922301947642912,1
7760419248427554882,1
-1436141284925345078,1
-2923751780947213741,1
-349312293334026347,1
-2219029657980465966,1
-5379881699323378587,1
2504330577588530601,1
5941744192309173503,1
-9198682468297913845,1
-5538722106039827800,1
-1860375459726946864,1
-824031509517315284,1
-4953036690124743917,1
8665131916328575849,1
-4251590445058148096,1
8411532447280990698,1
-8212633470319441254,1
-8348150954693427049,1
-1202155441384726280,1
-5896637574709448228,1
-398432436167885120,1
-451223814101490426,1
-4380564976305251356,1
-6385434297757734801,1
-3222919860287865032,1
-1585315639448504253,1
7110589781054565362,1
7951147326508911905,1
6535209420189837472,1
-168161537109914526,1
-5188721151384315804,1
-1221980105664090885,1
4891001465147321750,1
-3896030089134639492,1
3698547598873627757,1
762278530947036138,1
2950829025388422371,1
-8452211408496587294,1
4268151269274996191,1
4519040722604323823,1
-2150132213852713426,1
4372096975933563404,1
-4949999906151272005,1
-7356095271174228279,1
451031386093919898,1
7198495228142178520,1
5881516125563851624,1
-7654952467932277513,1
1044117818670758682,1
2128881411657148519,1
-4327575227351648551,1
-6837022593893719121,1
-8378507053897209430,1
3868120549766205582,1
2852535674437128873,1
718813275018288541,1
3313012683461023868,1
-7863098487599065500,1
7624233507363685464,1
2397911254794850910,1
-296677795800279612,1
-1709441400906604753,1
1839194448110784940,1
4761528941834873532,1
3313477774478211291,1
9087365856335893907,1
429024385716466069,1
-5278918112639329276,1
-7053081204954673575,1
-2131623743371552198,1
-2871258390812426314,1
2410452009264764400,1
-6843679189460463939,1
9061811267609953437,1
-5322078346337714063,1
-7875834491408530821,1
-3380040726036775387,1
-3701453179591002042,1
7152083392268671595,1
2315254485546357020,1
-9001282674610246260,1
-1426977675824439382,1
4332016531297495918,1
4863723133672020467,1
8824906885891069881,1
-207683180897662564,1
8657356113802903753,1
-8496081936884561217,1
-4250486029617506608,1
7961054331445622155,1
7373219185122860004,1
-809604602228120913,1
-5582237171308932070,1
2704995931574721794,1
1249428801763450614,1
-1920945965147269243,1
3809448814361437562,1
-7269690260455543812,1
3252017154738657285,1
3957374704569570949,1
-8401368028346701494,1
-207326748026081016,1
-5088098283780393012,1
-6165983869622720733,1
-3879715190908276693,1
5832386239318783935,1
1239886840886912627,1
7722054879029969349,1
3890109382148325895,1
-8917499980619286134,1
4014303463766856498,1
2923851066828462000,1
1719276699838004603,1
2259758529678767178,1
-8393173569842949573,1
2590797963890178105,1
-7532677106526709487,1
1705708692975138371,1
5281750142374373143,1
571549733544169595,1
5577937586564699479,1
-419441706998873476,1
6405110962582945788,1
6293297666087382789,1
-81233872227256316,1
-1773164956108789768,1
7956359990335746536,1
7411009349116255417,1
-2015369378733896687,1
-3712367839990783259,1
2671546348716262182,1
-1114821558351950085,1
4496499135577669258,1
2987669978938996439,1
-5071896361052774969,1
-1530526623645574677,1
-6620355943506058352,1
5161508579599979268,1
-6693540005490017702,1
-5871654698751445846,1
6950003115428587779,1
6230268386524121548,1
8432712163048605636,1
-7317654599948831212,1
3473307908127161358,1
5249751141100203020,1
2392729224295082514,1
-917728590404342308,1
-7486000083109145770,1
3177681555302462450,1
1528551531817182551,1
8225504648754971802,1
7394250647301968022,1
3477789516334783685,1
1174707038630896168,1
-7059129333904844574,1
-4155703915541780190,1
-5237038750694986158,1
-8364442790655574710,1
-4326705046367989241,1
-3106065551206996214,1
-2329054910812873281,1
-4125469226978901028,1
4471937598308928098,1
8097496524056825405,1
-5047906173173269302,1
-2303505789670613283,1
5552894905411725899,1
6970168476615842089,1
4560046011779753304,1
8668724560557018492,1
-1185086861335321700,1
-3385793466010341159,1
-2461396933970180214,1
-7130647384532914607,1
2841298336860649470,1
-3735636545305442155,1
-1990241844596323707,1
3965419555740431900,1
-947028076093672851,1
-4215480746695192599,1
-7301130348707605263,1
-5573671456653417644,1
-2765752944721167784,1
-175230150255847780,1
-8382270357130066829,1
-7865885206242099275,1
4265929024923123032,1
376307647799842903,1
-3173223927960021556,1
682792400425324276,1
-7640494380020341729,1
2243982870955267274,1
-6663669883299006752,1
-8368525689697393013,1
4705030506724540812,1
4425716652499124413,1
4031788066235644170,1
-7747241247972446265,1
320722294313724100,1
4889197920927500413,1
7729256897932271101,1
-3138751544778244712,1
8673818309262642933,1
3303819048205695464,1
2686438257360914849,1
-6761823988247128990,1
22927606224838343,1
8293869044425462297,1
-7268181334623716740,1
4630047189676954566,1
-490581349145789754,1
-2137455227449290003,1
6625574673911812746,1
1175713385702094213,1
-2254760306665690090,1
-5775084055545990765,1
-2386993155793595343,1
1919966409197990925,1
2042913287976018319,1
8055832276388569853,1
9186817681779787479,1
-4263525785926646667,1
-6398886933427787789,1
-8178237936137153213,1
-2017938104814018600,1
-7964832449105239136,1
-3253051726262417600,1
-3349868124602547336,1
-3924845776317741998,1
2860390106539796209,1
-5264550095523156777,1
-3112151809034865910,1
8614057218948501409,1
8883849064015632248,1
5360818872905134863,1
3738865912717894274,1
372069151126763399,1
1025088408434010301,1
-3392920847321606843,1
7726465753947755733,1
1186990483124081418,1
9048613942254508085,1
-3054525275275653939,1
-3276563235377583768,1
912327937750204553,1
80581457687127613,1
5340706312302712579,1
1776237680311282275,1
-3013294675028170262,1
-821375170465875747,1
-3322301774337997932,1
-5308632462616832720,1
-4666446961918656234,1
-2872536056506714003,1
5433717487684204277,1
-463830026509812775,1
5468586689040465807,1
6861037621410608297,1
3077622833044918602,1
-7646576068642105765,1
4207628615449135240,1
3712818019373984563,1
-891918798102699368,1
-5724396447760362654,1
7053337793025357660,1
-2354670833465229873,1
4184447734223830460,1
4556604138862702357,1
6790350832800556877,1
6668892001573203958,1
8266255050932893277,1
-5101410178800391830,1
-8150932175394471596,1
-6426791185538829542,1
3522235751062003010,1
-851699379156596166,1
-1715501084302374623,1
5590797793289932712,1
-2691178690231636062,1
-6831769362555296130,1
-1218623300486048511,1
1132669161705624492,1
-7775938999369610317,1
6481349988732799395,1
-2592493223974763424,1
2553573006688271827,1
-8879737599159465153,1
6449717417774518383,1
-421806168737328488,1
7699305165895389968,1
7043401375181316293,1
5282152381739002680,1
-571975474216388527,1
-1775301882318822966,1
-4717074831121004510,1
6892168412376120861,1
1985153085254560957,1
2294696779226873867,1
5589904119514087642,1
4170067018107771370,1
-5317786131447960735,1
3738769276168672693,1
-6456277687923410176,1
-2146843705722674505,1
4703360312128863783,1
7117361721943282724,1
3663451760368006795,1
7673026073876529642,1
-4969583851437295028,1
-5975802083841605824,1
855504720877773334,1
-6211916570681346298,1
-7715465889225137633,1
-78062475957471518,1
3736353772399889823,1
4925199456610660955,1
-8704488258006491326,1
-9006053673852167563,1
-8351146277304541649,1
-1950017412889232434,1
1260711456004137593,1
7411318464728446638,1
4587898853203707042,1
-125385520556049190,1
-3690581024526180393,1
-2174344650330143321,1
1209278567277000777,1
3611524537192240934,1
-5915159034319749647,1
-3232419401156792414,1
-3769828715898393305,1
6723484517043287345,1
-1549161198511093929,1
-8492965407167513259,1
998985758921681222,1
918959551771458881,1
-5650458262337435952,1
-2636984327459347574,1
-8374557207779583627,1
1537659693829756181,1
2644610820570457302,1
-686194608938673251,1
-3725259559450180653,1
8779000301750679169,1
-8664459858328194248,1
-3185697560898740532,1
-1152714213014893548,1
-1201305605069739927,1
7361185929486714672,1
791680429480599811,1
3210711631200825100,1
338699571563567724,1
-8021790115424234583,1
-6339530664553691943,1
-8413172245533086912,1
-2664918836267390100,1
5027164193651514357,1
-6970942530617705453,1
-6151602414704075816,1
-5895000981098942753,1
-8254150540607973911,1
-355655994059604684,1
-4981904592483527811,1
-2554514480828758588,1
-8604025062294808308,1
6137271138887636050,1
-582626848483962763,1
-8634454870762509274,1
-338684606918121170,1
-1357606566778367620,1
-7483510920873922882,1
5208441110287397971,1
2540505991510702374,1
1047851555991760619,1
-6425602941002174040,1
1427585901493155404,1
6267849230974452640,1
7380624760040947179,1
5248983569341252471,1
9211761859473475767,1
-8424242704234795018,1
-6516865064284604115,1
42845883884940927,1
1214831972199477518,1
-2729454043278979880,1
-3655519966801645496,1
7952633097800617593,1
-346181141589233094,1
570745606173428528,1
1140143253978958308,1
6427893303205142348,1
-7481559229666423623,1
7106523556468306307,1
8365224428634046239,1
8593659093746195122,1
7454161482420151031,1
4355837846024104930,1
-4067907105115138439,1
-8549949660666338822,1
-2962525081005985659,1
100283886624337248,1
7765875091220928490,1
1401597714817142826,1
-4063009828807072468,1
-1921396015477909511,1
3913215443968620870,1
3112873965970614026,1
-5547120224951845823,1
5452657295030389053,1
5708590747814499533,1
4611670572404255265,1
3421632876978247583,1
-7306945729633607645,1
4756819516173557357,1
4898164117232530571,1
-3618959472056389082,1
4319084106335415172,1
-8308476055152199068,1
189825007375397939,1
-8001423468257490921,1
2440932173586186785,1
629852039161053083,1
-4533503591879031689,1
1356385488195660279,1
7038075405360314617,1
973302046388461457,1
-7297139600006529519,1
-8227427909372825389,1
-6267755449478344433,1
-3271325144076260409,1
-760914359562704452,1
6189071113024179758,1
301476468700080688,1
-1691004250796259606,1
656450373548963644,1
-1234285609102335052,1
-1766430975829745176,1
-8361621139933818786,1
-978947982419165476,1
4014845804711548205,1
9160206148851153774,1
1750480339187669814,1
-8159629388658392649,1
-7673512212040601881,1
3188177742342552489,1
1038231409108003119,1
8951783066894524994,1
7145246348237530896,1
-6495917598449125418,1
-5627418258087758630,1
194382585041949295,1
5785674778893655690,1
-4161375592460649479,1
6667662734685749174,1
8301988293294331173,1
7284989155770389077,1
-1620457958099128253,1
-7995743712608593639,1
2895334483498099492,1
1687693815786655815,1
-6843833144675632804,1
3219636200403687528,1
-8769969547959407176,1
7224921673349651351,1
-4997447710780557990,1
-2857336742305417976,1
6471094646035834083,1
714633413965718754,1
-2194013541710483357,1
-4174901567471118174,1
-512691738274424860,1
7831900304183096166,1
-6820478435530215701,1
6003905236989241352,1
6649648988881782377,1
7054213918673863035,1
2041715086309169453,1
1807203218357534684,1
8594246710888960732,1
-346771303505887868,1
4207715984307413311,1
-2736444248573931617,1
5246719695123478303,1
1619655366270587087,1
-1094518256181873521,1
-1639647818857590361,1
2142853924795016937,1
-5690136026595989416,1
6260407497860021490,1
5502910773681650084,1
-8283122544445141871,1
1609873090428566950,1
7182215743106003164,1
3503191748477699593,1
943388092460939258,1
-585225300383907308,1
-2106431758351774587,1
6139307413639784695,1
-1556085710462949808,1
-2555468418196305004,1
-4724536846357065590,1
1281454956045254161,1
7508035447850998370,1
-4635578182663185877,1
-698136446429123836,1
-9089705528491162288,1
-7762337712377313806,1
346996204367265352,1
4747122815833353878,1
7896103625311641718,1
3800775806611983764,1
-380915684808453101,1
-8564123931469085159,1
4257516226282968305,1
3613464665862770893,1
-3830270212645641837,1
-8685904185374918836,1
-5973755150699923806,1
-5520649123649227997,1
-1126890806261571411,1
5559399908136101969,1
-407332619509180703,1
-815581433135695348,1
-3286294808247689772,1
5361816302161076157,1
-750854093359179395,1
7771451938896388924,1
-3572085755390920039,1
5778707939293914977,1
-3191427325148704065,1
-1697415856749089291,1
261074516389377759,1
8681362450677191585,1
804258652028762042,1
-3946637428882074310,1
-2864029100819167942,1
8805771673106879448,1
2284072941659091727,1
-1354293652701991220,1
-710323246450909670,1
-6004242020841755811,1
-1684143294458311365,1
5892109664757048644,1
5939842545508803115,1
-8232824086526841440,1
1763176152310281005,1
-7250967542366542671,1
-9160185568859751127,1
937930589454711865,1
-7800155982647233955,1
-5621039030382048587,1
3813265251473295377,1
-8035290892713658979,1
-566854090643381868,1
2583192503861520641,1
-7601842156610174318,1
311055062869429817,1
-2414125718573330513,1
-4850642342813760440,1
-342663315464323190,1
7714887146790613318,1
2265712332280543293,1
-7399969725090962498,1
-8275537005643462082,1
-2627960372598721681,1
4555753901773315847,1
7552460852109701257,1
-5763486228440900758,1
8639964166183359162,1
-4679592044946850128,1
-2112108423528845898,1
2564555381864268413,1
638810023450751160,1
-8204216483798877431,1
3967687409491985979,1
4432643405523285198,1
-711009180740101873,1
-7494072088358629596,1
4093862221172805683,1
6759271955843385450,1
-7501624070050852918,1
6853334756589480621,1
-5333591130386279329,1
2850175236065398296,1
3153183363021154599,1
9015356056869932196,1
413671916977695424,1
2613937440747114251,1
2671949088237729109,1
-4894517590246477691,1
-778930475544351319,1
-6335663878822387310,1
407453882765566126,1
-8714027911143565790,1
-5131903724146740237,1
7795213627993411446,1
-1288622849271762364,1
3787554637126347544,1
5313856444208529327,1
-7757428707485354549,1
8797815414875095903,1
-7748674525164658174,1
8803489450626247340,1
-8153280463011164990,1
4064124786345820864,1
-4837239462777788973,1
7316651954075010989,1
-6214700032209269040,1
-2457918787041698932,1
-4846625247437864796,1
8444025303101407630,1
-8436105695894429967,1
2785023416000422936,1
2295415894156078282,1
3321397998694519453,1
-8915922051012177259,1
3329282739395798649,1
1691340867524686186,1
-2725264583838860323,1
6976629937134419709,1
-2575664702639252563,1
2625581690285547332,1
3527364308758717819,1
793430085111420232,1
-9153779983386527513,1
-932011315453062055,1
-3700015674996252303,1
5838408292873397539,1
5725500486001863292,1
-1424917439247424967,1
4783484052819925116,1
-7678698546269137496,1
4411943084743070758,1
3853103124228912075,1
2737489286719940053,1
5054217589331981495,1
-5246318932640801071,1
3225457781280723236,1
7390729311865679976,1
-4395300552929470080,1
-5245368446056628450,1
-7401266005713969778,1
-8899870871647560153,1
2665240342802944359,1
-3421895650875229340,1
8460065778951923035,1
3498193634414342171,1
-6308359989820973425,1
2789167321479586133,1
-1127032006377392713,1
-1629564125766452573,1
-6215506581271720839,1
4996799230035730396,1
-6621956859195319563,1
-3063138970231785827,1
-7383852750168734007,1
-2764473898433966774,1
-839113183619894091,1
-65107462444060662,1
3001722846821420800,1
-7045131557920178721,1
-528646194104055135,1
2730094132442367630,1
338180292189403809,1
-2827054011409870033,1
4492468899087038670,1
1850954796458085899,1
-2147878400297498404,1
-6423329999757260898,1
1931676069969813209,1
6767998903796527369,1
-6889483344255681131,1
4572355098679170525,1
-3726286909994660809,1
-707099116913269939,1
1022766233821132938,1
7330097951711578685,1
5809907306674660286,1
998351401976642399,1
-122179045674685864,1
4655550166684230850,1
-5706438432012978735,1
4540932988988545336,1
8880420163788021740,1
7493631055521981693,1
1519501577058536818,1
5203090006787845956,1
1705243270268604766,1
8349088099566430769,1
774330445190443233,1
-4839455720700929378,1
-6792541311552853850,1
-5342691021515122057,1
-3634837555568349995,1
5240004232128243768,1
-7160359061879160949,1
7945661809113021923,1
-1424756311206903533,1
2669830084749835573,1
-8745553589504000078,1
-3617976842294239612,1
1963178177426978316,1
840224725026594779,1
377861951667547006,1
-3240290443137735789,1
-7635833765933662246,1
-1691920059236173138,1
4010506955467079225,1
-4033476228463009699,1
-1399172763183891571,1
-1829355370845422240,1
3198898519006476860,1
-643539104347925929,1
8064017163830849102,1
6572023830747421528,1
-2563717413834348047,1
-1872608936647404261,1
-1403342566686016716,1
6365518662340661406,1
-4544495253813288998,1
-3349593690583839281,1
-6986990972261868758,1
3734979131721424843,1
-4114069792102641775,1
7514047913430891877,1
9107371758996749680,1
-4925523571322947882,1
6603330482591784406,1
1759138522114475220,1
6466212115601585536,1
2057494142856182936,1
-6039283457185970181,1
2628051118977750902,1
-3826923924137155818,1
-1109003324554532335,1
8225431363269169327,1
-5752462978369405605,1
2850950103922982141,1
-7889130036168760791,1
4651424680423237866,1
4761301637310554668,1
9027423716547820014,1
2356788576455329075,1
6150797212206140923,1
-9061742420157626402,1
5208905147271777413,1
-47709860172475297,1
-2666536987057866681,1
-8383812395229762066,1
-7548951025488821674,1
7021434428177970208,1
8733803207938288924,1
8481980839103683582,1
2520911051812383399,1
-3961144405766680994,1
5662415422706176310,1
2807982880656953451,1
8875887729180218771,1
-3460772912654415298,1
-4518289526126155742,1
-3966571454439773301,1
2358793778557316995,1
2868579526716354203,1
-5107482378906173501,1
-5974250440654062744,1
-6771809802913649299,1
-5105126246013912948,1
7897496826860112287,1
-7137959023874864899,1
-4608288964586076656,1
8404179310628831180,1
2883995398464067384,1
-9008885151411791946,1
41447253165664322,1
7665114584897487431,1
6740229772371474061,1
1552283167762980319,1
-8138577743973574818,1
-4916713860288110030,1
7264123157574709139,1
8863895131633617441,1
-1625989335857631211,1
3042320590962321348,1
4471061944515873761,1
-4554996306514715868,1
562576272870121220,1
79912348486026275,1
-5702784669795744331,1
9091261302521011312,1
-7983382962196828324,1
-2869771787260495418,1
-5778983434722421534,1
-4066990177967648050,1
-2187104503028767811,1
7835535554797043804,1
-8728243118726179039,1
2301870796272510676,1
-244739459704890512,1
4710002200729532199,1
2842459466101289501,1
-3394085118395238822,1
5668418831033045893,1
-4217697829586619164,1
4173224539216520372,1
4055650081872658480,1
-8131649792038496139,1
-6765923623375460537,1
-1213662832063414271,1
6102214722745255696,1
8244592992321448721,1
7912487221985693538,1
3226554450725928484,1
-8995432129664901556,1
-767905151977322560,1
-2521963790579496969,1
3425028052348706893,1
8081121017251237528,1
4257789821799272389,1
1945863864906731146,1
-1499304509911534461,1
3944964375408724755,1
3514118845149245060,1
6051312184201272513,1
-5222708762365149045,1
7131999247872798319,1
-5446483571278804500,1
5289568967208879751,1
4646792458615830767,1
-6482899424571425072,1
-7084041102447085606,1
98624740245295000,1
4058190801626842089,1
-6900074709019675022,1
6245492877250393223,1
-7688256417857968352,1
-5829607668160073472,1
-2112236403909559233,1
3170227890233626705,1
12974856056596073,1
2560558812608364533,1
-4503514289410114455,1
1764009650597506995,1
565558958024363608,1
759451136465616743,1
6717078715228267864,1
-4643353382405550537,1
5430650371869187563,1
-3627110765038696872,1
-3024703631002582246,1
5616846825129976729,1
1351886397200296947,1
-6529185863785688641,1
8899891127890733154,1
-558009733614292588,1
1232961081168160192,1
1531694799226495718,1
1142661690077379961,1
-797697598300464797,1
-8213789968368723602,1
2042900132931005393,1
-2986971123487815409,1
7557315103702566386,1
6198462018754550033,1
6862252971376751256,1
-2834347647057843791,1
-4699116832208250448,1
8764485565764263406,1
-4086666592122731174,1
-7431926005217204018,1
-9209041104577553966,1
446714133077952750,1
1627106458850612746,1
6123235115471582986,1
-60532830634005116,1
-1885181512358466450,1
-8434898767721140067,1
6073712955006735054,1
1802796539440589806,1
7557548431092260929,1
2882088252045878308,1
-2168052678337178697,1
-1348443342394460550,1
-8916490512741593973,1
1167869650812904701,1
-2849979826789386970,1
-720212522106340286,1
3379826541727030604,1
-4560006122231678996,1
-8025682764120694047,1
1263802277993973910,1
2912103227657382453,1
7718645163166953174,1
-6164246431165561988,1
-1047513406488293263,1
-7924297854692296372,1
-395275625250252313,1
-3137907317754086704,1
-7692243404873681270,1
1220324096428376921,1
3164154647871496173,1
-8608741844746629887,1
7662596278398033466,1
-3036796155278441743,1
-5436970807077282392,1
-1956440379751269938,1
2131090366373578986,1
-5706283966745613187,1
-3310389371890136515,1
-8222658367417861795,1
-548054426307947373,1
-9017020682652148642,1
8024525804140102677,1
-2638388137433227838,1
-2849059215062506659,1
-5494805185487465248,1
7015053145233555517,1
2246129333876339103,1
-3977761348818225391,1
5647935728118481730,1
-854073334942116244,1
-2779206621174845184,1
-9091488184602864036,1
5706081646538660682,1
-4533289512533191920,1
8979675002393071670,1
-481468801347122995,1
2685421472490422319,1
1583388982376625379,1
-2985988513224498181,1
8983496004952776451,1
8988401468769453127,1
3452117511800260748,1
2744070896429855706,1
7561654093307564913,1
-5470280761599730758,1
-7380974233550112273,1
-1547921615356928009,1
6952392792038562366,1
-2033344214615738625,1
-3518629151621706246,1
1801901476743478352,1
-5882836780976907422,1
-6778377227720544819,1
8891714595523271600,1
-6190725270581548204,1
-5479624253464069639,1
-6499347872395660103,1
-7438511041230663894,1
3287543406243662183,1
2934324320212961274,1
220142487462538693,1
166207607677499314,1
-4739671958458030849,1
3553441632406001605,1
-7643077421814874602,1
4511218959130237157,1
-3691189910684872634,1
-5137111009854075710,1
7946136972791004472,1
806171400182717799,1
-853636997463520432,1
4275338920626933335,1
1468121897203267115,1
-3365500128720256282,1
7062741758357266009,1
-2782219821508540096,1
3546271936056962493,1
-3328494170338496641,1
5062439538905711946,1
-3302691208392961138,1
693939443047020705,1
-2650937242775092293,1
-5358997556763488252,1
-1045858015425930762,1
3457261280236521454,1
-4329324166779015083,1
1317208265309610040,1
-5659422707286031378,1
-431620952310140677,1
9141499803912482645,1
-6039532277664593321,1
-6999111586400691465,1
-4249082638991099581,1
-6160407261336942880,1
6530791918538392971,1
-8679912816734100697,1
-3410377059774468056,1
-4192619858468903749,1
-175156556248680279,1
8280326444657779312,1
-3105028886869989008,1
6458348457818437481,1
6913814792202807057,1
-1832647892418700369,1
2626832506983849700,1
3805409027680040901,1
3183233067721470710,1
175976092786733297,1
-9056767898424859988,1
-4939623505457297522,1
-8412827407238479512,1
736343750962951367,1
3414954984811948277,1
7664714560372284153,1
-6435901309042658930,1
6166744098688089682,1
4054165699930124847,1
-3852530853658220714,1
-7659053024428197851,1
-3956802704775634934,1
-5033684118191160623,1
2546169791245782795,1
-256083796105044804,1
-7281598847713866102,1
-8233472718857018325,1
-4942297406923422520,1
-5428806434783334619,1
-7427842352335217305,1
4219353382836325428,1
4794376153883556575,1
-1095608000943732293,1
-7072105176372119559,1
-1816632906522014180,1
-6622337208571871577,1
-7695913991569759987,1
-2468592752139371965,1
-2288344406283430751,1
-5116000490986901590,1
-4024731362704187687,1
3061618617103245836,1
1533483737518142935,1
5430707390440285504,1
-791202282701580786,1
-3455009808114194565,1
1615272123706894557,1
8124289237683504749,1
2294747184129327561,1
-6901445722188263008,1
7695324043676883847,1
-8480130862883155640,1
2364719609889992766,1
-9200097057443527477,1
8655420838415615433,1
-8681124830161202547,1
-4724344644268701109,1
-8688508162618380139,1
6381934552825361844,1
-1916175908380953130,1
-5050919153260634137,1
6306902293183645012,1
438456512794382498,1
1599904613559791966,1
-5708977924921430564,1
2891827697834923697,1
3453913471375718379,1
-8080336891186071235,1
-6810144884678205647,1
-248833376498245640,1
-8590409426011294861,1
-8226417782248386772,1
5234607251605264988,1
-2899939906551278695,1
6039964009485657626,1
-7569406358235856692,1
-5428350579744906665,1
7852059432085179010,1
-3019922465285276049,1
3363516778165166253,1
6194146409091878788,1
7459719497146361748,1
-1000624088382692462,1
-8759624470629613802,1
-7198525825223600629,1
-5508033746079949280,1
5515050903562659393,1
-1951099651392607441,1
-4394640935229077863,1
-5068545815949007982,1
-6324694725381098165,1
8258657463909449583,1
8569189790136846392,1
-1296878700230080607,1
-2107243669725575372,1
-6816117075734236624,1
-6003218208515981397,1
-1635242678349709381,1
400882415401747531,1
-1712307090406603492,1
7765879339418964686,1
4124621893718351216,1
-7321982185910893329,1
-3296642493076498473,1
-9087917360624110536,1
-8012609144964585460,1
-7833550854659755924,1
-7745770382330308978,1
6901023280111818858,1
640372545072797341,1
6562979546795846854,1
5481462797591539051,1
-8195529692849049916,1
8434382114773821441,1
3816450245987868566,1
5966197842493528606,1
-4654300230134951218,1
8852404169720907742,1
-5529265726463830576,1
1964889334881615798,1
-7450353058394597862,1
5105402358022568608,1
2205484353649563510,1
-8462457620417319200,1
6250445508746103155,1
3041442216316178672,1
1079719656853742171,1
8674634892064670988,1
-8683097709013257566,1
8519181810635293094,1
-4683001475105517625,1
8433100728164890902,1
-1440107187179480077,1
-1623608935432864586,1
321749869739837453,1
-4242321531838284573,1
3751976831228391291,1
5867165846720494325,1
1145141460867781877,1
3408608153252953799,1
8059228614217682257,1
-4019903823055663916,1
4284744759878036410,1
-796497418561640517,1
-340527922679627596,1
-2846823799266701651,1
-6059543622094527982,1
9127966213195728435,1
4268078608531327853,1
-1838540447804440663,1
-2448339794543609073,1
6842921576541503115,1
-3018695079723559610,1
-8119308819110100282,1
6198867017651727939,1
-2861129331953288807,1
275161751994798122,1
1417527042623082239,1
4110523030770396054,1
4203836586521223253,1
8271510947116728854,1
-6696626120768618248,1
-6874601640407471058,1
-4774663372568279107,1
-3616733955864127386,1
2759939350859056952,1
996260169163405453,1
299960526074761272,1
5100979128381881826,1
-3454257671397670641,1
9106414138399003605,1
9059934260726250084,1
8948206241296072909,1
-8998969088184456908,1
-7141425419816840792,1
-3498980628890077981,1
-3325336273047732455,1
320034443546093738,1
6074728419174207038,1
-408615200112677235,1
6699782818460420106,1
3341735708213008075,1
8080485246292358499,1
-4106668262404978172,1
-1261937947889278562,1
-8534220367381402187,1
3082949413572197797,1
-2772868429474921040,1
-3215865468565341142,1
924743803935575490,1
1668164165549952919,1
-3600141048460467728,1
-6103999147080652852,1
-2411324345217582962,1
8176236182912111083,1
118094707307878206,1
1909346913059246487,1
-6821936477474113954,1
1585474739895575857,1
6412707694320092035,1
3927719462228970240,1
-5222399926112143730,1
5963518937244202755,1
663253082616599058,1
-1857627559553707913,1
-8892095792185435909,1
3147616409355815787,1
-6510101198678081953,1
-5430707607515376744,1
5998192358383723814,1
7850472063293669076,1
1590835457645415413,1
-7196201092106526274,1
5214943307126755267,1
2129834415944721444,1
42523636652420228,1
-504828295640576970,1
-8500561675885946268,1
8320630996103820474,1
-2013823684805011861,1
-2141129537927279780,1
1805785145433710590,1
-5589259011984665938,1
-4686235541567161753,1
427130853600324373,1
3890093881225670732,1
2967172876266847462,1
5924168313857768876,1
-8575171579014083051,1
5829685567339998418,1
232534108892856561,1
5220676534392130022,1
-561971514114084418,1
-8806322996259114850,1
2176087021139220800,1
4640683268076236946,1
3807488890983918809,1
2567631277193657139,1
3704229923613477400,1
1718525619411674449,1
8429853201347280350,1
-7997770617130567990,1
-4167083318348481631,1
5428577088439262172,1
-7551677388098471438,1
-8797373472956372631,1
5175301675659002962,1
7816751174235354016,1
1630481750514292333,1
-4041692252851522934,1
2501641043400476620,1
3257119999989725286,1
6112961576859753261,1
6453103009482231606,1
-3166404592311156560,1
-3539753334239600253,1
-4253126227327994320,1
2230681540357856923,1
-7535809591564030213,1
5410036922809955667,1
-1592529622397462758,1
-8965614685553571619,1
1418724196075261823,1
5024435706890120520,1
3810645240438980170,1
1603024817246777515,1
-578842113200127513,1
7647982957457794625,1
8576467438436130727,1
7959417078650515206,1
6341723436385300215,1
-5140940141011083650,1
7917630574909368503,1
-6706447018661551231,1
-8136741241933712024,1
-4810945044741786994,1
-2730945883721555920,1
-5966144814985793311,1
993409392900671831,1
-4911204044970858707,1
-6969480699909839505,1
2636743506536609799,1
4064257540441606229,1
-4268383895585169647,1
688250365990064568,1
-35250273265694017,1
-7238905648346094026,1
-9173679577254877854,1
-7851959642794510361,1
-651584499007198270,1
8203576601723475330,1
746516827086437178,1
7273531440923057590,1
3185455957096198950,1
-8486350672021338288,1
5211164476979771165,1
3841499098353433085,1
-2597935770673859746,1
-5462086062919899027,1
4062233767155383785,1
-5568585701145246979,1
8699061217629570777,1
-2321319280880866276,1
-7363205371913497860,1
8061441391823418483,1
-683200549770607859,1
4549566716513284461,1
6541671289680699072,1
-5153416391909920166,1
-219977723425327942,1
3995498429519996057,1
-5861827491531642652,1
-2844763652243163115,1
9214215648069800847,1
8055583710328022952,1
1307928640478989220,1
8586012280717071338,1
4091496649918673347,1
2739175399946998143,1
-6065927811321107871,1
2969535067798240816,1
-3362003780879917017,1
6643902153584481956,1
-2673598700263355243,1
-7123731753626777899,1
6507508407789437444,1
-5018690349572896292,1
-2581008717306258342,1
-1357159808532612427,1
-8467876648826166815,1
4920257925493640756,1
-3859229366544126173,1
4605481758101549620,1
-8963899231296722917,1
9066267344646331952,1
4854788781848181559,1
3293802092709880249,1
-2108534028507112308,1
6584325860577740998,1
3208731781649833580,1
-836702565841965336,1
-8918358182743089745,1
2722801546598168786,1
-7149172509807123733,1
194708206364203535,1
-5372326947073186032,1
-1440080209102348619,1
-7868094944370001727,1
5999311622575417462,1
32337936127558717,1
3707503280588889416,1
-1865975896342521990,1
6572275657509088906,1
3688605263235384928,1
3215211737063922433,1
-8970667470509808503,1
-3600342479107166773,1
-3650966961257288915,1
8987538915369964393,1
1948323017438024879,1
8887210185377057942,1
-964073982769553816,1
-8330805481940144940,1
5762310717805231164,1
5479499663385821681,1
5386025817131882210,1
-8633756462791535343,1
5685390361674875801,1
6013764295468393490,1
8894132374433516603,1
3014252916318253417,1
-7834190673590354747,1
-5527271826124515830,1
6434091108014101983,1
5784115657162140538,1
-8059950401463634930,1
7275907723280553198,1
-5795684361099687259,1
348623863548895921,1
-3925256808395532092,1
2870790497040602316,1
5750182566295513924,1
8056161456128334873,1
-1189153214661832425,1
-390222029035681758,1
-1829850709370263064,1
-2778025564069510239,1
-9057532676710128411,1
-3763244561973022952,1
5032886207694887154,1
-8802029482256168464,1
4911191170024952536,1
-3813244390024461461,1
-1587030792077307376,1
-8785191429951053107,1
-6149264524263148072,1
-8966160568592176298,1
6117844361074715629,1
-8378625972534664955,1
9218031076877518324,1
8432178600138450367,1
2456834434465603930,1
839738274857832016,1
-8801592340868988904,1
-7062457048610122896,1
7759411702743812905,1
7519960686450113921,1
-2117748415659366927,1
5338061473612244003,1
3507016469653576747,1
3597543423630907547,1
2757839598551953470,1
5361137026220540147,1
-1770430958789339464,1
6313000948224386618,1
-2602769526563630825,1
4155886139150000294,1
-9032569549236417961,1
1193294752166486277,1
2062413321187325896,1
-3078684975647168691,1
5408145911680435791,1
5307509540460050347,1
7445743220300124482,1
-3680226239637173079,1
1643632317427468277,1
-8453380701375732825,1
-5837786381461572422,1
7254018049128172165,1
8440372953771535417,1
-1986679940037480613,1
5857780748328238818,1
4736264195317357423,1
-5350364238740149674,1
549486257289300842,1
7336646168449555812,1
4044794668656736748,1
-357886181019159726,1
8410566612664940999,1
-5897240356701590749,1
-4022622285340754508,1
-2431991942091170037,1
8422989826884127511,1
-4300014872136915775,1
-8266901244325756787,1
-8016873542014875742,1
5042832542335732403,1
-7871242644510025628,1
-3415165377498590427,1
4912288002516094774,1
1876284189142575005,1
-4996650000644956559,1
579161728781771130,1
-5361873841042452509,1
6026157486150809644,1
5813508336676301949,1
9193537987729985626,1
-936920335527124555,1
-2073821823235133815,1
-2258809439736693909,1
-56099668995222962,1
-8310212271511676852,1
-5277772388319134027,1
7017227828573058281,1
308209300769981207,1
-725371299460302450,1
-6370470416614191165,1
8837149559961787045,1
-8662660447454709331,1
-4624102829075024959,1
2279681491816270452,1
-8717370617575392908,1
2891659359209282413,1
144849227413542946,1
750779686256194761,1
6456182329611442300,1
3176354227674141046,1
-2420218914051339368,1
-6204179977962597948,1
9140772053416299181,1
-2306590585524982867,1
1640274784911608721,1
-2273531352759470058,1
1871115684101983993,1
2007879584193771608,1
7429544849300143992,1
2943239197697496275,1
1686496686116838296,1
5215510283195490860,1
8861573810203528512,1
-798240403071494090,1
-49988590363832436,1
-6373615817583024796,1
-3527780316890927884,1
5276789363177654161,1
5338725617616065909,1
-1686612292373062931,1
6107995091958306271,1
-7516550070062376658,1
-3554853538508103375,1
-7462456497350497664,1
4808300819278877034,1
-3786850877101116204,1
-7191336164783954274,1
4160560969701260163,1
8211135062125203375,1
-1117245924662652491,1
7785434759240668475,1
-4683222396394468668,1
-1757372162395242676,1
2038212004725673774,1
-2603537503367673482,1
-6010662909308506222,1
-6903389975863007277,1
-2865368578099372162,1
4962921948534004397,1
-3601715943538352025,1
7141763201462975334,1
-6935545400069609060,1
-8773476220062605869,1
-4549905557040667641,1
7423264119442612168,1
1873017055943660866,1
8636875119325899575,1
-8306042956065134771,1
8935558685729109418,1
-3786103034016097479,1
-4927178051595361972,1
-5901606590782987672,1
-6242513273804518289,1
-4596617055060238610,1
9092459211562222085,1
2320547610866043263,1
-5519911457069580946,1
6824419095164926748,1
-1950875256986182888,1
-798249829308671157,1
-7371080756203289756,1
7021158789508662314,1
6486262014013463605,1
-4590094768681139184,1
-8801877521614752322,1
2091958497322472745,1
-8086262601088968769,1
-4286608054576603187,1
-4452392473184480204,1
8624765439293432853,1
-19455526788406862,1
8440335068797732298,1
6009838269394745135,1
-1352191903884164783,1
3403182769427141331,1
-2592294446266782808,1
-693512207633721091,1
1227710891781129358,1
7560836485125504839,1
-767456331762155508,1
3343754992701257154,1
-6352682709546122419,1
3208554103696420125,1
8583639043947108916,1
5752256662780534271,1
-3946785449015725288,1
-3656147086093650951,1
3812781103188710123,1
1682710889049287502,1
-5731986256228111438,1
-4544667722071135305,1
-7279568384021595651,1
8713542071575911873,1
-216290807950372000,1
1773560499724700900,1
-8610061579564698006,1
-5431845673867967267,1
-6160353377779140679,1
3216695495704814854,1
-745400619649571278,1
2700174331165201245,1
-6753951455446650630,1
4009961228572025131,1
-635023034828024268,1
-8465339123596722122,1
-4983738129671760558,1
-5103237441165148459,1
-7982931433030635510,1
-3698589261673575122,1
323244394517218050,1
-6145468463640083063,1
8865241449933780537,1
-279195720721678221,1
-4847489151670946256,1
5134908831725308197,1
-8285254590489024865,1
-454573619036930874,1
-2683044530820462420,1
6868071594546127983,1
-5653097404697967165,1
4755395088244402841,1
5062235657407835383,1
5630899777252938746,1
-5334844395356560441,1
-1261034680532724610,1
-8862651370109710151,1
3612204246497943070,1
3096241019913532715,1
-5127560914835655738,1
-6831043228504101032,1
-4488256163768454091,1
-5993118701002022799,1
-382051181160455328,1
-606554567723639384,1
-2203808063697639882,1
-9132363917875097403,1
-2065941784670239404,1
1887836797920043007,1
-2844330471834453139,1
2040724266152366629,1
2132347528909404850,1
8390822735604957771,1
-5548823737416411560,1
-5284096920939399839,1
-2904447573264965896,1
-3781448826928299310,1
-6334589151227995776,1
2699364668590364020,1
-3117350173867324452,1
-1293956859849819858,1
5849288617187425280,1
2225630362553453833,1
6822782536322021265,1
-7456176098363429789,1
-7975971213854996735,1
8844019010008189516,1
9003960861066235135,1
-5047103746700217057,1
-6836770766246563004,1
456659714129248812,1
-803925939191608613,1
-5948430251591917193,1
-955707094118991018,1
6349811739423302155,1
-8846391693369525444,1
-4543242098048512892,1
8999700424951945874,1
-2196968462860852084,1
4302658022420420388,1
3594019900811055050,1
-7428889985581754607,1
6266701137183017857,1
2024501383958961221,1
-2834533476718116482,1
1287197756487304100,1
-7960164375309439118,1
-2270036444065285491,1
-792551584396389113,1
5397524939087271938,1
7526930581841577284,1
-3530827869881389215,1
-7920206165048306524,1
-611470187415725171,1
-5593937761054522635,1
5303850249130291954,1
7891369368054790076,1
-9056052290956432241,1
-7538815563477772448,1
8105925233165632600,1
-6710784790231818804,1
2332257767134074158,1
-6359414091305047955,1
-4102192996142583452,1
4535975187648434562,1
6861291780048212771,1
-7099305882862351539,1
-7802790176285048798,1
2368630085881248622,1
-5742741937186258579,1
-3103596734005429081,1
7141839786183248606,1
2524337609154646750,1
-1788508771151723140,1
2543737538608918721,1
-8459396555461242485,1
151645802695700171,1
-8540626552810578842,1
-4195948322965275597,1
-3475198009085920317,1
4841865775830629196,1
3418395299791523818,1
-814424785255975070,1
8442349529424231036,1
-4412520948815624989,1
5688692247664187388,1
-1517441101749338482,1
-8307170786826931532,1
-6037764526933762802,1
9163457199516889774,1
1192664307210738843,1
-3002516971914204168,1
-2165340901142179747,1
8160847200067540667,1
-9206263425659265973,1
5142052208092193838,1
5431527050744733021,1
-5934276721598971733,1
7465686245948472429,1
-4089224836581545013,1
5068505445584196914,1
6151283227335130380,1
-7133333445156814337,1
2818493016643466378,1
1461629626709379637,1
4754357713496694267,1
7140502412993482352,1
5686236848966549354,1
887275472822430439,1
7602774774217718895,1
1202475918839166502,1
-2447798366526178215,1
-5354127868545904884,1
-2430854001411713107,1
-2441162836351198257,1
9176942390010601435,1
-3663292653692010979,1
2886097222786414881,1
-4965597752280780906,1
3112350045907287313,1
6727112660450898787,1
5483223050013335553,1
5415670345593258535,1
1232394428477583353,1
4866189608771555423,1
-8466537358078158443,1
-5863111664792628441,1
-5732868242001141165,1
1748715017541508859,1
-8619202894842783097,1
8806751576283252916,1
-2488407823619075078,1
8916332119334946741,1
-7763298384504348772,1
3727370262954294093,1
-4820090867105519975,1
-5319936298807650072,1
-9107431903496460955,1
-8151564637729726439,1
-2632152448284153040,1
5295992554385310964,1
2245561377002424979,1
3834680895934471839,1
7221297407262418880,1
6954255459766842053,1
-2123722145868556732,1
2509923446004499227,1
910418076962612592,1
5848441206336726129,1
-3316040139375538776,1
-2551518863069965699,1
4994513098949748382,1
7984024321509156461,1
-1624379068006184880,1
-4537231373399409263,1
4221230294440075237,1
7405563503492923684,1
376757583906147567,1
-5896880851156448811,1
8595109626851874906,1
-3428996078617737749,1
-6514016882916393238,1
7029683049716021370,1
2452423048619306874,1
7816086771012771720,1
-2113159382740863425,1
-5711731999328900791,1
-2876313543264442535,1
-8601127646715275777,1
2767251491496873265,1
-6716306655825502316,1
-7026837638463060013,1
-1635386121706236530,1
-7957118105826791826,1
1038476222077935087,1
-2340059622956274133,1
8973778720661882970,1
-8198554982009339594,1
3475712943701642255,1
6180683253781253194,1
8701366427016562257,1
1731292976333391782,1
4390430517349419856,1
-7014872701103535263,1
6816609683953306430,1
-1363576640553773530,1
-626562033966023636,1
-8035028165146408489,1
8603248784238437928,1
-6768827320952127634,1
-3115772343429774629,1
8710252696818202347,1
2477946975268885348,1
6461028502455042192,1
3556467943446497739,1
-8538333889646341259,1
-1052196986022000165,1
8782525897363231113,1
6628519397781530301,1
8395362609473783000,1
-6624960612613432818,1
3880976053157060378,1
-5334050837423685815,1
-7630534547920457996,1
-4134977544749768542,1
-1141654208430103028,1
-7313953426771560701,1
-4193330931863192906,1
3967551266586963417,1
2803321458299663677,1
-2131428369039172491,1
3372823969247916677,1
2470012123838514120,1
-5196451119976267688,1
-2654785009805366589,1
3598997904303293267,1
-7723342532247858348,1
7033131355475831705,1
1457823763258151026,1
-1488940103984025755,1
-3526271389758051197,1
-4380449055566359538,1
6260241783729484632,1
7482934560649333063,1
-5388439328656104622,1
-8624964048398541085,1
4842094570530522339,1
-5913048994042401522,1
-6759925286569655227,1
-3867306606014791275,1
3996908306555486164,1
5507122848087774916,1
9066130492932429244,1
-874954737525331136,1
-5663441022760911474,1
2939872658542984624,1
1004078410537897305,1
5631980215653933750,1
6954399377864321251,1
-7510877539412613483,1
-786487741012668532,1
-7536972893304244630,1
-4532675713232367876,1
-55874070237839246,1
3520045378685246663,1
-2765447363850662152,1
6231996731486766911,1
-6425127638851786790,1
-7592841317966293220,1
-8574894683147995968,1
2837829614964919616,1
8616135902236609752,1
-8828193016786507643,1
2894418577877297927,1
4470903208949045431,1
-2836964646737847828,1
-6317245395347198521,1
-4218140823506384442,1
5452683071277523115,1
3148433754338524558,1
-7643121663166609744,1
-7979379802950253536,1
-3712998270983436856,1
-6072825108653722264,1
-6223957047244268770,1
-7779857711683650511,1
-6633446546158542405,1
2654395908358247472,1
-8909508089151113484,1
7943800097301185527,1
7543090164881660771,1
6546904023339751253,1
7392449466120756603,1
-3211257622449295998,1
3975674743094195570,1
7422450491259455904,1
-5191190265687970793,1
-1665061303455415183,1
-6353265440834772328,1
7477391667401470050,1
-3325777429444955933,1
-103717925431763789,1
6174939922254489505,1
8344122774413021828,1
-6199635410784732535,1
-4070562255122106134,1
-1090083399027837768,1
-3061191807893728340,1
-4044923813730625445,1
-4498944556597874210,1
-2846210728463645259,1
-4334124446947116256,1
-6856410141892303895,1
3591332857670289022,1
-478816641448044070,1
8659754629844294195,1
-2739457885421260653,1
-5342374708331125236,1
-8503136262730412001,1
1560843441316105812,1
-7541108166270825800,1
9045234218013814655,1
-2851534626937270672,1
-6631209473511630716,1
-1423072444018157766,1
-5833000364130491953,1
6316818512762708780,1
-61368241331695319,1
8653056682873300801,1
3502952663144016907,1
-7041133071584961939,1
-7926102028542534112,1
-1890624626869834453,1
6295258069969280643,1
-6320418236813604214,1
492358249665348615,1
406411837358473357,1
4420881347685232471,1
9213663706262589864,1
-3786648048146071231,1
4090972911915622361,1
2779100235520017332,1
-8049393255986084766,1
-4001455323807684559,1
-8861411743083073333,1
2777334108492008891,1
-2926850714944284791,1
1397174421298167124,1
9043427264678822265,1
6662047271843113820,1
2267917621653061289,1
2697086102302068457,1
7884553889245565409,1
-3499114053004726040,1
1672496235903203115,1
5071550182603990003,1
-3516601186492255464,1
3200524871554764897,1
-3787732262923344105,1
-5082419963017770818,1
-4682655586676908421,1
1367211722721518262,1
6795880262487910122,1
-2836887936211437703,1
2249778238878816466,1
-8528346293600567180,1
-7170349009159498042,1
-2713870618703418810,1
7750754832191361875,1
-8152903026823565487,1
3276257074283497042,1
-8449734454301310377,1
-6320794628547854102,1
-4581323642450391108,1
7439486996320878942,1
-7791403796057324547,1
-9116280371084582379,1
-4132526927087375591,1
-7285502702559026842,1
4294499321806420474,1
-2744427294518486104,1
-7119973679463190433,1
-5390818017217555449,1
6371197572097768993,1
-106613183307872292,1
-7707476224108163553,1
-5139850285444355066,1
3187953098435614137,1
-7264566050275502268,1
-358681457485297428,1
-6240186069156681226,1
7409873228460285472,1
-4302112559848898341,1
-6395541175090909571,1
-2750580126899542102,1
-7757132984194176256,1
7777688103908183765,1
-2541095496660377979,1
-8176829511333765754,1
-3942211737484411238,1
-7810781953318477898,1
-7906978313448087226,1
9119821723347678641,1
345140195985713971,1
6970619637744759167,1
-6440569003295277827,1
-196835670969523094,1
7489259626774083120,1
2205692256506129328,1
-6780475312736820150,1
5301156298622714467,1
-6665572789045480582,1
-8782793929290835135,1
3708731629993276245,1
-5825064016307340840,1
2488948226133602460,1
6822770356664641751,1
-2953022343321131893,1
759519536765535139,1
-9128265740289275731,1
-2016181764335696085,1
290796760080519277,1
128060005745599417,1
3205043551677116115,1
-5475218398945180443,1
-1764210205297613282,1
-3028242596443657817,1
-2484646332062138522,1
-8657259565399166344,1
3102907040295454252,1
-4950100225878667248,1
-9134133880850218965,1
7855063925234885108,1
7831931097191228492,1
3247497521281441837,1
-1561452606087594909,1
-5324894794794732045,1
-4136509057454692364,1
4604199387409228382,1
3900305883162583525,1
-5855026712675081414,1
-1509496100413708235,1
-4791490791024496262,1
-813091634465343290,1
-2270377493490245887,1
4752330946192133634,1
2548992130364660211,1
-4777259850107377924,1
1692378544670157983,1
1600034936398870489,1
2005540856664196312,1
-5755812011768530818,1
-7736091465139454213,1
-5677802154930580602,1
5404871063027865229,1
-2254983943553743956,1
4709004141352913990,1
1153414795885002130,1
3635507752666016983,1
6609868007734379127,1
2253693669804095262,1
-4799244869482861698,1
5236968861850196269,1
-473187717670719202,1
-733945512207734207,1
7000577789113907230,1
-5285357226673923098,1
-2195066170191146494,1
-2515383245199284153,1
-772623980463970630,1
-1961749246798155110,1
-5444289347684434708,1
1437809163831736718,1
-2971712770818204808,1
-1954813192447807938,1
-3854333143471393411,1
-583333286955966152,1
6646631604947893804,1
-4864659507069337346,1
8129783161791907901,1
814996380416563833,1
2201843750724414251,1
8001122924764174913,1
-9092630014138775242,1
7654500035248621745,1
2580025694531859927,1
-3663840670803891910,1
-3535000324998729407,1
667207703588921313,1
5272218370138692067,1
-2610432566650432119,1
-4670266739903368022,1
-8314125977209810426,1
1039431747651377985,1
7292897278737734258,1
2199852763011013833,1
8316551285238052802,1
3337783169129200272,1
22544259169086865,1
-2343754757665546793,1
-8798188487474674872,1
7233566010887438133,1
7074925831586546406,1
-8439328155068723432,1
-4166576673294997503,1
-3379204609834452339,1
-8047649075352581845,1
-3318122819394812302,1
4427197113063232734,1
195980739744750120,1
8663104638479961510,1
4571693818767395607,1
2376738134864807788,1
-8945206507043206003,1
2663439271612500804,1
4310811906877903468,1
-3139942510851488682,1
6036071202487686439,1
4802198364331527309,1
4090143730632224206,1
7395379279276942709,1
-7097142733689113595,1
-6428833116710200358,1
-5315978258406661999,1
4681476427965080263,1
6506972872907978696,1
-7096805209182744707,1
-2375879234623927990,1
7039635138610430536,1
6244542835555297057,1
7829634939133275564,1
-1373924741180875043,1
-7728464227311459721,1
-2262729168558621598,1
6737212496882425277,1
-4271531763552826840,1
-4857362807995085739,1
-6196069022837622946,1
7090889764399042376,1
8200103846700951112,1
6987393199062967639,1
3316457897827773510,1
-5250113940083472132,1
-521474262867366279,1
7875387462028579424,1
-7049945216902920612,1
-2362033026030403988,1
8242939646915375088,1
-133136295767131119,1
6929590143266398943,1
5824411102977176775,1
4894294715361504661,1
6189262701018920156,1
6662660559526970376,1
-8195411269775851231,1
6859905677532901433,1
-7652445501659070635,1
-2205328396578448578,1
4893232038071392595,1
-931807645983421747,1
7153730862697581859,1
-2365888274713133176,1
1421277203295658604,1
-2286197052999385122,1
3404509441455920315,1
-5433266029073672444,1
-3754932418082787698,1
-9069328924526171322,1
-958870843093368135,1
8218725782155242697,1
6532608068489698030,1
3130080400912895752,1
7736500854392357999,1
1377750308320933804,1
-1125327389097094763,1
3261790218367783652,1
2261527083394440556,1
2776208812220691918,1
4683422422806052920,1
-8943709517891064046,1
-6769624104690464127,1
-6144130004932384305,1
162099948664472309,1
-3645016197826098767,1
-8740027832046117683,1
-8375214696772623247,1
-3457974920116367740,1
5542257318075214374,1
5182277771945992790,1
2243371802465343437,1
-3701840893001259196,1
-1709752987817770353,1
-9109545008359649794,1
4394662631864709140,1
-995163338614875750,1
-3303673220989604393,1
-2903429155282090242,1
8197978711930875326,1
-6949012808098752294,1
8556475674101668692,1
-6832846109293335815,1
2358487449991284439,1
-1860847605048667111,1
9177544373918936093,1
-554923879250086770,1
-3173072454368407795,1
1757943144280613783,1
7257143450374358134,1
-5449836516674597176,1
-872489893890524465,1
5656132583214054327,1
8721979291211048224,1
-924235141021613540,1
-5160097550091367596,1
-4944849075125445787,1
-7941362384412455615,1
7353531306479287498,1
2690725084008522818,1
687688459367467143,1
-4669641423796189197,1
-1030221920746198147,1
7300396141379271191,1
-6543155522321902676,1
-5564566454731757362,1
283355763015641646,1
-3758145772564795165,1
4254412603131734136,1
-1271427743726374287,1
-266122813820697510,1
-5783695330781095751,1
-1870111589424341143,1
-2687932908747801293,1
-348337931157740899,1
5131752786766055538,1
7292399995693933073,1
-5543258636367220762,1
3402812665162961024,1
8015282227752244026,1
-7064730430236673261,1
-626188058388241648,1
-7851978848079586763,1
-1323167844903003056,1
9074168615974756457,1
993379791375853747,1
6075961608401738912,1
2620928862882628596,1
-4880970700415509363,1
-6299261030922073836,1
5850790081714363163,1
3160179984319551281,1
-459942694061931313,1
1793590406153493378,1
2670680327246692249,1
-7354156723086400500,1
3847481865003305833,1
-709271121475028054,1
-3305974320792672507,1
8637448311687974417,1
972014328043791804,1
-4023640833623917284,1
-302943642295513084,1
-8176059881704007637,1
1660738513189535272,1
2949607681649343693,1
6468981482158156396,1
5355977855392395677,1
9108662427887090986,1
1998427529568472035,1
-8804314304635759970,1
4727273708035194150,1
-6234366536922410914,1
3108990321596875048,1
5298542345619168245,1
-6297347111093004741,1
-3145973015020445525,1
-4399134436104367526,1
3980400935887634326,1
-288970694917931655,1
-2262374249415307487,1
-884278207408161587,1
934610223112384334,1
1254122766036110275,1
-2385473857930643053,1
5619955280784257843,1
260536519846210750,1
-7591417746754332918,1
7570732529697415185,1
-7358992882315112378,1
6458302269417837831,1
4588014984665429801,1
-2340307588674819921,1
5130648718970211517,1
-18631713703376439,1
2789281915500847053,1
-98099082374491563,1
5463666865879210665,1
-7365307109948125675,1
-3796173949394331333,1
-6241382298984561698,1
5955576006734254980,1
1765732573169327499,1
2750607825365630539,1
-8996443351642864436,1
-5701741542418631521,1
-964541853124983961,1
606117902828399209,1
-8479944223423750578,1
555120733360090296,1
-3625792809980898373,1
8657542936787589740,1
-6261508014080101552,1
1512130301018683350,1
4512760142519423705,1
6288986589524725443,1
4150555139878885941,1
3929854790622331375,1
2587461437366978950,1
5836704314680183660,1
4001114698079696741,1
-5690469345970258494,1
-2157808021145108470,1
-6297028864701739317,1
8401779817931110054,1
-1180533260491871226,1
2330895000788390768,1
8841190588584558564,1
-5909964211404780334,1
-4484681522056329572,1
-2711448993427996829,1
-2108286768995517754,1
6095286171946382048,1
-818995998110069790,1
-5949298334546079728,1
-6362678627816840284,1
-3650676527246942181,1
-1414569059682049618,1
-6190565169418346239,1
7256109420540507642,1
-3900568501454799987,1
18310235439595505,1
-1254524614325704929,1
-363648682963620196,1
270779216390257272,1
7846247160602384659,1
-8076197151221724809,1
-959056387332827210,1
-1465643907949606086,1
-634137273467661499,1
-3492730606111798920,1
6481747370984350746,1
-5619130868786090266,1
-8499556155635304074,1
6754946544534818777,1
-5213866154010923023,1
-2043520937270524913,1
9177889407795171378,1
2075611870435004746,1
-1615382917370909496,1
-7198605741834287475,1
-2673124985773759746,1
2839195630522687602,1
4001192026723007169,1
1648716601296318656,1
-8665890159511897170,1
182256046058432050,1
319804737560632247,1
-7452878661282617740,1
-3060022226553865090,1
7291837847372124469,1
-3615213210610798139,1
-1118518575145435838,1
1344258373430392047,1
7348917245471321051,1
-3914098110904505009,1
-4004450793890427241,1
-2218805541365168956,1
2787585938818538872,1
3307196253693073373,1
2578378612448500145,1
-3362421829907855555,1
-8995330204076936509,1
2177285836818993591,1
2996912562336175192,1
6003295184373581841,1
4395707395144430464,1
1347661545652319446,1
-8834656075134347893,1
-7032651475466816890,1
-4873319204569606508,1
-6417689112680905337,1
5345173721069463937,1
7590358265562309316,1
-1482893677101941039,1
-4459848316304947979,1
5221349528679959282,1
2888989735151344125,1
-3634619454952431658,1
-7060666404821425853,1
1022981527966847566,1
-2128534222220227029,1
611267761985524654,1
-6011969636258912357,1
1867236104091505773,1
-3566382693554115202,1
-6560807303820451395,1
-3577631332619861016,1
6712556353093521495,1
-8066719425925111080,1
-8709462304981914284,1
-2341266139322772346,1
-4160978950446267250,1
-8954383148172105610,1
-8932530269303913624,1
408672538807478038,1
-6014476154770201459,1
-54828004684375531,1
-2020223303990050568,1
4396994759585617409,1
-2699210464578115487,1
-3513895065836461353,1
-4986639563452846225,1
6633542227214709729,1
5762065624502064362,1
-7344679341040289643,1
-6616536998686966979,1
2280593178615643868,1
-3281455437229899930,1
8591987346700373929,1
-2595659928291721388,1
-8172354849715209111,1
907013515215328854,1
4062368733122404587,1
-4548941462665240405,1
-4926911040184150809,1
-2811744507774158025,1
7571467237737541000,1
-7276763815136805178,1
-7540970189935766049,1
-5101160248433041063,1
404533324207007164,1
-6801244323042785712,1
-7663685273808335889,1
-149966406267022292,1
-190631435430827807,1
-1783073134667254202,1
-7425709681930298017,1
1848667652647614690,1
7573231253019575709,1
7741272696446284781,1
302115743923795083,1
1792524010289954191,1
-1190157937950559976,1
-215228972962783702,1
-3077442023948806122,1
6928329617327111139,1
-4341848702821501017,1
-7064826031709204081,1
-9169441099078811201,1
-9059372996935316686,1
1107294785364664850,1
5085996323953592391,1
6340207661482866093,1
5342953867433128323,1
76387399899031034,1
6302825568710427684,1
-2094725141566868788,1
758831199406140077,1
7872017672890578027,1
-5586033673152192954,1
-4129330876806117180,1
-2958699718289777406,1
5627204844814049151,1
-9071553700537446093,1
-6580025355526695914,1
1067574215745761324,1
7893189028506900174,1
-8440463020146470666,1
7890417937866471571,1
2817099114879696812,1
7797671923921295290,1
-2954292102754999370,1
-5130612798647777457,1
1692526380758804311,1
3517751015660761749,1
-4119356619482141242,1
6099927586302581818,1
7814056063482789184,1
8532478789671135067,1
-8459066765649188891,1
-4180654185184963220,1
6670655252348439072,1
4342054110288764717,1
8187991808998163153,1
-8979431761752304397,1
-3366968103003997171,1
-9073762106359739964,1
-87763434273333040,1
-8315865691640129540,1
-4157443440611457010,1
-2073570514191420815,1
682541221568023478,1
5702057652476621751,1
-5163303860510091993,1
-3801159260716301558,1
5243877442937085309,1
-1323302607578995561,1
-1327137175746731363,1
-6513325414345582991,1
-5338080677751171314,1
2338570269427146869,1
2463591548103377119,1
-6261027183596671979,1
3686866265832704333,1
-163355143879420569,1
3543741592225573405,1
5059890044792260496,1
5492691255361455356,1
1931937146672353036,1
893392097983164221,1
9020612422539175894,1
4977281548816919190,1
-793544761559575194,1
7287863692955598994,1
-8710809510779963656,1
7481185329915447940,1
-8636973933357248652,1
5299840017998874164,1
1705802012445718296,1
-1392248132123618740,1
-2308771454173009669,1
-1729793816565192788,1
-4912421127038110196,1
4364300862308641137,1
-7815089148843252944,1
2930661672314310390,1
513104528375102796,1
-6987903458118774219,1
-6969796003144778674,1
-6381811548178858944,1
-6547735634558170706,1
5289859412240778862,1
-4313629189982396256,1
3553824046416482156,1
-4831867132768123504,1
-8871385170468472171,1
-9017976497385498393,1
-5086628845186743211,1
-6040242909845856412,1
2522834803052001728,1
-5007282297886988102,1
6232697159700183662,1
-6204817999925967082,1
-4140977413950695417,1
6383536250150827976,1
-665226369811662260,1
-3791967759497062619,1
2929938609840275749,1
-574779690505526843,1
7865979768832627189,1
-2265622671740422192,1
-257522771337462936,1
-1130513343614948860,1
-5007839311976438184,1
4730268527035642176,1
2564385707281747003,1
5105786075475218171,1
4893226463999331842,1
3999559247852348886,1
-5991575944007360546,1
-5325955859618872649,1
-6761968237885407359,1
1380115353000459881,1
4469044027572079176,1
-1832469551414647847,1
1427957945162652124,1
6883646365618933520,1
8109507392422908961,1
-9055850921675482963,1
-1314162483408007102,1
7978056389513344953,1
6169229107879738546,1
8658991448741877027,1
7690232597559053624,1
-2191314087495368749,1
8183528187913825511,1
-7282689103390334967,1
746061795488149133,1
-6041673221980279772,1
3545842285413798084,1
7417826751283821358,1
-2537202973217062284,1
3409264135979097402,1
972105992957263317,1
1014172764108332789,1
-7833894105221816397,1
-971790121513894316,1
8737680674143753429,1
-2589855064047967323,1
-788475324060435510,1
4292890439737964534,1
8273406761777879955,1
-7719426606590895625,1
-5712592924930690482,1
8673508335607839342,1
-416085848785601807,1
5291411272393731034,1
-5268125473100680753,1
1279988134942901644,1
-5653126419851738335,1
-7654794352438352107,1
6151478471213145463,1
3846669040119843549,1
-9199049785510518360,1
7558632000591397326,1
-5009527858283527610,1
-4318513200104381352,1
-7367095758029641725,1
4293314763327663187,1
-6896620272080993287,1
5976537554201582469,1
5377306207786594069,1
4713491843848004170,1
6705992798852817038,1
-23520255543387758,1
8292764238037980050,1
-8255705440443762407,1
8267452157575301005,1
-5246259164983780090,1
-6053359209903747719,1
5655996696528133107,1
5604265379080688410,1
-6326118075137314121,1
-4580644287111892157,1
-3554042993305488174,1
8626428369654142776,1
-2945620006398533976,1
-8855750522528194482,1
5909185801305171436,1
2337415974629039707,1
-7682054657893209017,1
-529151128689889993,1
-7025497394670447948,1
-136493454302847219,1
-2831057041216803966,1
4818281534421815670,1
5948356535181405297,1
-3272286201714531829,1
-3214911559920122791,1
-5274509052266321585,1
-343703949418167418,1
7054011719303932499,1
-4953164246449177969,1
-2529402070032531187,1
-5870941935331899410,1
5727740455548788496,1
4154722705566213692,1
2239647681921870757,1
-6600927272504145178,1
82943557135544743,1
-6521484679637716488,1
-4270005426083137910,1
-6038619287021420524,1
-1555725855287918677,1
-6886292624262304975,1
-2196327234244494686,1
7194591357985384419,1
-4782647722035025304,1
9077292977168079264,1
7754167035295943339,1
6837309841842021528,1
6104104323505012996,1
-5273374398255073623,1
4854429211593392577,1
3350009171403223851,1
-173170611661183602,1
-4796611613717325592,1
-7506089709332755062,1
-3343368878887042497,1
-3410041814647064983,1
-7153195634005285583,1
7224941002192627249,1
-1767791722875259040,1
-2929600322298061534,1
377762779089391331,1
-3918646848197348637,1
7123337659073092939,1
1310682511819250785,1
-830730787079410747,1
-5744311277590348393,1
-4675333952725947283,1
4889537682733774784,1
347301311569259777,1
6284290712838834638,1
-897963129714245377,1
7206461676109762994,1
-8560254602333177336,1
-1887360457849869137,1
5073085961764727189,1
8409076385690844732,1
6086505229070205873,1
4648398250064667078,1
3295958982191401864,1
-3809800896975543069,1
4771647732486027611,1
2710944345136876749,1
3428391615434627814,1
2519565227318911838,1
-2291500650423044965,1
-7574025914259427443,1
9028143636977782857,1
8241738954910001801,1
3930559422610566009,1
1463873234225937559,1
-2758254024124997391,1
-9096925578334250852,1
1119667524734068377,1
1836713425350363542,1
7426851690248315408,1
1640453271973258017,1
-950111810050512806,1
3767103687693782107,1
2473923917117038499,1
7975185189564510701,1
-6898223148947150122,1
6922848104748524699,1
2910536352928492332,1
-1447605085826474044,1
6360555353058756185,1
-8319050768387122516,1
-873081968948785936,1
2378097884926001967,1
-2999771901568644364,1
7477245181353792463,1
-2612068758316781830,1
1244364934168917800,1
7863365188663100240,1
-1850622156829959612,1
-6599997011004010571,1
2160162315080296119,1
-1013430435054642647,1
4394555776637170111,1
6357886230787161197,1
-313430004675787951,1
7072973189409834070,1
-4590860052619298213,1
-2688820640696545301,1
2162426857161086629,1
-3853227014337661986,1
-1173126968961550306,1
-7155433987039251133,1
1823348081707802554,1
5983610821690579600,1
4231870613766620959,1
1592019195680379724,1
-7038719738261940635,1
-3333808311572677982,1
-6226660970847413356,1
1580654005753147080,1
8325704190275923282,1
-2998633531071915295,1
1509255329613538666,1
-5415570947097308314,1
7304244823218318895,1
7012421828844887253,1
-1852520842611588953,1
7859706239631589792,1
8407699280572695821,1
-420124575405399448,1
4609730304053535574,1
4720306148874546150,1
8957691257018107923,1
-2256300325656761868,1
8828623170323897434,1
463438188737093744,1
7281322734508689983,1
-5508255763265482530,1
-7832999988520094642,1
-780386989139662381,1
7963257487019661014,1
-5794849430908435496,1
-3207066130795698485,1
-9177182380265729916,1
5393535548152353418,1
-4597226544345162840,1
725488702239088410,1
6781812912462068535,1
6320741501877115840,1
-8023107841334868643,1
-1364245942127754568,1
-5363534306771808525,1
-8555959633712367796,1
8089759265772564900,1
3532049974150120866,1
-2922072045484668454,1
-6624290646297178511,1
8841959343431602647,1
-3487690365388516630,1
4353676309206780107,1
-8634763652339875171,1
1634860368282088789,1
6264562017358975774,1
-5448403376860437608,1
9125477621630741799,1
-6585686487014128973,1
5269915061478874619,1
5259078631553393989,1
7475510039537787386,1
-1733245763439547133,1
7852442530197305919,1
-2452629732523118812,1
-5984164964723244711,1
3577183752544800468,1
-3762498658763800487,1
-8697816490796861520,1
7104270318315148347,1
2240460012759945582,1
1729753923039503474,1
3752789128449880501,1
-4706923004487948660,1
-575163562401601801,1
2419620994202323589,1
7177561335171931064,1
-4805951810939484938,1
-4018431578979447790,1
5682814842434953415,1
8132231623820078699,1
2911797129565179770,1
2988621449758655198,1
-2836110804306844918,1
-7300974668115259718,1
-8346866017014846408,1
-2371660980281357448,1
6467262276898097746,1
-4491914167332156591,1
-1864080823287738637,1
303525792949331476,1
274232963055332083,1
2862347385714343656,1
-2273963890644673430,1
5952698593228068991,1
-7104625920561093035,1
-2601601275029267748,1
4044216067331925095,1
-109395473782387965,1
-4159995661027441119,1
8839916449274956540,1
6661797586395399748,1
-27894024936883951,1
4698063068093135734,1
2192228233563759787,1
3550636723197969001,1
-7812801762016136670,1
-2379614090746196676,1
-3395366003920540587,1
726028244188236795,1
5637843660522407716,1
-8191365069306637942,1
2465660263692785924,1
-2446632091421113577,1
-3611883521962781930,1
5840666969766014861,1
-7756213745717474032,1
-4549481841273972614,1
-4100162764380667264,1
-7176908016794849759,1
-1722280291019957544,1
-5406857070986282297,1
3480612491739695213,1
2162724903137386206,1
-490175802598565366,1
6006836513476894201,1
4683848002778514625,1
4535661500582623297,1
869255656723215658,1
3627363566664293848,1
-437333155983384097,1
7915991947362589205,1
-63521634682170539,1
411696305573532661,1
3118758834569525216,1
-6653277800035404477,1
-7991649341354124384,1
8272727621685012263,1
6331901555483218489,1
-2776893972608759241,1
8647859863599495063,1
2062896228437624970,1
-5864196400059298869,1
3195067465809844027,1
6019411468349532112,1
5763402127820160894,1
2766723177845506490,1
-6788526692511980183,1
8088408598732005172,1
-867671334745112936,1
-1492181348235360892,1
-1369091508593513678,1
-3174825872783495387,1
175775739543841066,1
873996993115974297,1
8525499702023770373,1
8922014107043184119,1
9214350769033234331,1
3311515292698562197,1
3396948281343867562,1
2677450750634163026,1
-6901023288392435006,1
4790154815773693308,1
-291498041745012677,1
-97578871407834766,1
5523633582260536382,1
-387615110521853924,1
-2592465432961504009,1
-1342472051614430562,1
1995071666747236845,1
6062176468664449517,1
-89895979649243554,1
3490726534872393920,1
-2379399939937681493,1
-1441761165611646665,1
2424638266483067748,1
-2523735490610423848,1
-3780744840074979687,1
-3869790373080587455,1
4324185974425988950,1
1543440851989020640,1
532466391443081864,1
7397859275877216192,1
827594819980577198,1
-8817198392277161975,1
-853971283340094696,1
-1900901719673844680,1
-2448031353398542721,1
4531417387697454384,1
-8679125995079047328,1
-6505259151581819547,1
6580754213420457618,1
-6458036603223402457,1
-3823662510829598213,1
1999983138820171297,1
3459726633026552022,1
-6133444803920618535,1
7406022165076583578,1
6590598931305559670,1
-4808859251224189651,1
1172023579503671046,1
9191856818846819631,1
7983213448487878070,1
9174496050341126394,1
-2007514921605095900,1
-2945667227255032037,1
4152667538244703120,1
-7299062378153494747,1
903884099160381789,1
-4237049078228309112,1
3033382632580529741,1
7777846896504311613,1
-2057937875808069761,1
-863002018554249358,1
-754683180926765532,1
8039898079551340468,1
4099336228128215563,1
-894327953271092669,1
2267851731316857150,1
-7998944754835304619,1
-3886639312658897235,1
-1552288307388263794,1
-2896068857868805379,1
-6850909838714553256,1
7504198441772574707,1
-3461104048035575311,1
7385605426922705607,1
656100326691748857,1
5789194972256601473,1
7408798782121851694,1
744012538165896047,1
7172988007742378311,1
1032379439733252633,1
6475623653401976731,1
-4158490815757395887,1
8104926619956071190,1
-1241265233569902131,1
-517690867385169738,1
-5618874256266187187,1
1053750498798202347,1
5719924997770671089,1
6755175476253328873,1
-2561376903221538076,1
686213656240231992,1
7253540576235105233,1
3838214652518758355,1
-1644547628583459905,1
5889882593161444673,1
3682049764095631788,1
-3492877273287794383,1
-5914516391850744232,1
-140322284345842541,1
-9115689563619187862,1
1767534321268505892,1
-2983875920189770372,1
655423569431846452,1
3002072825559936326,1
-5025267574258335856,1
6818902074897463801,1
-2157884084166704479,1
3552710205747559814,1
-1121244301287671710,1
3481678497328333139,1
-1134352447790570230,1
-7929650301946413241,1
-326926436384066098,1
-3501106259588525823,1
-1393025352385187922,1
-1418222665750165633,1
1125460924414719187,1
5820780920046722092,1
8172926097267179818,1
-8445786804520335694,1
2491134280330960811,1
-51244295438606429,1
310392563995452876,1
-6052513148571343446,1
-606499434914160144,1
-1074084014156878966,1
5679962479734666352,1
7081312779140202104,1
-7290337071844190758,1
6839214306575697630,1
-6133016333782650822,1
-2607403007610155679,1
-3600874380857026252,1
-5400520687228198810,1
-3641169469822291434,1
-4496158207575031548,1
-7086923376831547689,1
3878136712552467457,1
4472526854965199977,1
4343399674269378827,1
-1481434848381696013,1
-7507108243009760854,1
5102702331646550820,1
-6007416136190123055,1
2501214779722328291,1
4160510214314472713,1
-5500374573116767096,1
8687980289725353689,1
-949740537177235544,1
-4897870692045909758,1
686314856279818643,1
-7972607115649582241,1
-1768711828889396199,1
-5650627364992053949,1
6707150788064160902,1
-7956576856655262685,1
-66174448156240223,1
-9002790617971914676,1
1688373639523671063,1
8140593616341434089,1
3888289915870046096,1
-6051724922586385009,1
6287696717303944778,1
6141294505060297240,1
4988930210556942546,1
-546596327388797637,1
2071223470857832705,1
7277581174260792615,1
926847336069450425,1
-1636467901377302973,1
-3526561603112300287,1
5589242500422925649,1
-4978486765737391845,1
-534116228502070634,1
-7426764689156259290,1
6821554526582084709,1
-1241992083357035858,1
-3161775699064037963,1
3745390488954616172,1
4558283553067843854,1
-6865375773619523341,1
-1704403351461332917,1
5320070656824227732,1
-359862156757303738,1
6743844412559234759,1
-5008060587896739469,1
6808038348061415844,1
-1248349150001990538,1
-4435946367021789010,1
-5113041325749097159,1
-9076989110416697983,1
7619526177904186291,1
7476441721533607331,1
-7153454187988255531,1
-8676089378885439643,1
287553755636100933,1
7261748648857300097,1
529545872463449377,1
9201795100092283905,1
7622624873772197836,1
9133772273180199731,1
3286219099806487004,1
-3621954972784581107,1
-4522949547277149159,1
-2000535913462368884,1
-4274310586538123088,1
7263847587813652782,1
6511397032539390470,1
-6982306574554067178,1
-5395431430439534866,1
7285761583069126472,1
3678549124633492164,1
2667861779395717176,1
-1304074593035782070,1
-1800086167062749162,1
4351727681905416781,1
979690988501803468,1
3818711844788044284,1
-1212489961723279109,1
-3842599615882855903,1
4077452334303831273,1
-646193801225230591,1
-6723475263925131583,1
-496190126165595061,1
-8449212943851807036,1
417757788498015007,1
-8002287076926410412,1
1718612205091024785,1
-5743555345698432225,1
-5328781631748287754,1
-5303691914436225394,1
7795988046103082010,1
2069281098740004011,1
4570258407363418572,1
6427384255744780413,1
38790910311514279,1
3772234366501269029,1
-7843329416543649439,1
-2369086380967791904,1
1572925758549566202,1
8401407067108687657,1
-8394703630138773870,1
-7209022192082704019,1
-3059446431190999259,1
2327128596490080899,1
4575580395851539439,1
8752315560783304546,1
-3740389895558034546,1
6335464636696633077,1
5210256278921941096,1
-5728542479109250428,1
-1986707826268052011,1
9191412897099764308,1
8507202618149075124,1
1199049235132460076,1
5594740887044977662,1
-3362170903982758774,1
7379808336651858344,1
-259662592921023992,1
2873478444462864163,1
-2467081428344367457,1
-6561046510749488061,1
8397400726581998635,1
6021530019087446210,1
3297419054995905934,1
-7240974516727810430,1
-3373212183699055,1
-1608653296561668429,1
4110848894202154888,1
942139919842642827,1
-5461072377590443181,1
-1680765702845744007,1
2579302374299015557,1
2429249336382246915,1
-1990332021601386317,1
8774080323838203132,1
6398595369348559989,1
1549530571373089895,1
1740574882998411663,1
8338455672901332829,1
1161041502569155671,1
8062765639801623819,1
418429126199882827,1
-5645978134232683546,1
-8532594036830692095,1
8771916691632896111,1
3690306009505981667,1
-3540865894079623088,1
7603080152057394984,1
934368771581601225,1
7141522701905945580,1
2391829327924279538,1
-7045131987532337695,1
-2326508455774523385,1
8253332475284706212,1
-6905743657655857831,1
-7630164388722267550,1
7883258276957969649,1
410997923461437290,1
3308301162428323717,1
8788630184686720505,1
624754724609702156,1
245774023434099834,1
-7444169248597287310,1
6671915085007828022,1
-8157688911159476875,1
2700652669765647857,1
8544803026579380272,1
7346971268213848375,1
6440715903779011108,1
5512975859996939318,1
1028922084296842418,1
-7549588806454741320,1
9194644331246688820,1
-6340387639846667554,1
1734455187017668549,1
-8532474636622916703,1
1772923155292846711,1
-6752345305465417558,1
-3659439358441788368,1
732985174661429806,1
-1429955214174351994,1
-2863151924356288951,1
1585122023859910866,1
-6654204731025164434,1
7675136861381955091,1
-160647197605146154,1
-6059285766663685705,1
-8376382546707210318,1
-652354885157338828,1
-5564315704190770855,1
2369403207089473675,1
-2342191007421804005,1
1258164722165438117,1
5403192612659635112,1
-8882132543235209397,1
-1446520393204199302,1
-4484290780006521564,1
-7768025474539603907,1
-4219648816717195628,1
4599238235511045092,1
4124103433565409202,1
-5075235653814602846,1
1283066283724520730,1
-1780201418002945901,1
5476883802554613057,1
-5850982030819962770,1
-5695328156338025751,1
-398627144347939506,1
-8782991007975965773,1
8342561026486473564,1
-2201514238472742571,1
-5687734808114735941,1
6119664753941285429,1
-4853302655328279839,1
3514677583508991953,1
-5937458838847060928,1
-5374858239554303842,1
-3154848984494641858,1
5473598116232108259,1
7418276569370225766,1
-4739872635143802181,1
-4666131008215345210,1
1877709053256291365,1
8406918266372795256,1
3538928578401934900,1
-7428241415307608948,1
-6725034625747983537,1
5051015691804662215,1
-2296992225988278189,1
879003832723561210,1
2770682638915969461,1
5797468779840428733,1
768314391532757086,1
5475856560692161808,1
-1408291542908965094,1
-1882817974102807714,1
-4827560000084596076,1
-4395006476429897155,1
-340259251357133738,1
6240913281075349322,1
-4768682922789067603,1
-816879116184785294,1
3866308599192711609,1
9151776757240220719,1
207794500870772441,1
1011098254089133471,1
7610804800516068808,1
27449320593955493,1
6156855999803552921,1
-4289581766446395853,1
1817554444785765847,1
-1484634133989423015,1
-6189380501831734975,1
-7678312048319634530,1
8217073228501816405,1
255116836376005229,1
3863330375528478766,1
-6076276904193782162,1
-452933831347544470,1
2915038792097800778,1
-191732905811040500,1
-6122277661217121212,1
-5541171016921507042,1
80893374023834444,1
-6781199297984528506,1
-6135857823174025104,1
-2478318930536312486,1
9040802261012171098,1
521574638593917915,1
2217851647071143695,1
4712194636012741822,1
5100583861481386791,1
7892686676682706491,1
-6872123586166694890,1
-7769065156863687135,1
2783036092425126989,1
7722183284736301620,1
-1030690204362712054,1
6847994358420696350,1
524969211698929719,1
-7614491797471217477,1
6573364440699561465,1
1255811155612273387,1
7490411683895589692,1
-3085999185663719222,1
1095175395250458760,1
-610743110933990713,1
8336372188189027211,1
5920314488111983390,1
-7866047664598050650,1
-2947586411061584037,1
-1965181378703571822,1
6307931796917724658,1
8292170467462504375,1
1047967910330858821,1
7427925063910137408,1
5517483258691969846,1
-7979073382833426627,1
4296942000341460300,1
2814902770643884751,1
-2033242190351088079,1
1829858821956367763,1
-3688229205160610432,1
4248378979392074811,1
8676526887696537573,1
-7582955517699427311,1
3111949781664383173,1
-2464974500509409396,1
9156783063665076834,1
7089498214724611965,1
-1889906931466035282,1
4344935063722147546,1
765613614981424797,1
-5825466949886061563,1
5557369115944808620,1
4083754197252197476,1
8720000079283745714,1
6449088997916319717,1
-4840444427921103597,1
-4302081352787382199,1
-5206251896225238735,1
810115414774416564,1
3923744297609309301,1
-8759039860644809523,1
-5790473507695501677,1
85276161958555880,1
-1479798911726198745,1
7886262991339555465,1
326273939250614576,1
-637188966363102719,1
3132516095018940678,1
-5971012473404365564,1
8717354808398704074,1
-5893496855653843420,1
-5591762614697765688,1
-2750676077762461818,1
6939490918749695714,1
4357554081315521236,1
7687639543689385832,1
3850595717419890952,1
-4236132525231891901,1
-77658026824542519,1
-5785912273935747432,1
8036531768390787112,1
4684318837736540796,1
2106905320942344924,1
-2398099073674871245,1
5594932484186172079,1
6472012595766418311,1
8237364455383262,1
3869833606923100302,1
629041494287888778,1
2634949448618022098,1
6182875335342173008,1
-4599865962700075265,1
5915809951591396388,1
-7943995196398258913,1
-4160984831489881242,1
6606370805438791044,1
2844906859290024168,1
4438598383354694801,1
4872114452910559949,1
8848633946799726129,1
4841687049028480842,1
5879188631664339114,1
4246378364267862600,1
3814509165570273522,1
678428048923959195,1
-2503254668242963764,1
5107193159009453047,1
-3479364162344358967,1
4317625892855808615,1
8710914418552321580,1
-8362882507462667983,1
1065878052658805892,1
1112950211479449921,1
2063698897357043262,1
-7431350170513487792,1
-5250707318241189160,1
-8323846515955904433,1
1699951720688066545,1
-7218975330797679712,1
3698903975672605373,1
-7324596553439633938,1
-1264970851794267954,1
9183216407440412746,1
8067083899532728391,1
-8880663043263165275,1
-2184188382573670537,1
8039739647875186646,1
5638494673641426014,1
-8210877666464697515,1
8486730580050989975,1
8513767174613068825,1
8292353460657443747,1
-6849638630067607709,1
-2701101522770990298,1
-5356114621641744014,1
-3520335347852888568,1
4363658802091213158,1
-3518101236946474276,1
8935684178182285454,1
-3988228237861831853,1
2018075575789110817,1
7852955501970911056,1
-6856884463310500048,1
-2534177718034994208,1
-2628792475658003869,1
5465690279937035663,1
2269392314702944192,1
1668718678126261381,1
-5914208716409138109,1
-2512810669309314894,1
8711971964980838330,1
5353102879935683531,1
-1867437047262670301,1
8334259206277308426,1
-7720388031869215104,1
4664712092855241395,1
-4284501592562444868,1
5783398665327929137,1
6775850766288593161,1
-3876776636514548039,1
4905174291766764753,1
8067499281404001363,1
-75541960113206285,1
-8347011952620916683,1
-667452382435406776,1
6914797129360271660,1
5437794671250083576,1
-1957033600114932846,1
-8235417099239620222,1
-3179698840723282187,1
-8720605145945009808,1
2166939491709289091,1
-2407189657175696016,1
-8993167527574090824,1
889630209468635327,1
1247408439847101198,1
1848745329256280808,1
-4462988959816615399,1
5922253377072042748,1
8722651237919222740,1
4099958459145114793,1
5851229843359439199,1
2349927744432768790,1
8329772945757824149,1
-9201323700595221231,1
5304602060237272808,1
-1931434304008029485,1
1548053587980170009,1
5821562392159316736,1
-5080374872959030900,1
7521159166404405325,1
2753756468826269672,1
1831235047715903049,1
2315986080031625146,1
290069370818372635,1
-8163515288968881527,1
6422178695512616328,1
2244941314489053557,1
348493724615547410,1
-8195051277195308684,1
-2396428933808989769,1
8165695642393624337,1
-6868974276276466040,1
-6702242269297407726,1
-519783087084632109,1
1224385691096074618,1
-7221582708419384808,1
-6116854098092613012,1
-3906526363734294924,1
-1573279861268201396,1
-3046060149532261685,1
-2780349581612065117,1
8244026725667920452,1
-4428445837159747338,1
192565576722824336,1
-4349028402805976701,1
-7089457028307119531,1
-8885966576828115810,1
-3502753213222438855,1
4821656404740633099,1
-1038306559488883411,1
-4547084803437011121,1
2819616181274506095,1
-4353500960835665590,1
1299457216075826453,1
-4686795932392891486,1
-6590460835893847930,1
3312249820921660140,1
1682197169791654015,1
5693888758212194280,1
-2497486115781469122,1
8390635710447144612,1
3830576437070666424,1
-2182105251541937696,1
2574668605078062613,1
-5558466842011579466,1
4520323799476457522,1
-6992599688831023265,1
-8604574197812551901,1
-3471838777980049049,1
3483662791884050293,1
2469421771124973434,1
3692738051364288186,1
8740912012214623342,1
1344065577839299689,1
8893317126330681952,1
8674325282696187082,1
-1460220255687220085,1
931097900161161001,1
2342565141268410939,1
-8642627882682151828,1
-5503993705034168559,1
-4598010720921942235,1
-4175845903920863017,1
-500402647829122741,1
2344899377671425249,1
6773761904293382251,1
-806585432032876788,1
-5787583672226345633,1
8796270984928167466,1
-5522082900313686477,1
-9127384968714138696,1
1515438056807209443,1
-2387481176314154188,1
1562866142239704225,1
2757013381096418178,1
-7991052717069834087,1
-2086334508362066282,1
-2772989394278573811,1
8546180790574148872,1
-8100871862189092399,1
8438457479846614564,1
-7196585401938161023,1
2909881834866079240,1
-3752218306255057758,1
-2595130960755058483,1
-8862134198705308774,1
-6861345857018742316,1
8328855756564031593,1
-9123724217729930214,1
5881000004192627084,1
-175632483428584028,1
7895924037434568769,1
-7680030989077677590,1
1718163373482759799,1
-442931694403413071,1
-2340783442126157703,1
8843080878750508183,1
-3958949643614457608,1
-68175320258696857,1
-7798074799659345038,1
-4089235722610112405,1
8952587365717905646,1
2455647569031523615,1
-7048294089571510800,1
-6454749815509879402,1
2172765841832311785,1
-5087779133322871503,1
-7734761841643492869,1
-5051804468650844433,1
4362408596864835915,1
6493977652391786615,1
-6170658345319855219,1
-5689289008738547457,1
-2332531578701640035,1
-1377716280801374069,1
-7405385479695906062,1
-4199573742907519002,1
3045119590328873238,1
-4916853232486744654,1
2755206540633094027,1
-5108457635370172838,1
-368578321748521611,1
-7951296290453169318,1
-2001988384724125447,1
1520345424636664398,1
1951176084557867489,1
-881837107386352510,1
-1675261664036271173,1
-2606954071681258274,1
2825585031522733930,1
-2781089922047344405,1
-1285492512314547466,1
-3198310048848717326,1
9073743927280736540,1
5980653290488608841,1
1476975109074052723,1
-7690778385762453315,1
6044218817129095114,1
-5390468143586061999,1
5188570119805938450,1
-1910738352795312963,1
-6333769332976815103,1
-2329566635852364535,1
-260049324267256098,1
-4130832457493245086,1
-242157494256200620,1
6546645265992025258,1
-6928159236338903843,1
508168173578143601,1
6522594772944923011,1
-2206917715489722964,1
6488387825085688783,1
-2988232124241503253,1
742649285699395756,1
8102010684962530985,1
3936186640029379692,1
-7135106755233045951,1
-9163594799967578572,1
-1204662756672517561,1
5640736862520985200,1
-3382956450218373247,1
-5136366309620314538,1
5105110413699817510,1
-4537033937209410968,1
-3511993465937517304,1
883160789817966873,1
-3288542490775151865,1
7322388158559055969,1
-8517874065440221695,1
-3854417374020235653,1
5899431341758043809,1
-156769560967704471,1
-1801072794646671288,1
-4696642719106892615,1
-1900195673138870699,1
1978929237247334871,1
-2282923475729364677,1
6015713106278102458,1
1432777752657540740,1
4270030731248506695,1
-3256812510836070024,1
3837558956242552543,1
5130869903782965298,1
3894090852699123650,1
4099817889505128351,1
3976725704604603271,1
-14538192497184979,1
8694715053411087401,1
6602645238512269691,1
-4931557150632767494,1
-7667259516648074443,1
4698591155445385553,1
3752463275179467066,1
1136951402787478573,1
5105474054743009053,1
3464341540239645099,1
5623503483210475637,1
6400834747200509639,1
6969826846865137328,1
163547307492713700,1
-71782190713190702,1
-4434360567325604029,1
-8608170728179488109,1
-6068646673714531286,1
4517407780226593693,1
-8876280414644759883,1
2625313283534847622,1
-955443408883286130,1
6207522944473009358,1
7962229351924379405,1
-3652355780070902620,1
7759780789690543714,1
-7313522465303861141,1
-2323525433339733791,1
-4595994374830987783,1
-4787444904041707287,1
5050927649792780752,1
-6490295038649058591,1
7791832267676248177,1
-7401060047413159534,1
-8244271908524626664,1
3187880707846338960,1
1370281442631357632,1
-2591196986165265775,1
-7672993370032748714,1
-3745613423676146790,1
278465564916767736,1
5570394653620948374,1
4364845500723070375,1
8979800907769896128,1
4676725530635355484,1
-1065234681029472559,1
-7881975750594709138,1
4781956265932457030,1
-7114228502936174123,1
-5961620879813095260,1
7141604206997195551,1
1466277273692558611,1
3691175633252851618,1
-3162068727174201704,1
1368121039324943268,1
-2887084116726683557,1
-1421120461162281497,1
-9044114125663104820,1
-6463999855006563632,1
6108114453548642945,1
3501925304231460279,1
5034349968206729342,1
7013810322620973717,1
5190581524772038685,1
3523487742255440318,1
5707720816902900446,1
-8318128021418939690,1
-4164461791545048840,1
-8183357601902940146,1
7248912410169700388,1
5123477442426461333,1
1537106346918251668,1
4425230904241213084,1
7710322743925326735,1
-3222248544964641308,1
1941140875026036489,1
2419234799545768564,1
5683078873075076465,1
5705902200230066470,1
-2970837592801285019,1
-8048066409022636679,1
3246077780430585897,1
88104244693373220,1
1566166554862637130,1
215317197227483757,1
9002699095058673543,1
-8171830266871823742,1
-5922592327774238734,1
5906084682771936046,1
-7873104749851152943,1
8245406431407877066,1
4945307240829075585,1
-1642682071884042604,1
-6454767304884579564,1
-8476586328860376326,1
6674687289349851726,1
4751500100929926434,1
3741960046571986354,1
-3548346687486112539,1
-7074037066592609325,1
7071432113979158969,1
-6041160143089644848,1
-3143671050209586604,1
8658792825932707995,1
-1980847912569167898,1
6536012246845739656,1
-7185665899293117812,1
-6960520433889185501,1
1150592249752791494,1
-485944076944666868,1
-6526402100227189151,1
-3105271984573522004,1
6740503231791078062,1
7670122402546807750,1
6102612701013840324,1
-6632531869407603774,1
-3747441917041536938,1
-4811092705831961851,1
2229231176273274628,1
3132613150718095513,1
-1128760706276661619,1
-8678541180115273188,1
4691079647727168498,1
3542764690556123440,1
-7583275934084890893,1
5972931090611523358,1
-614722619127206809,1
-7308039432782184632,1
-2644637979435967689,1
-4403598994040248321,1
2946988332507573908,1
-6761691810018017974,1
7960350434659906892,1
-844550951788317512,1
-8037762680872814519,1
3358021640877759261,1
648008070880139594,1
-6433622975947839838,1
4910502306763684084,1
-4663961195379794458,1
-5057064777551763180,1
-4917748512428734368,1
6032014931135472469,1
1395961271395344161,1
7518169909999899014,1
-3846387859654692058,1
4172114893807357422,1
-1993045636384247838,1
-691040280856031574,1
2857695484787653756,1
-1303001148707991519,1
-4984875195142773207,1
609434564338573549,1
2111767143429072228,1
-1600544320377543371,1
-7753120636024618173,1
5665445284314953458,1
-5316610837533498726,1
-7874035599956710811,1
-516729815056096252,1
-8943956020023246442,1
6448390209535969676,1
-1970764179683451032,1
3747071506717025059,1
-1745464820285924838,1
-8087206109488987869,1
7891952532027280113,1
-4482743527983158503,1
-2858576789146323970,1
-6884500764828220057,1
-5594160488611405205,1
5149917117719088203,1
-8148847322739479692,1
5686040531675672462,1
7380992659014231158,1
-134470037399162648,1
-4963599642303247933,1
7441622355754955478,1
-2574849160587403483,1
8715396081847698364,1
6378519115089082042,1
-7156356881125005252,1
2139970133296528538,1
1277896642719225315,1
-6947117108658826826,1
-7225324264624343262,1
-2581076163833008089,1
-4532613226586606531,1
6914156531278655236,1
-4738168953447971683,1
-3212911700321035566,1
1586348951925093146,1
-3350427103643512868,1
4715833356160456687,1
-1070767171587366506,1
8655130438601201091,1
-4205341885552565783,1
-8751003910163574870,1
2207588557064546975,1
4423587449135760259,1
648427349999568098,1
-7905526365687983991,1
-6015523392458995566,1
1012185821566004574,1
4227431459724917341,1
5628088464780509637,1
-7768381421716594230,1
3260527680649113648,1
8964376859441739176,1
2557398888171714663,1
-6504224171339358017,1
1472409616494914521,1
3838687074410570088,1
-1391539904343084269,1
4657672417534303647,1
5337047648321441148,1
-8760627725049949713,1
-3763240783452266909,1
6791334682726851488,1
5700795945779038757,1
6692269714000729518,1
-4653066955807618887,1
-8741169446081695749,1
4959989498003952473,1
-9021076175908447680,1
6570519374217675007,1
8171937091873668138,1
-813684863261013628,1
-4488802929710194972,1
-603641095823053891,1
-1802598337978025168,1
-4193680746265187131,1
8410098915138228152,1
8060883930550630390,1
-1145876919300677652,1
1998582366400425120,1
-8448305310758028780,1
4975555390857256417,1
389755884002709616,1
1579671842342602877,1
-460843662454590819,1
-7750031680397506976,1
8502325583291629154,1
-6535175825054261084,1
3486083272999533075,1
-5789498848375705973,1
-5733830574543021158,1
5335106073509592282,1
-2823228150229866026,1
3280176203915669784,1
8254309328560843056,1
-175590054848054141,1
1130939923193435521,1
-9198243025767349756,1
4727635114630531346,1
6564128934720962032,1
7693203427609101071,1
2434575958445342013,1
6204782692636072358,1
2832786939485060329,1
5458237795411049683,1
-1084642435724430197,1
7590194104150932030,1
-6689714155331274330,1
-3457278067418112241,1
-1187686130459007151,1
6860223606322238093,1
7757430666951508670,1
3973931626451268055,1
1462496322411605373,1
1890374705314189795,1
6999188042774521120,1
-7119003968687922141,1
5234226271042069064,1
7211391083726885242,1
3329525826499090045,1
-5538274503009776632,1
-2320992595647299994,1
-4227256408505725514,1
3087054822820266570,1
-1097913353160121044,1
-8005006209093729544,1
-6772098995685960086,1
-7948000637481510470,1
7409458845739854010,1
3291500639109119540,1
5214371994221211821,1
90710424543512398,1
-3431011777532455742,1
1072766456026832529,1
-2198965967244530811,1
-8554812715887368074,1
8308145777679265332,1
-4062467849787829953,1
1282055444122071323,1
977604397289834357,1
5768522400414491726,1
-2863450112386233804,1
-2244208521059022431,1
7256939101481636949,1
820413653928757291,1
6530615011883128411,1
-540859631704412825,1
-1025839784430930908,1
-5998085207252114055,1
3256718341602312437,1
-2366256701814133845,1
-8427766672226403832,1
4766908667516847324,1
-7987102172782072670,1
-8114651238126402650,1
4941316552865924728,1
-3102440524397190450,1
-4365196845021317901,1
3958687707813324821,1
7783133565058379516,1
3780269410679734960,1
-4341704921378838616,1
6270899668905550158,1
1089646033320818700,1
-8765047557536668685,1
4698201968782343228,1
-8115948601883731422,1
-5516248329193907583,1
1815295590755764946,1
-5988456793295910491,1
-4439909777963326090,1
5381928360050565551,1
1293843993672231845,1
6033392933176895987,1
4213973441709633203,1
-6741160806891659575,1
3672516423889723322,1
-6689473721766358710,1
-715076527655544981,1
2579374422484738928,1
-4568645383259562184,1
191509465036450390,1
5014008639421887416,1
-8463321408403986061,1
4422089799933688578,1
-6044211367164245040,1
4484369238344867443,1
-7234628411994405168,1
-6316565603173336238,1
1440475106233569762,1
6999089582438826100,1
1865009741437471416,1
-1563583810933416787,1
-1836389029341381898,1
2283085434921829401,1
6552005795845839209,1
5847227291525122382,1
-5831020573919196835,1
7634777837317743412,1
29109551669680333,1
-1695470629069718512,1
7946277006682591437,1
-7486139798778690552,1
8680379630432373921,1
3454749560385372078,1
1349520528870272799,1
8146629351259274042,1
-346232045713823421,1
6026662316407310081,1
6879690112124725052,1
-7977627303004074188,1
-3865999116680949687,1
4240005250366980983,1
5933255575467834905,1
-2912806449354423504,1
-6008696709899554341,1
-1192880794638269223,1
1256213255646950828,1
-1183862331016619321,1
1129007435947080104,1
4724012637750161856,1
8529227041082975707,1
4039853117928782945,1
8557815881211391837,1
-1407187935255454782,1
6877520173489544947,1
829307346094199807,1
-6196630669639019181,1
6090278298938041701,1
215849281410092183,1
-6281359784028834267,1
-3121593708113864951,1
2771178949229552913,1
-4653077648585441283,1
1132679199120894724,1
981964551806769682,1
4736251636409508093,1
4178348999737740361,1
1391855993257316901,1
-1979767390178678183,1
3279844198944937180,1
-2652648975966683247,1
-5481503442003861325,1
-6597521976433332098,1
-8658940516129485557,1
-2203802990520913346,1
-5882262546418927019,1
7873375366598667103,1
5567378364466791697,1
-2108580618238056986,1
4333081664456294465,1
-8577477537810514966,1
4799160739967636764,1
6562698377194939090,1
-996454286984629487,1
8530353030163623825,1
-2392280499221392607,1
-8875112918692772306,1
1014636833753624046,1
-4725596689692249539,1
-722437940139527379,1
7310170091114433005,1
5245718877618970694,1
-2198034195449173882,1
-2156152244124512444,1
-3647891291660321572,1
-237444849004920421,1
-4953955473056883911,1
-8980957201373311259,1
-2723126527895136922,1
2137014637160337771,1
6829780773680176759,1
1719988966660800186,1
-7929665797053088150,1
-3098018750443460345,1
-4871000984373289151,1
3950824038172194749,1
-2096379730407789344,1
-5049163131118665947,1
-7377482091635679961,1
703878552169259092,1
4234670388574886946,1
-2707886199000700660,1
6183876663703821825,1
-7732620877513677215,1
-6482293549842423141,1
1107990869424170679,1
-1167845034044022962,1
-7806293856276587274,1
3777991038017692143,1
-1851099478280944791,1
-3357740970367218253,1
-4151636438333488381,1
-7624499859878375192,1
-458199094863328645,1
8406349839133104189,1
-189941487804723001,1
-3207291785400687723,1
-3325939733296551808,1
4613549949208191410,1
40613480343985283,1
1636337498511326572,1
-4863967151195898052,1
-7052935987952340333,1
-906628448587073886,1
-765416314804878202,1
-6914349096636384767,1
-4719616408932352266,1
-2746120125938866971,1
5915010446476881169,1
-2652300945210464645,1
-3120588826701236675,1
-6813355188763015840,1
-7673935420527054493,1
3118033550327654658,1
-5548871795471056770,1
-479210903661893334,1
7744999005942116003,1
6755875199378392142,1
-7074222901935114165,1
6794461903835880560,1
4759394279348810907,1
612449854635781728,1
-2197824924193676664,1
-8816210295593768816,1
2475627856880157029,1
-2600276526665060585,1
2641392658125312526,1
5469438733520026008,1
-5826090125572127579,1
706074998849534830,1
-2514943379574958533,1
78792013692730164,1
6182127551304316875,1
7884198141695274571,1
8707669541591900826,1
-6647578405306390861,1
2487687239848377307,1
-5274150502641552532,1
8471167581733746647,1
-64777129042193724,1
-6845317978104179540,1
-1655812495563234492,1
-4300364009408498700,1
3253664752920529352,1
-6908903052119392225,1
-1196392655248504121,1
-7513034886529511066,1
-4119152822721065713,1
7557606386578975142,1
-1415842234578571918,1
2697723813691474366,1
-431827322912693444,1
8682958872037677586,1
366972665789826713,1
6833013735972694924,1
1207180891437202998,1
-1346159196827779156,1
4499901809744379071,1
-1957815018714373088,1
-197869147132597278,1
-3149484169139410597,1
1910042609559649289,1
6071697233768935705,1
8185903813186146195,1
-8361047030221521709,1
628273456055782073,1
5494816331303449721,1
-3224007032363224726,1
3711308937534903438,1
-103382387425318264,1
-7422151434501293282,1
3606497665828123557,1
854412153052898578,1
5026841097092019493,1
-5163617735720202112,1
9011009946286721032,1
-4226051661207383296,1
-1962246210676631926,1
-282652666295519515,1
5617125947354519182,1
-8617469012177062516,1
126127590218238184,1
-2924433166125314803,1
5188509540495065219,1
-3189721508654810837,1
-2761644694529513212,1
4477979849298965672,1
-7322414413745103664,1
8692721638141518278,1
-4822023820020162929,1
1790180520902339230,1
4558529017110880241,1
7175401594914610266,1
4360970801818550646,1
5278252808381787869,1
2983861037152585174,1
211298168416594585,1
-5608402490496534320,1
5729239389225478397,1
4530392528360106166,1
-3889807510341852053,1
4210593806775840649,1
-2347664601625802049,1
-7977368910924288849,1
-8456054800811642901,1
6661678270837577665,1
-484962946729898694,1
9050122912446528296,1
-4842303593473202123,1
7761344907163626342,1
1249504512808088224,1
-2055151752415124534,1
-383033691080962553,1
-1753870699585570198,1
7060941734677143710,1
4129251804922055772,1
-8191940830951590105,1
-2673422700552235443,1
306539663502156027,1
5129884181260144715,1
4042570629558084112,1
562563139917117442,1
1379284889495655057,1
-2284664097354187777,1
-7689248599365744397,1
2460250314253696427,1
5390005093851122775,1
2300184190700492297,1
-6668967824823185689,1
2851566437008488792,1
-332492551255797423,1
-8901970848439488616,1
7828324009522314352,1
5869722775880880049,1
5971917642395372807,1
637117401227384745,1
-9179895272511155187,1
1119961628581225719,1
-5754020999178303574,1
-675861212563673727,1
-1777490142858902660,1
-1862110485208127863,1
5956791153177684888,1
4610882053013438818,1
-534973705798426470,1
1024761624578660382,1
-6540515799794406955,1
-9209328620935211592,1
-340486351571536139,1
5549223724041804876,1
-2787435261709437021,1
1246082519330575701,1
3653121284359770865,1
-6732271930941737976,1
8599988063925732204,1
-2513109248710288178,1
1304950427280270293,1
3236578913689774053,1
-7155761011704127475,1
2407702532708045997,1
7059208973116945091,1
5051190972762916387,1
7865904886483984089,1
3336813738632965244,1
8607001631554618029,1
-8940427679277510789,1
9041911632185106468,1
5177700232682063646,1
-1356391575763974644,1
-4703134294479681581,1
-4068298452865497603,1
3804010096271356996,1
-6668941639523525707,1
8361003683275524392,1
-3430068713030368147,1
1745550934775193024,1
4530700679091244257,1
4413314576647323202,1
547376263782038908,1
-1065281969631007968,1
7513308825602729003,1
-5837358173822994411,1
7382706588650721129,1
8709438001290089894,1
4088771360812001952,1
7471746898521560266,1
4301449688757931805,1
-2621260588566460685,1
4017179782173462633,1
2724083665127482382,1
6038511858853100990,1
-1229850685817589587,1
-5585491990395860393,1
6859288140854304749,1
-3380848920573362363,1
1468997069352627287,1
2346042008862123612,1
-3181507320107071710,1
-1454724747362713753,1
-7990233144746558397,1
58673765648429962,1
-3028214947534289021,1
-256427424627243545,1
-7873643571020049775,1
2473204145410278600,1
8821989676531206990,1
-6850220198301465424,1
1647600782004399840,1
-7238426850628689206,1
-211774423192102013,1
1206016929319897648,1
-4484981368172953798,1
-7059390561700662305,1
-3448237816998326585,1
-4728020725914774566,1
3482224469137574767,1
-2630160725467349142,1
-861907501901585937,1
-8317247139073751694,1
-5897656833484691480,1
-1282976764303329556,1
5261496809008475860,1
-3731633104582059696,1
-4169814697868302430,1
5326618490843865506,1
-5490322714089792618,1
-1878027839473217440,1
-269066460108026044,1
-714287133929907139,1
8562303032215706692,1
4036105474618161228,1
-2320403182593592694,1
-4910972712900527195,1
4771271924452814688,1
-8057291673045506693,1
2544979238346268039,1
-598301076541248513,1
-2689716197156981824,1
7656201115045506169,1
2062955929890394354,1
3342525149342564984,1
2444918358468739854,1
4877598616785034886,1
-6600954494059254592,1
-6555076030515510381,1
-7826575191828240941,1
7953338100456591698,1
8388562002519696185,1
-8992979680899330065,1
4149470848534115037,1
367104130386278912,1
-952189338665697519,1
770794629008854476,1
3369010169489480151,1
-2842067057826126026,1
2177133953474206943,1
-741180229596085286,1
6559644524506591083,1
-6001925352075561781,1
-8069339743021373573,1
-3106618401052768766,1
-8593792254453417091,1
-7028869134897448109,1
981520899590018523,1
-8950126585873084759,1
4519743673950514287,1
-1191461660982233240,1
90063401082855064,1
997038808005043946,1
2310664205813521849,1
4417230422472572700,1
-7768738801811316198,1
-4224536029068024667,1
-6959049548748281509,1
-8448494892704785236,1
-561563632712215017,1
6445445494455301312,1
7404075613762927194,1
4684934617412129187,1
-2712532728638941891,1
-6152403810273761688,1
3637613295786154278,1
1394400473449487127,1
8673989872549712893,1
4591191296872351424,1
7833294951247202461,1
6817078115200265021,1
5821777393306514631,1
-6692614741914724599,1
-2145995833437218044,1
1293797351661164592,1
6150727050136191956,1
4702861835557546272,1
-7943680367301769031,1
-255577340542305538,1
7543682478444242268,1
422460174698186300,1
-6005589537656093317,1
-2909865122907794378,1
-3631197167017528024,1
-2886422804373534399,1
-714605859805094108,1
-5293878000825812004,1
-3471585093291198279,1
8772853268377313573,1
-5598926346071413087,1
6650001448756621992,1
-5569775508899716435,1
-1333540992534408441,1
-1713404984031284741,1
930303283447314694,1
8443764895224057749,1
8317648876354935901,1
-2332887268212048315,1
-175910914194310860,1
-2449758943891593617,1
-4994310838768914067,1
5760132952061687800,1
-1313390584405654523,1
6352453614919955136,1
-1735620942562675997,1
-872709174400031801,1
4914904647177937142,1
-9102785192623840093,1
3040676564015815285,1
-2405644783921173234,1
-3021412451550193170,1
-6693302874963831174,1
-9045590315583397576,1
3957771204790216843,1
-6308966258581133150,1
-626519609125254391,1
-8158390409142278855,1
5683554921920000178,1
-7963299362919671425,1
8721493099591411621,1
-2121191463228926211,1
7523145701091039201,1
32279863613874034,1
-7549295830779216052,1
7698354108428485042,1
5254339378784146096,1
-4421352799315655247,1
-7041651909547072550,1
3899818074581669485,1
7931387561516136824,1
6389316404437798381,1
-668689173334027895,1
7225787380201034344,1
-1355176844490589935,1
5212683746963625158,1
-8109055122751180860,1
1169175241280511307,1
-6612895089345197257,1
6139748603471410938,1
7126117214886745937,1
4142211927497913596,1
8211353949567727053,1
-7245583253033461557,1
315280080926112552,1
-3807236429662611884,1
108388260879928240,1
-2430309780824860810,1
-1729621007758174009,1
8176397889041041191,1
-8109408283677117154,1
6750581504626721221,1
-8178502593462082509,1
-1944629997017238366,1
-4497687247463928274,1
-5022068026930572416,1
8380513544116589299,1
830956314440535890,1
-5779566705187699527,1
-2568039887650643586,1
-2016927144408255907,1
3280282647495026069,1
-7391345323804339665,1
5581806285165159371,1
4956365679806070868,1
-6655515246784172619,1
-5946230185488594042,1
1216957534816391276,1
775312916721176915,1
-6530419063692641699,1
6114850675990797447,1
-3241930321062543164,1
6808990221411793503,1
4618220084250643136,1
-953318478425373997,1
3265711004826589818,1
4478441370925000475,1
4185113309154743084,1
4821775801816298070,1
5620337002855808175,1
-5266655047147111294,1
-6454119094882623842,1
5339605121261004487,1
317537770217250573,1
2550746561858505980,1
114356034536706414,1
-4623117843565613316,1
7987686219347130688,1
-7537331910549778710,1
-6796809043378314335,1
-9220196989961268967,1
1333509104850944467,1
3218655979598376071,1
-8928821010435458333,1
-2865330910587378564,1
8924179549434187626,1
5514605450096621047,1
-5428231698442107055,1
-3938247824606672904,1
5251867561039210320,1
-1311870601615830483,1
4833867071296622701,1
-3993659739950557800,1
7916340458639283428,1
2177939787274242786,1
-2228021278574673830,1
-3403786773432986644,1
-522803628397463358,1
8994378854402194892,1
4104543434354986258,1
2695199752828396737,1
2096005788658325205,1
-916316482865353101,1
493028914703920476,1
-5199735372772888395,1
6575057087144620113,1
6647301244455199082,1
3587716866057524443,1
-5713586059379794798,1
1118118249495884409,1
4221860999911609816,1
-9072689733165235488,1
795240378046930800,1
-4639273874700708960,1
-3213884482395261050,1
-7104381472180300934,1
7322106956344046433,1
6118347276057056153,1
728198564911920496,1
-8791728125369534074,1
1478097303131347471,1
8914003220958298239,1
-7614717267988461248,1
-5515816801986589523,1
3683406093463066313,1
8670599752724516550,1
5389164901064726703,1
-5170801283011908877,1
-8985756890380921555,1
-4493626976767138033,1
8441342934239847485,1
-5689133408805163628,1
8416639589468620592,1
-3649894803832492857,1
5914136055420799122,1
-4346583150662079414,1
7365464210683396488,1
2134667302147357199,1
-3503164298914232660,1
6737461886769268858,1
6506878570865026337,1
-5319606502934921198,1
3819817898674788266,1
-1278416292262177321,1
-3337365421020254249,1
2488476616398584881,1
-6141018089769665645,1
7726301239462072757,1
2430317880555621645,1
-3104553609603827826,1
-8685864873290607522,1
7633154155692491619,1
-230607686006745322,1
5555029347307402536,1
-8070884881692509723,1
-4925036537084859090,1
-8413956829614594475,1
6164696842510630998,1
1096021725744781381,1
-7391995756180628220,1
8565085907558361498,1
-3852558966746086108,1
-7959442418312460190,1
2196830900153858110,1
8027480025210975820,1
894402658201231130,1
8928790735012960607,1
-4565428490304097765,1
-7597011412213638779,1
-3329112993558272133,1
4442017802783049134,1
346897728520394035,1
7076372516148815153,1
-5678416157334140330,1
680787040476863279,1
6143502725895229510,1
286746105698081647,1
7073302279998799384,1
-505794306123414616,1
-5105352544106007208,1
-2688102955972030058,1
-9138701005776510338,1
1945532763006913189,1
6418352410217788949,1
-7716777267683014496,1
6446779486549546529,1
-3978730541934030255,1
-3114258782473404351,1
5589158925217363506,1
7037502096942790676,1
-538692413639623608,1
657769200730977104,1
-1001423256699767302,1
7344323912992093317,1
-1612398370682347866,1
-2331153778785541957,1
-929055909805813083,1
-1964542531768044118,1
-4826034387169980528,1
-4437659651919995767,1
2079111859102402537,1
7220096030275171231,1
-5327111342317806759,1
7452907572247405017,1
-180785824033564036,1
-121181593185734972,1
-5226845485884983148,1
9195831615043649722,1
-8984772075348370777,1
-8199837520126051071,1
2657184761635940307,1
198561809373752289,1
-677438733421424412,1
908307611416898922,1
1935534342825040745,1
-5132855012646332361,1
6357951377328490588,1
8603897742728355503,1
-8048607627181293199,1
-1975734440691792057,1
-8754169919310440071,1
4562782813180256348,1
-3075276659717773468,1
-1099213241904726365,1
-7165070791034176294,1
2531189030375970503,1
-4532474658885745720,1
4187984982067215256,1
-8646434719668418488,1
4677854439405261421,1
8563462856947984825,1
-7712932849446036629,1
4961914616561354137,1
7140788888654338907,1
-8868835425283281928,1
255108548321592487,1
2384094003977813734,1
2251821517318637105,1
8665477078121988076,1
9065912868231273716,1
3804856136542603181,1
-3557474207916827453,1
4874333405328065,1
-4334755720099210688,1
-6562286046127127348,1
-5798430253673730702,1
6204035388063174864,1
4911849336778614149,1
-1554120812247153789,1
546422717263684558,1
-8984710006724074533,1
-4320625025143033719,1
533369758811439644,1
6561138951844429562,1
4327797161715832272,1
-5229271090788001722,1
-7051661041764527497,1
-8964086558737125626,1
-181156958777473757,1
8197284989902831034,1
8926913473336528806,1
9047926635256134640,1
-482382235391157649,1
-5656292550306889866,1
6954593444395932531,1
-2474718700470710659,1
7757437914392635735,1
2321965356159048456,1
6737086768262651255,1
8368270958653410992,1
-5754642901243298776,1
-1806941346824117072,1
1855679028934189558,1
4672919481303517528,1
-6499428104756717556,1
3507014050659972154,1
-8616986901404832468,1
-4535176995189712069,1
-6064307697953707272,1
6327310658600348360,1
3714808057763450019,1
1230266212922696980,1
-5409541329022426935,1
-9099416683881285754,1
-5453812670032913311,1
203183139152478326,1
-8917168897571035307,1
-4479914034653752724,1
-6127806757594514278,1
-5666778011792191794,1
-9191880592092619088,1
-721368945415537686,1
2982174871406902182,1
279029621978215096,1
3401259347357413186,1
-4499845834834007202,1
607644695949660143,1
6463408412378299750,1
-5170932135673996948,1
-4871012864332769728,1
-1006211577225847753,1
-2816842551707488465,1
5389663070586624602,1
-8001413355524738011,1
-3946784197546309466,1
-4364080903758509534,1
1609463356416732449,1
3576693344550355210,1
6577179621319347480,1
-6839021507117111239,1
3125578844380562521,1
-5727390515340072228,1
-7804099219714050501,1
-4417994415818196980,1
72558737608362734,1
-4418182140670674605,1
5520870878316215267,1
2182565896682328540,1
-1992813768929394525,1
-7573800473736680440,1
-6695313393465332965,1
-3864330466554857104,1
853677288699719352,1
1473809603327490955,1
2402272989415490294,1
1381453581226374498,1
6942496158547272047,1
5165430255049339777,1
6153822693073469538,1
5378003439348619789,1
2634838925887316758,1
3265572228870227713,1
7701432887497905829,1
8026604363461806943,1
-3086093976188951728,1
-869737320016154357,1
-5812024862123197897,1
-8410251576383943414,1
1762931610996536311,1
-6371026906994119859,1
-8380770960270555285,1
3769638865935474603,1
4046409235109302885,1
-8483232554188767388,1
-1990596676263621781,1
-6449703149598837681,1
5921697388953234323,1
-1640689441359987778,1
-5764813826865790326,1
7771096371035287651,1
-5052470372089389361,1
-290851778269546205,1
6729892785959669184,1
-1653298858070782736,1
-7586243649955695809,1
291375934314388677,1
-1215321163827700752,1
5470914320112970006,1
-7320507782503170215,1
-2709000371225964993,1
4085020891266479262,1
4842752087635529870,1
-5039241212312764767,1
-2196661491814411413,1
864716773289982403,1
542057579397112205,1
7594413177476324408,1
2297657674416646394,1
-2843413079841851137,1
9074054722606944171,1
502962372522263118,1
-1889605725074425158,1
-651511085910503414,1
2075056679330929730,1
9043526636741855610,1
-8023355823818269157,1
2611285472509537770,1
-6890495516960677179,1
8907162524491810121,1
8574884054546785870,1
-7882835442025829303,1
-4061221002889277421,1
1131678805138534999,1
4466437844717406492,1
-5057472436771698500,1
-1730484354237663388,1
-4743084720929102187,1
745773830092622351,1
-7458231259935230027,1
-5187789095520047027,1
4597489584160232800,1
7333488586779835186,1
260360205375278956,1
-7519362636896360191,1
-5242923405406208486,1
1614790010197420631,1
-4383839943631168145,1
-8196785792002550381,1
-464933862074452831,1
5317223096532674442,1
1625745094493577555,1
2709106307645117070,1
2967274571623877632,1
8579547614096644122,1
2007864262743001438,1
3445710508229453729,1
-3274942330832943626,1
6742482819398881636,1
450044567729612880,1
-3705702379858203322,1
4326473674377794368,1
9215135890669037148,1
7683781189514132883,1
-5034634251068193051,1
-8525627115451490895,1
-5238361228646895879,1
7683915864097145087,1
-5099267415496618051,1
-4222005190449120535,1
1429930667428434986,1
-6559518183014594516,1
5470482631763317030,1
-1493017924337183473,1
6654581978779715255,1
898286079278301453,1
2283387395718483799,1
-7640616011861275547,1
8934960600735532080,1
-7496172002682118913,1
4945095384987734843,1
7679451979157215735,1
5267654251281756152,1
-8594399967922073138,1
7507325343831585004,1
-8559754687337672150,1
4058781455106071451,1
-4775563058910291559,1
-6946931280954625730,1
-5563704461507085424,1
6611517788803349628,1
4881534456442516199,1
-4417103692577050015,1
2586780374531792206,1
2556595623672825476,1
5436769673878337755,1
-6692300196890240921,1
-6420864583161565568,1
-1694223053007419051,1
8352404719353252223,1
709645171887843284,1
-5173562535758119243,1
4074539688977756010,1
-6872848548837158361,1
1179861377494573185,1
-2946827784693974133,1
5955751676909433897,1
-3470370579265427662,1
-1992288553884019236,1
8496148789404565714,1
-1888785077715894708,1
-2787479015234298127,1
-4949765934054523158,1
-8706973062006139955,1
5805608418924772339,1
1107443846499940540,1
3123319105355152135,1
7274715790170525133,1
2276376012341424281,1
3392071264932917802,1
8260674275811752621,1
-4734368696960110885,1
-3422254847476986508,1
2110193882033080344,1
4281152313411979501,1
-6964734478651575419,1
3317835791286583997,1
4660231383305314272,1
704852356419298524,1
-8825118297278484050,1
-3487219202673911018,1
8375697693779301685,1
3055647357896240175,1
4749778010415406830,1
2650801327875143477,1
-6728520941893486648,1
-2026389364246500669,1
-2711200390057229802,1
-1080896624571052909,1
-6494383833175897730,1
-1809608784665691551,1
-7024618563073990494,1
-1431878430045847301,1
-8935846336130652021,1
-6975259896963679436,1
-8950984975996189221,1
8817798611583119135,1
392414564845162021,1
4325076403117098588,1
-2505018280593374449,1
-5488227452099681007,1
1845475550792851357,1
-851932678157641643,1
1597106784994048144,1
-7476225955416830372,1
-765244107743892026,1
-7760065132756316197,1
4686855873870302864,1
-2529565204992692541,1
-933458267718589164,1
1840751114459416041,1
1134129772793336281,1
3040043277520305718,1
-1713479362064249503,1
5975286034660670034,1
8513293007233661798,1
4556535896383415473,1
6833405546527931261,1
-3912233835579113350,1
3150172022498451011,1
-8850817657194750378,1
-3223029128114933718,1
-540589181296248571,1
5909333428154007969,1
4878778489495564669,1
6174416591462021078,1
-373598649489030479,1
-5160031009217432129,1
3493727088070201923,1
-7137928225405180587,1
-399492179411654877,1
-4861308439901729360,1
4411839178861440964,1
1917289247281583821,1
-4124131811164115822,1
-7221401681730236221,1
1260131529150361381,1
2933487653345575376,1
-4699346434786580667,1
3834918093819011274,1
-1943409745249999544,1
-932575116457885818,1
2233371311926947530,1
-8254694007507642863,1
-4202631007831109610,1
2332598900694500886,1
-671736130668464518,1
4045280610615672894,1
-4914806483921288198,1
7360959332437906764,1
1304835038777658286,1
928714498433878141,1
-4110354228905495622,1
-3876747813106108391,1
6291305811867724875,1
-524370546378466137,1
4940242474946517753,1
1366712761869974766,1
2219198419647976856,1
3992387943720228192,1
1646717054275124426,1
-5425288625843188728,1
-647747385678125417,1
-2551435712827584847,1
-4407779420693986652,1
-9204825212592689198,1
5220052618008379749,1
5293787803675363461,1
8828308051243589402,1
7134013114252237990,1
5370917225172135362,1
1473730393229491367,1
-5792203823438433936,1
5818846151331224975,1
2351431086448954188,1
-3025262671933581797,1
2900877557542924105,1
-4165457075440734152,1
2141347544482066025,1
4917073427677614644,1
-3028378445106542199,1
-7008659099939912083,1
-2870673009704879151,1
-9004232413338032959,1
5093856904413207684,1
7230292794804841281,1
303435231569267735,1
-7994032663981109408,1
-5003232065493243670,1
9002118849443478547,1
2660286827925216755,1
-5354810951024334140,1
1041597946966529256,1
-2671090634382075724,1
-6097071725841641966,1
5561407335658940645,1
-4925447726926342657,1
-2404555290108493995,1
7017613940202345526,1
-7050927319227280974,1
-2259380441352903190,1
-8749391004220312027,1
4851238892341219688,1
2175855095457146154,1
4346177713808256171,1
-875040439271893733,1
-8264620025152116238,1
6676825432081009267,1
-4124347891166508782,1
6281110787076734160,1
-4818418531972968784,1
-5122509205581279138,1
-8838280123787139779,1
2148918662343994123,1
1247343402424426623,1
7497070577441050221,1
-4523011776354798098,1
1736581128949216963,1
-6610193924254889513,1
-944155196213114425,1
6885512766866406334,1
6535334172368083479,1
7376420924531714380,1
1478632436803157273,1
-633505461270196431,1
-2472174655445609056,1
9081480551611778230,1
-8878557321689550849,1
8349405442151931412,1
8260017752663881090,1
-6921967941523857750,1
-2634482153976408450,1
-2571205373768503013,1
-2833930597181578260,1
-5418656038731627907,1
-3573645682771033085,1
-2607351588576183796,1
-710921539921709527,1
6544963743384526212,1
-7602072702889707207,1
4778464873788213025,1
6281759258248992407,1
-1175935744447960515,1
-3265424643306029285,1
-6310526924425198580,1
-4689113585257490933,1
-7485568786687513257,1
5419870606183172578,1
-7241767187379327183,1
-3311368104307919042,1
-1271911655128212283,1
-3675282809227293476,1
-376420486513579503,1
2101832388314937141,1
5681799138016985597,1
-219830078351403033,1
7347098622145097195,1
-2327815908663793476,1
2360359930778024608,1
-2715243370861169554,1
-8326841728698967251,1
7795597983573859050,1
-5479898026394318667,1
-3767120407120477501,1
2617770539483280105,1
-7770012891402092044,1
8650458273288767681,1
6143251246332250747,1
-6995678065287613216,1
4823373137719207916,1
-4729631028046355810,1
6267738718078937029,1
1909794229296460629,1
-467635912468935948,1
-3971783227174138198,1
7780922049104395641,1
-2075256607364737923,1
-7747102930320063877,1
-4041772408587505315,1
6184253920806393856,1
8724616297187175323,1
204416599934926271,1
4811790972034669525,1
8239518858850458234,1
-2131106406309451136,1
-1315408855465389467,1
9212082991217846935,1
2116328518337481723,1
-380309013243993144,1
-4083280072031994945,1
1320396264522251973,1
2801093446131958216,1
8589159898688783844,1
-7085523924072870009,1
-5364019042013798725,1
4919527238667725716,1
-4242972966478324582,1
-5496425608753654539,1
-1066980575365678891,1
8131870846245648334,1
3022956520293952010,1
-8995926209526889474,1
-4123259233670864356,1
6225928712935603961,1
-3035687151271631710,1
780719664166278428,1
3302606395959278542,1
-3943607590518442275,1
-220792426939758149,1
-7017617180289924060,1
-2751166336536399076,1
3587067200520871174,1
5954163621159298034,1
4687213495481490060,1
5783474859101770616,1
-5815900442190926296,1
840962001997520211,1
-7060278510226243816,1
-1764562436320001182,1
4955700908225384999,1
5043096959658889948,1
-7762945585076742449,1
-213442288727081476,1
-5714995957962902846,1
-3254648585247845196,1
8877613426388157140,1
-4870298184552993763,1
1131923668106346481,1
2664789294606647406,1
4769507169334788263,1
-3246451661861698838,1
3365661302928217632,1
5757280651804205343,1
6621471333187751511,1
525677379174106079,1
-6107039706169151485,1
3561893460747889407,1
-3343477763274588987,1
-4313519528441054299,1
8715025327153469243,1
3705843222814299887,1
3679160700673362142,1
4059231403689467788,1
-6715901219090118450,1
4163373726125322610,1
-5012324631290607171,1
6111742205261168819,1
-6362905765447631235,1
960202359296042316,1
-7350728163018278120,1
2220489885505074383,1
582073303190276692,1
5523691343468627620,1
-3141611030637180904,1
-7795267258225641562,1
-6526033986401759677,1
-2022249179636555194,1
-3874808460273965144,1
2672914053993197018,1
-8613368292166223450,1
1761371002101586770,1
2654232023016242129,1
-549893247355035257,1
7764842303265233825,1
-2653259527535919991,1
6171885836918069615,1
-2378089502540764564,1
6324155065918075377,1
-4477961780106355142,1
-6297209085292892368,1
5315822316027140592,1
-7979140600232754595,1
-2979286064500870526,1
4896688945144115752,1
2295624435057566282,1
8957224229480043715,1
385560798202638435,1
-887008488435916407,1
8730095404041985083,1
3959899030714715456,1
7505435872373741874,1
3995388851483035418,1
2473388158824589316,1
-5295731825288637149,1
1682313300942583082,1
5883836751355377539,1
6273805430891642737,1
-5091762877244207599,1
-61425678262704892,1
8937947296031982547,1
5600958445204012978,1
-8953610447987112203,1
-8327987582481963986,1
3258368507852614307,1
1145291779493257092,1
-6616672522514337010,1
-3616088835792364795,1
-8762865756802316809,1
-1200080717553876414,1
-5909006681610828150,1
-4221948173963771075,1
-9150029012233008304,1
-2328437127539772847,1
412868336443589269,1
7743024455271283811,1
5638005340978091354,1
1404212979459025845,1
4429608956186736770,1
-2488539821647199249,1
-8388255322479445677,1
3961419299273181051,1
-3104380520899843334,1
-4156830274852856914,1
8393580588562799892,1
1636932579851287734,1
579256988816846318,1
-2204901601096585289,1
286337083848933387,1
7379961191639817127,1
-7441211009934649578,1
1114192954580787130,1
-8469577938020164798,1
8386246352557739428,1
2914606927871750622,1
118538971460790856,1
573274422435275989,1
-2005511386291271871,1
987459705998369105,1
-2749480752121027142,1
-8430432482298184838,1
5413584281974317117,1
8123323295755365576,1
-4822765454255094914,1
-6410761077024638787,1
7410155353945777005,1
-6498071473631405955,1
265780717499167839,1
-5424035082292684581,1
6080449031391083852,1
3676898261704792286,1
-8781804339832958075,1
4347567317996541345,1
3018580154015264025,1
-9035954784510368002,1
-4262060167888747706,1
-1965875245940486692,1
-7706057598342048535,1
6630641222493781504,1
-7420344710555585900,1
-3714538199910409162,1
-910757020068988428,1
-566075503868725072,1
-8167816930934505632,1
-3004678889031317049,1
-3393615825543714516,1
-2633987367831043200,1
-3644539874843850425,1
94755413784630801,1
-954743590536846271,1
-7218244803410616709,1
5777634865496345784,1
2081456224078485683,1
-5522944033839129703,1
3270487698251351980,1
8913189891060777670,1
2484856672054043274,1
6847385349556721305,1
-6013242492084858212,1
-6129772057678317071,1
6709552550335200986,1
-1749266593355148148,1
-8045303666851538122,1
-2137987599472295965,1
2185987851731120857,1
-82537737380126581,1
7979583321252899690,1
-6086680607956723571,1
-4646415276465955537,1
-1174896348048189970,1
-2139921345057411250,1
-1809324320212745477,1
-2039253617844465746,1
194322077818640554,1
7566605679411840993,1
-936670424508498235,1
-7676082850840717115,1
5333638245465738970,1
-4427014218956478079,1
-7824599545265892091,1
6272857277115741180,1
1099469132204331396,1
-6304243743525780522,1
5882985645959997540,1
-8571987637123816643,1
-5224464419868174255,1
-1279846331761110347,1
-120812138003761215,1
4445016963258724639,1
-6163108592692012057,1
-5804600434366022691,1
-726836791970134730,1
-3109365341443549828,1
-2149108781911519852,1
4923046280195838970,1
-5139116666611895622,1
5713811636576122205,1
8251998796267715871,1
-6952068529115484718,1
6105757902761845840,1
-2344588895852671494,1
5324152557357327409,1
5693210541509311838,1
7678499022293346089,1
-8024770459486671605,1
-6806531536096198049,1
-773779753770991250,1
8872970156073575939,1
-8635327597502909971,1
7506738293970244602,1
-7180551774853523390,1
-1208553185342570006,1
8011454781501221453,1
6203154586104026012,1
-3265325562306945018,1
-8995125774066955447,1
7776343127199252785,1
-6571581998868180811,1
-2979839310764587707,1
6440402925798810238,1
2255608119931187003,1
-3550431512408174194,1
6613604287657078837,1
3271081824650156985,1
-2704723595557145309,1
6763152028480282008,1
-7334246542260519388,1
-6533537562134124345,1
-1628580037764296569,1
4476550991523108693,1
-7262545239838633658,1
-1349724432809516407,1
-8871005352632448388,1
4081565263382780191,1
8996833228355465522,1
6180982854928208666,1
4342671691435602385,1
-653864445861606080,1
-162436773682113138,1
-4819488517120384378,1
8173363504997240709,1
1557067616303573937,1
-656962299912673427,1
-1617670053961125889,1
-4682714787293848698,1
5737764128843145012,1
1708022260456213997,1
-5545194976108802576,1
3012469957398450576,1
6803888999178110218,1
-3287959076087197726,1
3781536746211944957,1
-5401524014308269299,1
-5249870640795628743,1
7527113339936510413,1
4414479343211618268,1
-6460987061932688986,1
5567453632827806414,1
4031049425160649971,1
-1783217534086851597,1
3931119008359543137,1
7757838602513140395,1
-908525963035146765,1
3884613835395887069,1
5698777321541517481,1
5470542168150510647,1
-952416901216563892,1
1583414727487619974,1
-4312689049640097377,1
7133499356334012710,1
-6277604000989745335,1
-2695851362174234070,1
-5623423774156585816,1
2138154750830041817,1
-2826916847571022873,1
-7963134245638797732,1
8880015204853361784,1
1866147165197740048,1
-5575709185097725442,1
837449659613099123,1
1292341748892246101,1
-7756583872039933352,1
-5144940841883530018,1
-1438390477936769578,1
4927827870337755476,1
-7943084977849229679,1
-4179207411792119134,1
-1636359473422704379,1
-7241743836618229380,1
-1987969119779034736,1
6906816161119749072,1
-5277784326338892025,1
-1109524348524472707,1
-4362056497605643016,1
-2229171981290308949,1
1741310197590764110,1
-8432306870972872285,1
-6178069916526256624,1
7875814605424129598,1
4616728271704627100,1
4038305809689292014,1
7682638482923333901,1
-7798539944056665580,1
6371282725346781665,1
-2822831657569884983,1
-3246655235019422632,1
-2692357038829946351,1
-546036594099189169,1
-5185142012898509242,1
7723400911457009035,1
-8062653039453545174,1
-1700637613753056030,1
3851956319473649012,1
-1225589643229402672,1
5294479431891732648,1
1931829112316430878,1
3151426097306286873,1
3298649054252472169,1
4298083091732126975,1
-6794236042484512109,1
8470473305662321458,1
8518961723311293132,1
-5343576676641236057,1
-2899307811110862606,1
2115499147883657865,1
4806541336706111005,1
2422945373426317401,1
-354687760355700348,1
1850960791262943314,1
-4506054600714787066,1
2240838352645876059,1
-1424512342848698566,1
8165861755452651541,1
1965501186167916625,1
2199879742879547507,1
2023725070455151764,1
8449305175495066811,1
-3962425492005631462,1
7915468915701709604,1
-4867031957535540026,1
-2380272727907502412,1
2912686915413922931,1
6204526465205395605,1
3870632901448909126,1
9146301840908013593,1
-533728123417036354,1
-8417398629008056936,1
5948148877850432330,1
-2027297960469483444,1
8040506024002320542,1
2126470427158194868,1
-240947116371483447,1
6474669539758408197,1
7829308847250416672,1
-3850864334435252132,1
-4603735894051710151,1
4139056481603253915,1
-240454490796752612,1
5266099166942406906,1
6224084517581098278,1
-4575983975716879566,1
-4087646710776295622,1
4264443050261999704,1
7611313031432455721,1
-3136040702985747428,1
6183133518847162928,1
4155764657218392675,1
3891425718980262920,1
-2726563925066833516,1
676394425664087362,1
-5734414698244139767,1
-1153585111147003902,1
8913560893649772264,1
5413256938981464471,1
2416976463249164897,1
347424218288226139,1
8871725717079217219,1
6584465014034891038,1
-3421724444256055903,1
-7888836607440481753,1
-3871289982945709009,1
-2726546298015141560,1
2631462308558559297,1
5732921075744478681,1
9155617751087786381,1
-5183194962189186100,1
-7244845994763960998,1
-8239870546519322652,1
4718712921974076013,1
-3446032289711021823,1
291193177105940386,1
-8017042077907807547,1
3828218767806846712,1
-5431953854013363256,1
3269821807021211896,1
8709273308808952500,1
2016429643693542759,1
-8024410033326657045,1
-1720552273639573081,1
-3899223024697937681,1
6617530949844121157,1
-8329476615860222248,1
2713842782193167473,1
5508931721487698342,1
-6576207338106855940,1
258857549968395877,1
7653352442606116032,1
-8465403952614052731,1
1584081928896312463,1
-3133804267096484910,1
2694469120303790300,1
4718838864406170745,1
-8902176374266031790,1
-6588644788562219184,1
-7994413549829056816,1
2888551029274994788,1
-8394745376500826347,1
-5839807593788851840,1
7200338348838825857,1
-6703495112435831324,1
-1423956924166429584,1
-5460422211892686738,1
4011084799677339102,1
5794524362854388056,1
4793851614656692128,1
-1265894302756930361,1
2377783478412765409,1
7935915713015718385,1
133719612150118348,1
-4047672225611335465,1
-5234270646150223949,1
-4925531244669029527,1
-248984539104643245,1
-5320432414799559525,1
-8393395710390247249,1
2619842423466026970,1
-4215163741796888016,1
6578349381082600596,1
3734322094197061517,1
5082076440030516992,1
-7739734438410513276,1
770769802070317822,1
-2164255203973239941,1
441528385980181052,1
-145787373549790382,1
1132802789851330807,1
539863051737984296,1
3242486725045141103,1
-4699475014039561511,1
-4444953362286464438,1
6331180732036001279,1
654923496058221202,1
-9000395610991300646,1
-8260967004306905648,1
-1133637796402751275,1
7820634982939376815,1
2858773582134983456,1
-2297572553257866482,1
-5380099685789255964,1
4104802752152749855,1
8108481171883289574,1
4332613596986845125,1
6424568480355226372,1
-8857264610021420182,1
3913410568990735300,1
-5242493811634563713,1
-2449334210595906416,1
6731092234781867566,1
-3132799802885934333,1
-7512829394758816452,1
1087177283099441171,1
7840937774983805820,1
-8746643569215652374,1
-1806389640775175624,1
-8313581614202486205,1
-1854132717854131010,1
8889805245865756222,1
8964903042303204860,1
-3961995317127692484,1
149276639055418100,1
1610188915901060438,1
-8148226869660864375,1
-3328192327533795919,1
7737517872049578733,1
546616137299169348,1
-2863838173810032516,1
-1752234575935623765,1
-2584889848484912116,1
8255231674160592428,1
-3244865731825268232,1
6131751821471784534,1
3610972663243780635,1
2196515591458157995,1
-189395595023309239,1
-9047671151318603221,1
425421390463498861,1
785933115950722576,1
-4526230918038490025,1
1111189793662340043,1
-2136283034546172583,1
-8035217425101846197,1
-4718426280317641655,1
699371345572792058,1
5920528516009017184,1
-4501220730655481935,1
-3664914249618673997,1
-8438427550941599498,1
8243342793605772273,1
2016032054111720658,1
-8344386335138993476,1
-4239239763727481862,1
7170836253049790846,1
-7868321110240261106,1
1792186366012450940,1
6947189367629214842,1
7147675019137201307,1
8752064380533776387,1
2223858914831065424,1
-8241368950787512785,1
5437413235374452277,1
5602123367108597940,1
433794629814741783,1
2378008657975230367,1
1354651743501864720,1
7430600401759218259,1
-6803692000455013634,1
4120922282696905061,1
5513438523371106265,1
-1806259721330862440,1
-6649672471166996388,1
7776258602611674120,1
1312754703197569600,1
6264114008462364895,1
7033053614029195922,1
8759729930529382705,1
485283114911989627,1
6394178477519507749,1
7600711966595093203,1
5360151235103309949,1
-876784072992498381,1
-7061347589631154211,1
-6169902054334874209,1
-5529160228259044694,1
-4080966510494341566,1
7817664229421373371,1
-1420076631713064094,1
6200115669235067867,1
3582101517354580740,1
1604131621342276433,1
-4719894593934644974,1
-5915940453734560186,1
-7785416372133026732,1
-967609568016223193,1
-2398136329324453694,1
-6029008467193758248,1
-2971543332842164643,1
-630677288209035748,1
3392467954925922298,1
-8234332914678245146,1
-8626300284257048000,1
-1593966327161176111,1
-2612633622724704955,1
9113566222728278817,1
4050612787287514796,1
-4055069327436779883,1
1104273574132956839,1
3974548044271047476,1
2253798160620151698,1
-1725588806664674879,1
6657068636582799599,1
2498698748665003154,1
5645850136903619930,1
6080255979421715848,1
-4657589836386409876,1
-8100219818637088561,1
5747392363855331284,1
7396233721097160800,1
637017131540466051,1
-4894547050739430383,1
-2421984501450449592,1
6300154849189180910,1
-6115678222918301018,1
3665002735386308299,1
5970990907067056402,1
-4305977864768275667,1
-2351377499153735045,1
-6089705072607645171,1
-6174718797743485466,1
5949759692871306363,1
-733608875933546116,1
-7744536812916078841,1
-4127880880311822367,1
-4040038665782454527,1
593706069706800154,1
-3539312280339222614,1
-6358852804240535554,1
-5731603753178609956,1
-6322279347027609304,1
3314658422642228640,1
-2698548684538059734,1
5889093794636038024,1
1867732749613154895,1
-1763953083348910835,1
8136411773119704827,1
-3231695492561118850,1
-8150042231540718118,1
3717037774003138497,1
7896314312060615344,1
4615042870723056467,1
6774684068250102472,1
1968993729460497053,1
8437013497173977502,1
4488859405890426989,1
2345598144476984261,1
-6251809605476316747,1
-7819632712829369415,1
3016636705566000570,1
6405279027763770851,1
8303843386695313111,1
-5895920579567344122,1
-8717265453176796035,1
1756005205511924268,1
-5578326643600082562,1
7592621704666960393,1
548204746967630381,1
-3446938219565824376,1
3616925559457797907,1
7536783740976380631,1
-2676342036348099164,1
4559176528909988415,1
7105093205634921890,1
-2565063254005868314,1
-6237063889599221530,1
6012195255947285371,1
2335256553332596704,1
3482372983692545502,1
-4502138629450758117,1
8704724643384607841,1
-7700972643070625235,1
375210760825248286,1
735092698804995647,1
-2732232497740540189,1
9109058277257030522,1
1514903887842080196,1
2562283681667781529,1
-2005446623112159066,1
4086237713001292060,1
-7036291178846060352,1
-6627118037425378397,1
60972055199179326,1
-5169488492731158939,1
6456532127043448184,1
-5062354506902276550,1
904872674780797713,1
-1978319808062832767,1
-6092053753002712323,1
-5825648393310767785,1
-52263359435777942,1
5641092044853823541,1
2809793365741427443,1
2531921465079986636,1
8061242718937787515,1
-3128848723149789883,1
-6157474169139344240,1
-5268029961766613327,1
-7855770986059586952,1
712172940019846042,1
-1455635021965494721,1
-7387730650543351491,1
-7622732234549092993,1
878777779511042267,1
-4222713131800505591,1
-68644101559644730,1
2663494233556398142,1
-464835111669603980,1
-2726768984963719822,1
5948445273988238615,1
8992116879902158149,1
340922923027917220,1
-5860718079518891292,1
1636989172705450909,1
-619734822834735872,1
-6760669180766151273,1
4904977909323520012,1
4451781341606681436,1
2956670911374059956,1
5727686906066153114,1
8221574570906336211,1
4363737080398673710,1
176106168339054353,1
8982479162636162840,1
-9188797141060983913,1
8958243777854791989,1
-2717783247005976817,1
79549755390502631,1
3856596740889807605,1
-8566184925226405731,1
-6564226154293549717,1
4765375320840962556,1
-6665237378645083916,1
-526755350290298863,1
-2528229802569450141,1
-5749548071758980747,1
572260969354281748,1
-7675659067044611655,1
-4057893926091657442,1
1873761944594714694,1
-538299633730890265,1
-3917738776845664289,1
2431804827534145485,1
-1000482582386036940,1
5652914330485137706,1
7780144473036602717,1
-3376165938830877647,1
6844173104634166350,1
2853630626133824653,1
9052598616406156493,1
7646026497110495891,1
4146747733319153993,1
-4333570884680646604,1
-3687345306854182310,1
3916952444825390564,1
7542080187647824909,1
-8612433385536028372,1
2871539443035887253,1
2191700735200415078,1
-4632092382306067806,1
8142850657968686915,1
-5094259974843683333,1
1795206144976175295,1
-7861679061984271952,1
-9002184617403076903,1
3511539614698710308,1
5008079114393106644,1
6100745928791243094,1
82160502632112999,1
1655136498757920828,1
1392835019306922429,1
1449048576972706498,1
6843051562220565035,1
-5610367512949059285,1
2329661217264840450,1
2927547617721090279,1
1852944982814570411,1
-617643022950093592,1
1463300903181083699,1
3503866838541601755,1
-6986905518026613080,1
8127721131638638600,1
4927018955409798834,1
-640281153450476272,1
3822851605432834779,1
-144301596807128112,1
-4273819092572001365,1
8595291111276964187,1
1826153448521813854,1
-8514757239255211478,1
-5313519343052163922,1
497232475588180307,1
3031511969698275191,1
-8280450951914303045,1
-4722779267100770853,1
5109033799013001613,1
-1071179939431440519,1
-6301759689100595234,1
3406238871385543768,1
-3077596962558979416,1
1600403451860752982,1
-3608446039012712344,1
-774772823793514136,1
6250839379858290251,1
699673979779478193,1
-3185400790107136755,1
-856211761466540555,1
-2152835962651820950,1
2377913259534096028,1
-7950428853504780045,1
7432912815715051454,1
-990792425458769210,1
-6080527703895941699,1
5832690189679594236,1
9212378121364837623,1
1521509748274787128,1
-7734715900439882192,1
-5496595725706539325,1
5968579021606708491,1
-4966775174081129220,1
8933005186062334599,1
2789052700941484957,1
2544047507795923495,1
1886287434514687775,1
5678612835182842710,1
3925319477703163160,1
-8421482242836411814,1
5866222878460516137,1
-5278096721002399974,1
-3810679554548375547,1
-6676252407727930420,1
-1944962135882585329,1
-964621047719499000,1
-8298316845282987419,1
8496389449164361308,1
2935735820579203984,1
8331028799545515940,1
-873278746058780612,1
-6859677603090737887,1
2142899549642556330,1
-9020813918564238358,1
291871649304891797,1
8095934311204557732,1
-645919009812959976,1
-2400783637324686917,1
-4137898022725923337,1
-5799172524753348360,1
7052946746607747654,1
7484463755359199947,1
-8962399392365851278,1
1901470708465023896,1
4721952354287824525,1
4983686562306270694,1
-2511076557149911234,1
-919410036223618281,1
8472504241498987268,1
-8143024799695516793,1
2233380083942679964,1
7410235383449278989,1
5779150282200299468,1
7880108108354875749,1
-4513217383794620596,1
1357572891974437347,1
-8492283103756093817,1
7311392057526594879,1
8154376984322936683,1
2746582599865605826,1
2106846572895872011,1
3847212968326122744,1
-3209683741712964510,1
-1839660793170971469,1
2437261377470341897,1
-4541683172095086197,1
5658653491601469102,1
9121320785541759265,1
-6857518867682400873,1
-550761886638612097,1
-1712700731355335663,1
-4259142936248855126,1
1143072938971754315,1
-2509860380115455360,1
-5052774194711777060,1
4872292364753396694,1
-3985258182172453441,1
1110760411981643823,1
8885617978610371850,1
4337635498342341118,1
-613699758539789902,1
7367251025998252778,1
2149270366569244838,1
2993881017609508513,1
3152047740214440537,1
-8106306766198996594,1
-8101053918158196906,1
6191798149520798440,1
-7061415015777567208,1
-5481237019921567782,1
-8304428260059853373,1
7446647076614511276,1
3764574400442177558,1
-4091977713118978959,1
-1041513213845778510,1
-3872604963316656778,1
2811726855121003483,1
5730504693530566912,1
-8509295284330840843,1
-1708077431391567686,1
-6999861800891252296,1
-6204641214200241135,1
-493337428134145281,1
-8932242044932893812,1
-542853456350765716,1
-3407065150045548292,1
8168100446315830454,1
2533560871851271782,1
2139187725578314131,1
294125219037362094,1
6241748076319428120,1
-5489235166019500572,1
1746544631232738436,1
7299533274446510601,1
-1668524849539491730,1
993647301482427565,1
4507285560247184169,1
3898595704617416725,1
9208706793017552713,1
-7432963142182217091,1
-5422637165265231180,1
831503950717482931,1
-1809547327661985438,1
-8841497853503751873,1
-8345737652599892377,1
1940875765859125668,1
7537988147479146025,1
19658601894021051,1
-3824257235755563468,1
-1642801102092879728,1
6668808558455907706,1
4335002554971826334,1
-8337890777524951987,1
5739842283760924170,1
-7683821958644085657,1
-3620925671342330820,1
8381691134608370641,1
-244838588966313380,1
-6519494590142661595,1
-6905294668641874411,1
6203378051604518251,1
-662733436877980679,1
1839771949304603021,1
-519891175178767108,1
-7823675367853994697,1
-6634249044947490874,1
-1724457936110714743,1
-5937044822850301864,1
7817876639506198847,1
9066287566258697661,1
-6975500324222556215,1
-9046892675650328392,1
7996256964805519070,1
-2946792418157296658,1
2598409505789485666,1
4699980350825156846,1
2441967018187297519,1
-2638184269490794121,1
1287336859373140665,1
8778045646720088044,1
5958405393268184082,1
-8788331463229903394,1
-680268792317086615,1
2885791573717864357,1
-3042279137026304821,1
5425883611203029469,1
-1917515309104541542,1
3974759562765861853,1
5855405681201602957,1
-8672244233215255327,1
-103209836249079604,1
-1118132418825311266,1
-4740125742796139760,1
268523901600427492,1
8712836127628783498,1
7897879856565057601,1
4576081614593557733,1
-815004625496761132,1
2741839729213481115,1
-42929685900899941,1
-164663296597085832,1
-4666258381413762538,1
-4714045721581856664,1
1923148633884638530,1
-3375896444028397037,1
-6368730937875142661,1
-2186576013291296055,1
-7912071796404687192,1
4269494141883428758,1
3431011232609055642,1
3732638120365442525,1
-6376917149952827784,1
4690436830557893952,1
-1831425790679549383,1
6500845031393958127,1
8298568899675388126,1
6575333633664907629,1
-6748893612156393511,1
-7681637733522594627,1
2822482896149816360,1
-5429428499434861253,1
4406977437595790299,1
150357101534626799,1
8896573686123876123,1
-5011490465756121825,1
4017215890154823707,1
-4125914890558407986,1
-5878073703932403899,1
7559880492521727808,1
575411224019768191,1
4210520756837089763,1
-869600425323281585,1
-8128221492565052729,1
-4848908484327062789,1
-910069404829360618,1
-5390271384712002925,1
7649355117343004696,1
-6163521103474451742,1
-3629521338368201766,1
7826676179537179576,1
-5082957114685542932,1
2702128314042281812,1
-6907004633872573930,1
-4321792965575051119,1
4619192213557786862,1
3959675558220480109,1
7429089016965549225,1
-8075172870775915434,1
5681404972106479685,1
6373887244507597816,1
-8292829240604372808,1
4015137419082211147,1
-2756197104430417529,1
-4923641377652576452,1
7592307983098202928,1
4604914918605756948,1
-1825467675964540827,1
2845163875958339533,1
-505618379809469031,1
2395082348740314317,1
-1230482116346285385,1
-8178669001162974818,1
261656798931783185,1
2469539138449424745,1
7234161457420631653,1
3704723267629431625,1
-4311021293913771307,1
4741656869288581843,1
-8505334846720933575,1
2061861397123360343,1
1914940296161165903,1
-6092244063836851644,1
-6660011758754593790,1
-7148436893382550080,1
18674427348104221,1
7615067194609414136,1
6602575581892902016,1
-5407365364562734547,1
-4343105564304976272,1
-1369451100940509893,1
6836550498803574134,1
3678882745124011396,1
-2692321707791842378,1
2192931639736660533,1
7590547595656943194,1
-3371474087375850009,1
-4393810545173567162,1
6286940393175042397,1
-7568081224414064839,1
272275199619045568,1
-8699810663972501971,1
-2208606623404029508,1
163527390324084051,1
3393729700889822755,1
-1351917453790929271,1
6757378779889621626,1
-4928545636836607631,1
4546644198953718302,1
714954622111397213,1
5216942663710373333,1
-790028452768478096,1
-7578561285048871419,1
1303994403140737929,1
-5151046271822793467,1
-5388563843645168047,1
6483004570220358037,1
-8384605431019840764,1
-2918949379233678379,1
2792519152555193594,1
1727326833062935681,1
6283591334030854288,1
-7762674806247337930,1
-1378953494609749745,1
-6903474926375381789,1
6534607430027538731,1
-364602182643325264,1
-6305489393212152062,1
8743697509001368858,1
-9042865484064084545,1
1801970691951903137,1
-4887611823053483236,1
1386894039299543588,1
3904215938763231874,1
1618541292605934441,1
-4127805157938189456,1
4885110806104418450,1
-7290320437972110702,1
4060216224606204799,1
6711875059445902302,1
5996892769945147859,1
-2341898055490006504,1
5880829814608796761,1
-429938847058613772,1
-6314749832292803852,1
3279570008791065663,1
-1755727523300400610,1
2194304535235139331,1
-230067910802868977,1
-1431016807598808650,1
-615281195208941139,1
-7880476089723831625,1
2757324501729790616,1
-7390214804763549202,1
8244744487101094091,1
5459203960952744815,1
-9001038742696544055,1
7850851515028905016,1
3054314766308551739,1
-7222752837044708166,1
-4908064437356784371,1
-7395977033014324947,1
-3055982713147565821,1
-4081513047015961471,1
672388886792577839,1
-6541896093302080871,1
-7758840937161556137,1
638295163145354751,1
4410902297597318151,1
-987584636773955066,1
-8225684247574720359,1
4396080545704589342,1
2000643298145486247,1
-3825936301828653469,1
4155470488591916378,1
7769356889919537929,1
3089217345671772602,1
3463717466011210718,1
6224588317465332348,1
-763428911168311200,1
-5535709287974140777,1
-6846859245571985489,1
1480263385598964528,1
3951768576468822320,1
-5491296500279615118,1
-1877212351235747679,1
-2011535990626203440,1
-434336522330198381,1
2200338593451112685,1
2085353693699878152,1
-1891725143730955576,1
3075903788496042031,1
-1253886109270814106,1
-5091234209465922215,1
-1766018297880050100,1
-5959499383396945867,1
-9053204147090941032,1
-2975303046136579726,1
5218963781822565732,1
4195589247919945937,1
4879431738401331420,1
-5274836735197646748,1
-6526972681394524650,1
5237747926947527043,1
1929443567159904632,1
3281620869049104531,1
7685466700929971524,1
2528383194408437607,1
-1162803377812111552,1
5361546092217972546,1
-5427227425110715289,1
7879998358170568079,1
-8605606006927898591,1
4565420765962739047,1
4928091577964400741,1
4122272055056048705,1
3570583891085467537,1
6922835731749376720,1
-6888239350938666192,1
-4459701681046860253,1
-2629213505534527142,1
-807334064926760513,1
6394293962846678547,1
8792665676138784484,1
7398937173024842076,1
7850917926908737622,1
-449239800366046427,1
-5103909327963141146,1
-9187708358698462476,1
666252511854135988,1
8496823363545571726,1
1664130004352061291,1
-3921874422191299785,1
518282837441306656,1
-2016504181668257586,1
8104929569865312898,1
5459765163930721983,1
3813622038371014229,1
4304885023904539271,1
-8040781875015862784,1
219134777592655138,1
-4815810612420386135,1
3622198934073976831,1
-5697446253523957929,1
4872406074082061646,1
4359597714753473216,1
-3889329133383357846,1
6745024589084315172,1
-6524548001623170513,1
3254905449461725197,1
5105827398033220755,1
-4012988099252297649,1
980960357515433093,1
-6545344862412907306,1
-4784982454908229712,1
-1201147149572723273,1
3721097421986985428,1
-7762743890260754658,1
-2875356581491645442,1
4762289169404010878,1
-8318532198397099514,1
-6306667167130465136,1
1030845226761750861,1
3756826095970432061,1
1197192365258011705,1
-6414337591791879394,1
-5520243112945699207,1
-4598869578681848524,1
6012807403025737337,1
9125268034111626561,1
6945008854463046851,1
-1971552803411607536,1
6001417232146543735,1
3016824525660962284,1
4463479956735269359,1
250669785335435069,1
-3229513474246915784,1
8380217025571542666,1
7791236290387668873,1
-624934475317385776,1
2466181162802900425,1
-5826130277213568555,1
8776177580833668576,1
8410189125607263779,1
-617439092400311269,1
1036346067512451803,1
-4222421267722725164,1
6853906062150740172,1
-8122736495384492341,1
-561644927826127518,1
4684982639680962123,1
-173846420466939811,1
1108287560469566180,1
-3701278107245494534,1
-2924344325783764123,1
952045570216608696,1
6668968157757456877,1
599616893722390676,1
-3061589861403907944,1
-9025018703148823390,1
67507401728364517,1
868838661988221101,1
8339957675076433616,1
7415461031196921904,1
-9075542156290215791,1
8394494268626547199,1
-8704334349888986208,1
2048898430250014410,1
6921232352665859888,1
77666503507448840,1
6265074560380008364,1
5817383491579222731,1
-8772251700806233359,1
-2016005580715800028,1
5358495593204556969,1
1634003757096461947,1
7803326606930539459,1
-7663713590167410321,1
-8641426516127461675,1
-1397738072249432695,1
6128285709810356247,1
569104157695092739,1
-1267680467241782042,1
-6756052604782033050,1
-33529228453648833,1
1085449295342539555,1
6439242578885623613,1
156053416866995678,1
-7460825444467310519,1
7102421312014919926,1
6020741550452249527,1
-892367686623475800,1
3887052968704380873,1
-1825200293318945955,1
-6161006983391822036,1
7218587833727320899,1
7287457439260255870,1
-8652287132383625331,1
2198305502214641916,1
8160951491665828591,1
-2444553586657016268,1
312415049977657261,1
374581667305223588,1
6903750720383238786,1
-4866043957920265439,1
5490028073692847077,1
1077071499833209933,1
-7029238946380294418,1
-7157031065692458378,1
-432081967549818095,1
7738040496487688113,1
4703377269289281256,1
-4770094600395092510,1
946693378436507353,1
7563317445582332143,1
-6375303670335794685,1
-7197994564905526958,1
1208411090169385308,1
9094143219066040063,1
3691326131356888610,1
-4178540707067516502,1
7916555795285315342,1
-7496813387586387316,1
-7476255257174769235,1
-6085510547100645624,1
5095612757088142445,1
-5741381854808684043,1
-4673589434437700827,1
-843869959129735046,1
-3247277251971815500,1
-4152153087397309445,1
1245814053712813634,1
-7909339115946466813,1
2923544609113521707,1
9078408057451540853,1
2150611793811995639,1
5652454661612096232,1
8802061834155551884,1
3915260156082522969,1
3581045415944806180,1
345814244973516103,1
-2608271505967423071,1
7620373524012962733,1
6252661725271489598,1
2574674581083294039,1
-976513016592626807,1
-4415093997447913256,1
4657835679710474911,1
-3534757807023924091,1
2691788168356596622,1
116412317647968162,1
-4163323164656455288,1
-774882704511497189,1
1199032658941829789,1
5227477978330378807,1
-3141527627164815543,1
3850281375084741354,1
-8115010432773713294,1
1905956290131822017,1
1207233715141080952,1
-2603688249746488319,1
4255018130298832246,1
8617034775333547671,1
-7850748210424373665,1
-1685358802889591804,1
-6956615408207552884,1
-5746842999227673682,1
-4531319617521905098,1
-2962587334885569294,1
-957741426481585934,1
-115329659000337841,1
2837350043785601745,1
4206278650315743214,1
2113949672020179689,1
-1309004838551577748,1
-3123688564392392807,1
-8940548248813385687,1
31430001499538045,1
-4744940107927427841,1
-8075814176943417264,1
244281189894219623,1
2139122680143378215,1
5324904382103186892,1
4978171866158119028,1
-5848962555039216024,1
-5996332230955514098,1
-8533687070346951443,1
629081811685216676,1
8456192721001861396,1
3920967123361026901,1
-4917311533688882081,1
7511798476449313107,1
1582069804895552753,1
391510675454833029,1
4861391518724286390,1
7499213025018670139,1
1783161587285295212,1
3926936391301442527,1
-318277492750700981,1
-9195541685551971682,1
-3993534195034277826,1
6726395112710027837,1
-4660867591153037856,1
-385401596202784878,1
6951758152809949393,1
-7798163036894506106,1
166053762749173492,1
7103895678629728880,1
-8211207457957402118,1
2178218945645693276,1
2069825526607680344,1
-305218221147555158,1
-2305331611771545121,1
1685160358567239145,1
6292629197496072427,1
-7880393281555882872,1
5344925747138345742,1
6464533539755745935,1
-262552659040855920,1
-1145325328011644625,1
2644846561853093223,1
5334147990818668555,1
-2085724523969464402,1
-5358481958833112808,1
2938764807934993581,1
-3177486819285941506,1
7468684843292080011,1
7372044690161714051,1
2868365055965883569,1
986621934675972009,1
-7804002022518167798,1
-8682684969257092821,1
6794903923143514035,1
-1962777590586538207,1
-7448381011157674421,1
1872475285684910022,1
6148662589178048016,1
-5784131503492753811,1
8724696981538815644,1
8547451972014651734,1
-7852868986506760015,1
8969488105544807661,1
634521434807994545,1
4182755941687310271,1
-5028121540657245215,1
-5893537573848630673,1
5049460497277016850,1
1746702613294033415,1
-2024548027918345942,1
-4839246140201203784,1
3192686552410638068,1
-2696940947128640410,1
5572693445839158058,1
-7729945023195578850,1
4921553172799661658,1
3628369601398023721,1
6958031181030005623,1
-5157429487340004539,1
4147325222568118427,1
-4726852833788167864,1
7801936857449879182,1
-1298743987717177257,1
-3932516894800225712,1
-2082366648081753992,1
-1209515342647870176,1
-4328178786373916861,1
-5682648700848724653,1
-8067530129218084811,1
-4493163744301225892,1
3241700773780724783,1
-9021361223578941031,1
-7730620978292177589,1
-8944141767556354591,1
1051562739750423277,1
2845006793047633989,1
2511895122446137039,1
4097329194891222997,1
-4889854261812636127,1
6806660242300255401,1
-6512141343544115318,1
2665515284269052453,1
6148924163433999224,1
4063841104620198468,1
5625011514106922254,1
-4321300251859724691,1
8196908934054181278,1
-5524887556737574195,1
-679831251453507120,1
-4899832220109593056,1
2367989759095802841,1
-8157381151296522997,1
-1329656860549982522,1
8592429823153949806,1
7088677060674557359,1
5218665557385502065,1
-2528204694386498819,1
6429703732214086999,1
3238926145125579616,1
1665678528165739978,1
6433305896786802328,1
-46221758766872576,1
6165951850157100129,1
6960133325188446461,1
532430781178102655,1
-8046440898157791431,1
5115108586845160428,1
2246926326620467419,1
-6386170171144722671,1
-6143892106465030160,1
-2500865409728081046,1
-1605224806096140769,1
4159056399044922109,1
7104960871044051278,1
-531800036867575207,1
-5476626364578505215,1
7127525667989798976,1
-1484285881101907128,1
5658545042507049283,1
-8497214121835131006,1
-6679411719947585412,1
-8609801539112584670,1
-3993794218497598957,1
-2432395788557419052,1
8550065651564560328,1
-4444001110448218317,1
-1778979823225804375,1
1000863307482529288,1
-2912646336985073948,1
-7425209039064136006,1
8918082315760749602,1
-3738494524706532976,1
5666158218317321335,1
6683092454883385337,1
8351252951363645460,1
1482235897317864352,1
1318810446986407609,1
1395920677874058387,1
-2636891749791427308,1
-3174773390187073331,1
-1849138388320363202,1
-4173534039003355117,1
-517902855996703483,1
1496632549490959922,1
176797804202280877,1
-7214596600457023494,1
-1784896275382735667,1
4101224767677765936,1
1604221917125329174,1
2185178080787563480,1
-1772098918658136924,1
-7453209649988946593,1
-7138543141701211212,1
-7706723284458167377,1
8791538262590830130,1
1038745274987657842,1
2687452306535947150,1
-7950172110623873564,1
-194889473809846666,1
-4843019950991515374,1
602508519816888435,1
-4557825717914456632,1
1171510461521781415,1
-106669283211683910,1
6902126838549623415,1
-1121511958169968328,1
-2223744329078576203,1
3919331049337164637,1
3262170560817558675,1
5425981473758168740,1
1150710256276725158,1
3512055777405139334,1
-4265247223267199993,1
1229053113895913540,1
-1983728675027556349,1
5192928725134138139,1
-9120048180068889326,1
7479504376591749804,1
-8587871467738657392,1
5015626932009543997,1
-3023728845241768391,1
-3802056520843971065,1
-1541870657221202288,1
3486967273196304886,1
511576831125512873,1
7703698603776592643,1
6905344751010712838,1
7075268800797581422,1
8283622197181322585,1
-2290464518892148809,1
4720954304234630011,1
-4359097936244077001,1
-4022211721896317156,1
-5765089022864150465,1
7182602555641121827,1
-7373777678696686116,1
-3584361481647168019,1
4478007991438253332,1
2652310513614317498,1
-2671406486492042722,1
7734700917366537629,1
7031487202028124940,1
-6651044467594284680,1
7370749384592796830,1
-3778797599468709188,1
764501039194632940,1
-7617235481721915344,1
1435055271806940653,1
-6055228374900435330,1
-266897957973408670,1
-4559178810905385863,1
8515176442328501089,1
8043298114512757049,1
-3086474288865726151,1
-4093648286476575077,1
-7450561860966087681,1
-3132142074199295202,1
-4058123405232359494,1
1443319312223874708,1
4194418086468685581,1
-4927667795951485499,1
7048557871122646921,1
7991491236655172288,1
-5520199883059259641,1
3284327016309802072,1
-5787798479494119763,1
-3061987185855727753,1
-2643942503627716823,1
2221229945463843283,1
-7460237746390445476,1
3890824210899941198,1
-1734713478594345991,1
-6085278495384214251,1
511751206243009606,1
-8246784560834887228,1
7213900116563791422,1
-2984606110722289937,1
5682137064213602139,1
-2350162001542671759,1
8636042617282135305,1
-7564286523717117233,1
3139910314331802414,1
9081860763577447154,1
1622656341354377857,1
5578229155308872441,1
-1298544072805736827,1
-9154382385904127496,1
147700791090145791,1
-3922791298348769610,1
-677174682891298284,1
-1149704566817101165,1
7755010946358956855,1
3676654444333430818,1
-3110552582853725466,1
-1874636682198134967,1
7694157708408845993,1
3596317030390439157,1
6469762247521110366,1
-8690440404041464260,1
3385616327159755680,1
-4878773510597609344,1
2984964374126953129,1
6471724769667086758,1
-1978374789953674958,1
6858458914751947320,1
1465377622622543529,1
5363453266921460639,1
826212642463529589,1
9046742864680553693,1
-5195953687901141906,1
7542484572176909100,1
-4464581572477947130,1
5972674709466568037,1
1599032100926685372,1
-3739922983412220930,1
2370797958523635108,1
-4783356064478292838,1
7230314544727451387,1
2407687089352900400,1
-3280842407225142922,1
2584519605431841352,1
7349011002344120807,1
8665099081041501787,1
6417055545785018635,1
-2594030818383868832,1
-63734722053363642,1
6108462531298640629,1
-6199065815540284284,1
-1965777197556724113,1
1762709392570662934,1
-7448930158802553086,1
4673758719213671714,1
3674522446757299069,1
4001984957058518054,1
-5989419327913256903,1
1593674120980819167,1
3766954873261567085,1
-3598668431556806949,1
-7872267993669174494,1
3580083664445828075,1
8048448576594498767,1
7836258961181033240,1
-7536562549723852550,1
8171589813985740528,1
8965264917515790832,1
407868234500908817,1
8095146177102103878,1
8625378824845368495,1
7826288764187987150,1
9097372473570850631,1
-8006018223746584902,1
751468110148081414,1
-2175589700777587508,1
64289102562944535,1
-7205810486356659300,1
8023640230272211353,1
-1010158417735355679,1
6144181355285967877,1
6366433036184919005,1
-7797280759943593059,1
-2741062429506049361,1
4757026652585269330,1
-1219644133361546427,1
2075442643738243755,1
-4769920573508455273,1
-7511944372588311088,1
-4475842570601048729,1
2371350302871433069,1
-3907580119214758923,1
-8695041015649732959,1
-3802468678430052841,1
-1876674980702758828,1
7463450392917920610,1
2811556910845276647,1
-3339579284554463522,1
1271240914889957292,1
-7234910414922992580,1
7795904756409731597,1
-8807999073714520220,1
-6758786197746574671,1
6869495004282497207,1
4720472842035660438,1
1540089942144989308,1
962402301990192893,1
7959698655134654211,1
-708567926893346824,1
-2987964473342095485,1
-6674717947371175734,1
3706845047036005390,1
47327106262004147,1
-4779217142925182588,1
3161401694718965771,1
394143602693994758,1
-7589782583642635550,1
-2740187791982890805,1
3887967494338120115,1
7747634414044778935,1
1186391389309024683,1
-7359053030621451463,1
-4349318293485898660,1
3680506160493486359,1
-733260580589971089,1
-51227142997238654,1
-6917568094889750505,1
-7012095148834736684,1
2697006186983442520,1
9138066466605133104,1
-551471977286964005,1
2169735925764364712,1
7409417676633788234,1
6541329164437318722,1
-2889871309900660709,1
455670866946044433,1
4214645106408017773,1
165624775941603393,1
4312297098528460791,1
6163212547337045131,1
-2279833786060352985,1
-5532061414285002081,1
6771031111416771017,1
-1872303944573392993,1
2176714967399931880,1
7394508629095847114,1
-8302921970214837828,1
3822409169444065336,1
-5642563347543632810,1
-1448405831004129155,1
7088469908155125793,1
-6368259661809357819,1
-6390855277450034107,1
6122558968388026079,1
5005955312260604239,1
-9054414189744256675,1
3327423504585723281,1
-4899921901475888287,1
8213605346395864598,1
7846752967069517317,1
4833610361827822989,1
5313289093217519415,1
-5268880733237535433,1
6360406215777959375,1
1256496345321829307,1
2211255490771034730,1
516828732704177357,1
-7055875868803733950,1
-4784193992318079283,1
2041579652254319120,1
7658358741324311678,1
-8130641550324368395,1
-7594166045020399139,1
2665211044893991884,1
428324957752453792,1
-3803256640205393967,1
5113534352979334877,1
-4198673686931323127,1
4416880283612294712,1
4131228593393741403,1
-675558130554561209,1
-811062244139065273,1
3090483590399160801,1
-7250800018040559744,1
1890126757336445089,1
-2662166115249735386,1
484482869457297794,1
3946433032462467381,1
5755198249468838420,1
-2448870707172154559,1
-512885283407034875,1
-3292246393198696136,1
-7623761201105547141,1
-1886253244449079285,1
8402479184559606023,1
9035038966893990038,1
4013034914766640943,1
8460474025304888173,1
5224528038778201286,1
-1253679057967298757,1
-8621329440201349796,1
5905850927025442553,1
-4849026178354781068,1
-9051813409259330601,1
-8927699100244290483,1
-5772408642898780387,1
911445008776832854,1
8264861180898780280,1
2790875190174364439,1
3449078489709716917,1
-8133119394208751736,1
8199432352027016343,1
-8638464273103667287,1
-6043472643071942962,1
5289614579856837248,1
7863467555222587293,1
7404718183370257592,1
-3253103475073586985,1
8631544700910247698,1
-730577862502870266,1
4208043961184974656,1
-952751990399869447,1
-8203863920034409534,1
-5094836443827993875,1
-3740572370061408129,1
-8812666329413394855,1
6479877813632979322,1
1185283154438452998,1
-1368557944811139244,1
-6948193947351716328,1
-6442223378117469145,1
6450919759683888740,1
6875701232143671169,1
4450919754999140269,1
-9183603577864230496,1
-1081536810179191563,1
515003829858620413,1
-3768424851691111367,1
-8355622584829939187,1
4937196847478151654,1
3307622622495953,1
5080538338784892809,1
-2292238609032492864,1
2465808380999984734,1
6453435900154138730,1
4666298778868487229,1
7821983762492354807,1
7433491556447913904,1
-6810846471016891597,1
8009162694046735340,1
4933139118191144806,1
8683816085150315649,1
-8101124568221890166,1
-3776591274408858059,1
6530897221652370303,1
5916151876711921222,1
6243328083052351839,1
-7934863024282116923,1
7299047948027830053,1
1804414373951427424,1
1802788629290726062,1
4934577389841431840,1
4678106493498937315,1
5295423528916462857,1
8632168875893875430,1
-5917103005614231209,1
-738564611319353881,1
2399297335116228577,1
-1451642759011934571,1
-6596906992746431722,1
-6496398414548768627,1
7547330273834693742,1
2517726778030603002,1
-971262219040608735,1
-80088741688483411,1
-8503524988147279354,1
8727381750812775606,1
-4877357448513371653,1
1432313663391088214,1
-8173564005378900081,1
-6216712527165885331,1
8899846332134473598,1
-5067995638255447347,1
-5538754703469391124,1
5315957461349131363,1
7156816821286490319,1
8738132607745763240,1
-528669615834978054,1
8875516614077487307,1
-5056130363881308568,1
-7101995589219353899,1
8302223709381422855,1
2334410019461432632,1
-2649831238147741024,1
-5328902244981370537,1
-6130535615859091168,1
2132852111182287392,1
-4722433330403013943,1
2889136068083122601,1
-5626396678575949650,1
5675669459676076991,1
-7121993667184892462,1
1051791081245658424,1
-7785279816820602513,1
6739225563505745339,1
5256011653023945324,1
359147758513850872,1
-2162349388672212575,1
967350131575673240,1
-1328866383931965462,1
-2477079343421101769,1
1175537391079835651,1
9220741191551946646,1
-1825360133043811258,1
1289311742409468095,1
-7622386578447082057,1
-5075409329619648481,1
8324402987374413428,1
-7675709739062798872,1
-8512930478735533464,1
-1308615979117181516,1
-2134799039072588912,1
1805741210127828508,1
-1092399651391396321,1
-8640544893875410526,1
7115661830851266772,1
482596306904746406,1
3620857569655742161,1
-1894412863755151801,1
-8872544229352471348,1
-4491717111416364287,1
9194187450465606780,1
7414958330048167930,1
-867806339301612624,1
1064774480744447766,1
4327044746250340240,1
996273404510344622,1
-7614056846356188882,1
-6564457362274536628,1
8032530537526647373,1
-6741708449043685607,1
8792892337515003030,1
-4334538357837102419,1
3701406044455142972,1
-7999456903446349556,1
8596964583605887399,1
-6557502056230227759,1
1196794635328447755,1
-251823084975195236,1
-7727727960636843086,1
5565322519326204065,1
-672097655741663138,1
-6136067896706589269,1
-3680363557010449186,1
-4324665147244206884,1
-7131544717888583304,1
-7504652759199139168,1
-6211552840431885005,1
6273897942322801031,1
5559399062592505791,1
-6996269395364351785,1
1462992054585863159,1
-4482470429165373473,1
1848214046339092661,1
1845088256674263516,1
-8479301757842458323,1
-2240266368692113959,1
491514711109324273,1
7065427158486331981,1
-3985269685725998066,1
-1979732928334321618,1
2419996707373336768,1
1110834664750258617,1
4949825648756330714,1
-7495704775458212841,1
2573231866583223275,1
1933056016441326657,1
-6502629113211595383,1
-3263996894537330193,1
-7772334537394976526,1
-6432335997400553262,1
2804859997835776630,1
-3161116153275599645,1
-2622515817915191018,1
5308863493398441300,1
-6443148605913833478,1
6700165267601964541,1
8743399363586861929,1
5929441028087237948,1
-8411027650022744905,1
-5937319700397384578,1
5583561262313413247,1
4263671791618265383,1
-7517507648504855422,1
-201441892534996885,1
5960185223091078063,1
-1244831100665549288,1
5395320662632868143,1
4594472589152002860,1
-4290065048109391318,1
6997447017936762725,1
4527551461692110246,1
3816026934385574198,1
1644102099256866138,1
7801337165726362003,1
1431925687783514019,1
7029636032450911957,1
4420073064296716033,1
181347233947648290,1
810405510329534183,1
815236749142082321,1
-1977230675752964704,1
6071629486267542642,1
-2649275068192597169,1
-7379686981039060311,1
-6704068897233522644,1
3279803743537978459,1
4518678229241528190,1
-6158866097862419508,1
-1156277780551259654,1
5335593953130926152,1
6720017861165410863,1
455731446933624240,1
4101746039816376136,1
-7309009698532096518,1
-8366992811277274800,1
8288810948094766772,1
3005871457964726118,1
-3401181704338209782,1
769321012322290147,1
6444527831504340912,1
4023844666973712167,1
-7921962743474042428,1
-261454750203670551,1
-6851922650502284757,1
-9146797737857254787,1
-5005781255707161469,1
9190564061934800883,1
-6448266066170406199,1
8881807191837083821,1
-617661775509921748,1
8038539780768746919,1
7617648183168556866,1
-1748309918232491556,1
-2226285534755253187,1
-6215513225916028449,1
-6866463461077314858,1
-4032300205366609210,1
8888048208491016425,1
2981408969769436419,1
-7869264352814869864,1
-9050893675231150229,1
6695624053698425705,1
-5825678294188916369,1
4786675058959928388,1
308372667222294506,1
4927248649150025644,1
-160087533954104574,1
4925319452766958744,1
5653600787200530930,1
2537246684983782575,1
-5714579680477331363,1
1531470817921059009,1
-7812858695236270422,1
5407566881080244669,1
-180651976663067284,1
1233104828748616806,1
-7145551114634894240,1
3605658183999667757,1
6248973332366870657,1
8840867527927547665,1
-7801911822089619345,1
-3435323458870144640,1
3161297835888167725,1
4584322027470093773,1
6566679579591314820,1
2630072086797074922,1
808361599396566557,1
-909102835656061842,1
1337617338551432028,1
8972032661436486122,1
-3407167776803097300,1
-4879341378634177568,1
-6497381412082047585,1
-2898543629090134960,1
2046714210273440707,1
-1921358619022479111,1
6790829983524012614,1
5037448810729891681,1
-2672760284651997180,1
5550322004024766120,1
-2788363092119167509,1
8314765072941481180,1
4672702840215298842,1
-3222253359681212358,1
-8590227876195143698,1
-4046137121515879232,1
-4374492030967281515,1
5724553857137539861,1
5301808736154313706,1
8902828025521056329,1
4540780673302371375,1
-3045458438738853049,1
-1756840815140828749,1
-6812177905700928573,1
-5024634790377632136,1
-7588327756105093139,1
-232382680486578964,1
-3288314867649450374,1
-6562812363106377252,1
5968604123768796790,1
-4909371495760177116,1
6923050395598701650,1
-3013602002713998194,1
5618653483712832714,1
-4902199357597983655,1
2045817829825969089,1
-90819871095790500,1
29970819004405255,1
-3264969242750270158,1
2310724062076409391,1
-7891915316493682990,1
4969141234205401757,1
5134018692823579715,1
3469317450068184439,1
-7952272540667707510,1
2425532722163482539,1
-5875648481574917881,1
-3802059714681349017,1
5463503520125092433,1
-6746190271937981918,1
7203876668679648966,1
-1739187480957289052,1
-3597290607145907474,1
-4751646682955423152,1
3057556503857834502,1
-5589583557293786927,1
-788028014926739951,1
2034714147163979035,1
-8623531967188425221,1
-1637979157253117728,1
4983697801590245237,1
7072574420879487025,1
-3607576181769248009,1
-3972056275579857655,1
-4733235117693055668,1
-5633296389832671945,1
5173215394137162,1
-8062982127338580035,1
-1399749038460164254,1
2844402346700421170,1
6110713371535726199,1
-3773404069170357895,1
1624262328684379492,1
9134210928522903682,1
7201466733294400747,1
8255329556625725280,1
528416774319079174,1
4041380946043008458,1
-8869635191524812737,1
-5129078068151307640,1
-3333464317109493352,1
6347397770876233094,1
-9195211466077214901,1
-8132170026159781366,1
3543126637002032753,1
4629323075953528106,1
-8519089659501410486,1
7388050115575328677,1
778529588767525479,1
-7356106455273598077,1
-4814209361288125146,1
868447927027941938,1
-3922680415841988228,1
-7992126128498471647,1
7305777760961856547,1
2734084449644916284,1
3109754231459207415,1
-2030692199020096486,1
-435609200769319034,1
2463829512054914133,1
5705079214468335042,1
423344028404799976,1
3596364308964824084,1
2120393675739972670,1
1729859454961850118,1
315632192474270283,1
4600262972163498940,1
-8582521318887699672,1
9195749700141205519,1
6611591243346641817,1
-5254254044556709578,1
6898081835833813568,1
8979042322253894293,1
-6427109914949529981,1
7090528325958111096,1
3658171655481141042,1
6472280875038825628,1
-640163373228416849,1
2210765999148252645,1
1018527968595366599,1
3701768716168937119,1
-3452893413118017318,1
2221190679176782929,1
-544981813387758250,1
-1715405113251010620,1
7832520178524589975,1
9201035007652342323,1
-7260193226000597007,1
-2991513264583186792,1
-5794929262916768843,1
-8074808783491036827,1
-5593670594442846636,1
641632120505155038,1
-1056197478810632989,1
-8237075762146999908,1
2689657803069894773,1
-251943687483824825,1
-4620147830105758240,1
-3884495665170845044,1
-5772904036448434474,1
-7686376510891414873,1
-6458984857393428421,1
6386133795652027943,1
-3602336944467547873,1
-2689126565305403001,1
4966885125141276016,1
-98558870712272815,1
-8193774785681678388,1
-8234543059440695790,1
-1042206332457389271,1
-2144693983525731348,1
-1370007071597431280,1
2718534492864356236,1
-6122636939465936252,1
-7028373110747148998,1
-2910884582660279878,1
7986536365595620177,1
4929406876532237293,1
-2477486681044119007,1
7558135486742904945,1
3213808486458166270,1
-6806994296506702371,1
-8912714151209885070,1
170908503961215051,1
-655049953051912297,1
-2122562403056326028,1
3659011151291105502,1
3218846168603828689,1
8746359412646820806,1
6177863548208899475,1
8578642747087766162,1
-8573849903037575916,1
-3778104466065296639,1
1154412894407144099,1
7495230358583198314,1
4245649419762264023,1
-859229826446198750,1
-7763638517733658176,1
-8068682884326642263,1
-1828961544409833705,1
-5576866008521203955,1
-8344468876813765707,1
-3707459365057510818,1
-8030529894904352577,1
8308548339191766272,1
-4850274617217452694,1
-5624296301910914673,1
5773352719905724320,1
-2323211119903293618,1
7774775127099115164,1
-3392934146680088228,1
-4931197503477513780,1
-72770098625599557,1
-8485107389712851582,1
3299055520580695279,1
1500486824056377306,1
-5056499383834111703,1
-6786572304978350031,1
-9216662841455066628,1
1843429287963750457,1
6339457535805489191,1
6036595700319837087,1
-9114936332657201625,1
-4080856788969888649,1
5382785018366363679,1
-2874979830929831384,1
-2880489755463210259,1
5480810672615691944,1
8869238758807411163,1
-14434052259302041,1
1420658599441154975,1
-1619781094256090634,1
-2597221527952244054,1
5935722779343784651,1
-8016738479554819337,1
-5784795024984584904,1
-5879661119432110350,1
8636337053878292219,1
-1068435930543548657,1
4489563561542159914,1
-154761449112144082,1
6481126379808194178,1
-7752139913332485935,1
-2997560376641073627,1
-8959159714369665720,1
-8858893093638016848,1
409300765022120054,1
4154089346692898453,1
3304869183631235748,1
-4956018186053608946,1
-8335898481705419453,1
-2016805057630777465,1
5942870944631794054,1
-5090664289353580870,1
-1698684416598251091,1
1803835173973818816,1
188757361671205609,1
3828922722662159790,1
-5607525141763821388,1
817269660380898759,1
-5003679732522005732,1
614441435429731396,1
4926829278506378220,1
3827966854760548976,1
4666217962910471161,1
3933985545845641278,1
3491474735401043023,1
-8415408443517888023,1
-2090546390397906725,1
-8889105007950348424,1
1005062258268328647,1
1431837148507124995,1
7730034305567014418,1
-3961897200358947922,1
-5518165581766990786,1
5485743356604713318,1
365261108427018273,1
1447794886051351877,1
-6356375885321086744,1
260793965487825338,1
232870341295045553,1
-8126033235997739607,1
5292469147667422985,1
-1547919104952057418,1
4421541958265565645,1
7485351407502825083,1
6164162248146352038,1
5933910669439852284,1
3775019685237901657,1
-6686024982174567876,1
5297746957547964180,1
2623138237649553719,1
-2711478265664190778,1
7223284662631856218,1
-830124669858050375,1
-6093877660616187485,1
-2941356806563295706,1
2971227564240995043,1
5914594470084482922,1
-1684442515369565426,1
-5013623253346873,1
-4880255750667405504,1
-2781205073480775352,1
-4434638989338629049,1
4275717897136933048,1
-7207888947510939987,1
-8226575215347478647,1
-7692666349967442484,1
3681314196864583978,1
-1195791706835026729,1
5368301388570257083,1
-5700941406849609356,1
-6578211825775827151,1
995244628221129812,1
4167336606884218967,1
-1275363638193117912,1
-7865601103480644052,1
-3688049845873060417,1
-4189989736540836601,1
-7842418547387416942,1
634392839444731619,1
-1115174146206778469,1
7655473379706039040,1
-3245696799332656712,1
3811677542907728267,1
9180690114950216277,1
-1568719713308581304,1
-2627851679768506935,1
3406370705599354925,1
-2616161653870690376,1
8924981852302913113,1
-8711185983341935948,1
7286192409435188772,1
-4981044246609980214,1
6547167614073391107,1
-2516716665759730622,1
-1899101225334209692,1
-8705530098320008431,1
-7910040468190763486,1
3783364233235947388,1
-1500199856315511545,1
-3823371926907060476,1
4843815586877819654,1
-1212783952968321371,1
8147838483160882539,1
7865340181601320893,1
284877534435615022,1
6579499983484102890,1
-6379479422881217335,1
5766655387826741732,1
-5818989233184153462,1
-2990876533510609618,1
1159429990249351583,1
7069086269052713724,1
2866525888114067186,1
-8747993314637480890,1
-3813947148794714739,1
-7880518044048534795,1
3678085823833605987,1
-3723479791282121028,1
2777420057559675104,1
8811972831134419046,1
6193848915198293227,1
4449312859888581101,1
6849874915982812801,1
1140875151502557415,1
-7621293458531346803,1
2008910715437585430,1
-3377454118048748764,1
2478321698106172745,1
4164664649172153338,1
-8299482483243383699,1
1581601405202859058,1
-4427762137995849445,1
-3733944923766810479,1
5779441019625053310,1
-3551860960824179428,1
-3092253136655971528,1
2014955822114529643,1
5820161839890065686,1
2180226462428341695,1
-1216710406827699970,1
-4486296343579551474,1
-6245048396268770245,1
-2504184654855930647,1
8703782199361937375,1
1948301067002987550,1
-4843934725649366166,1
-2461511482822596644,1
2837649747147196074,1
-8608204708356013806,1
-7671607909094954452,1
4622243158495981147,1
3084327195082591533,1
8740467100874769998,1
-4216215545307345348,1
3979979009336623655,1
6220981003114337690,1
-8933356876566919782,1
-1531203569519260633,1
-3380033525219890016,1
-7442689572500448062,1
9095311911667654245,1
-7729240742411763479,1
3936848183601695265,1
-2156284413200454148,1
5173786263956496420,1
-1490804719382098368,1
6261151681538590932,1
-9012117068039493860,1
2599524609045976636,1
-8170186658236613531,1
-4803031267921276951,1
-4465137505082063205,1
3741856425716889457,1
9014684287428506782,1
-8488376010817706924,1
850293624165048171,1
2220166322815929456,1
2250365907974742890,1
-4658350742943886103,1
3225846257919855726,1
1051614764811845366,1
-6239209739311908183,1
-4139393383088213979,1
3276919197914205308,1
5641583230185612717,1
-6371127256352244740,1
-576949361621174477,1
-3330923963015926504,1
7650460168300644581,1
-71048043428794030,1
8230081675662710113,1
-5203389704142524622,1
-3122070858784838216,1
2361777607466020480,1
3207348065396234181,1
-4637769043011598243,1
-6732321905907994141,1
-6503900363345081321,1
4326090325392907037,1
3091648870523812064,1
-7283843179791847162,1
6571558174567939795,1
7194908307309876806,1
-3012989310788081051,1
2782584956072549097,1
-1222921798123472161,1
-7955280549586755743,1
4399610077597285033,1
891673242929483914,1
-1835001324412872123,1
-3018794583422708086,1
5347214597713942610,1
-8167606176285169016,1
-4102846996739542108,1
-5758627457900171687,1
-3409326253734855423,1
-1438229714919689778,1
-1798349746722296278,1
-144453298493153449,1
498199419522951247,1
6899480195845835555,1
6063298010774167979,1
2173569255008641025,1
-3752666081006168674,1
3077211804500111239,1
2986232919733235782,1
4361802305862508666,1
-260402862476028958,1
-5709179135305390462,1
-86539141371603919,1
-7180623913929172583,1
-8073478503999034336,1
3240048884309788601,1
-885342239402685287,1
-8191654852594050697,1
3120842622645480015,1
-665373206789211115,1
-2257283742287097364,1
-5049987950712497732,1
6968902147622025825,1
7221277761648887853,1
-8245036291878131307,1
5247191076495707370,1
-2252869677928141790,1
9118217470768182613,1
-4468376266135118025,1
4564032556186586523,1
-1049387790704093321,1
-7328709113441168745,1
2703524016080775635,1
-913645622612444647,1
7737871618262811924,1
9048275855926785149,1
-9038439400601200787,1
7486555382336359957,1
6965872094007930886,1
-292507108334112923,1
-4038314131454950081,1
1368887600826294181,1
6855810538947217232,1
292811322410644531,1
2890513668156854068,1
-6422591829394192278,1
-2966530002959287243,1
-8359481699276020925,1
-450959572401855455,1
-3719539709602039269,1
5538610624927814552,1
4814462088977533592,1
-6271913748523146604,1
-1243041479905366544,1
6361999910903354923,1
-5153422332687265108,1
-4338679061148591086,1
-1983175269060517106,1
-675263934554538244,1
6642309608148056127,1
-5968689834133899555,1
-1284989609577631740,1
4946469019166007945,1
-5466124685149488375,1
1707110368051223350,1
-5727155758993056922,1
6879341579058001748,1
-5466546925860546917,1
-3253716711808224207,1
-3571754664297245708,1
-5410019209605215240,1
-656720334658551199,1
7523677929863499568,1
9203382880611606702,1
8648386038146540696,1
8354662392373669928,1
-3731187557349487218,1
4588595309752694839,1
-2010956715863569481,1
3315040517549959858,1
-3538579732049787868,1
-3604887405756171433,1
4442981127186560730,1
5067989458055491671,1
-3006985710979549084,1
-580114550143856379,1
-6035468264821813655,1
-6421036674607298210,1
380235097465335085,1
7777907384507193448,1
3524124328860647996,1
30916987475788479,1
-5483044536593622098,1
-9013270960149483241,1
3656195770861412085,1
-4279919817144340824,1
694373133267845348,1
8324187811067002090,1
3553583844380505980,1
1796072162683199194,1
2252756027541671322,1
-7737991187633470877,1
-7766543730846132310,1
8493887970148845382,1
755330380919376067,1
2238479406272038948,1
1518515684274812115,1
2111524963480036999,1
7079235333884031268,1
6678384454421246713,1
3149711003285031983,1
-2539737787567455199,1
-243056074946535675,1
4040813924014951309,1
-5800521497836373383,1
-3735472993142012786,1
3923163904662966902,1
7442583816241379450,1
-2544718744779239551,1
-4161594239138108313,1
6136111762556409614,1
-727804880338487584,1
-4445095068157425924,1
-3725753531279746036,1
-8062592474107261058,1
-4876656445141435733,1
-2106738888574096781,1
1052316565607645449,1
5189072842828325030,1
-2465225022645988804,1
7307164584127884168,1
13702189012167437,1
-3268382967600198354,1
4293821369726958258,1
3128020899497808819,1
-3306871671299258674,1
320154928129677795,1
5593851191702280046,1
-2242379782341835737,1
-8298755720790422720,1
1821682058577065294,1
-6642250012599941124,1
-2364024033437424870,1
-51773999629873038,1
7074666675146324218,1
-7868615694087403070,1
-5371496860467697799,1
1527816768191998208,1
5057366484726786949,1
3480287906157127051,1
8295529060564898877,1
-8796372344319543023,1
-8186529648038673540,1
-4870912656166237924,1
-6833487738749837513,1
-3665051916962464392,1
2285710632615142344,1
-283762317463298379,1
792041827136597827,1
1713886230470623837,1
1939565677327141719,1
2189149962929086739,1
4419366535216501961,1
-4507755873799658202,1
1302936801166940046,1
3599579953747211608,1
8348708647191534615,1
2197077348789483487,1
8757536094109947269,1
-3545539902157397121,1
-3414424713176019554,1
5621920181299366225,1
-267907079836321599,1
-2263568090281414848,1
-154196135305382539,1
3223296413258154412,1
8421998490543874492,1
-1850950420467756014,1
5816651784602348571,1
-3422883549363699433,1
5005361268797917422,1
-3355744534175440625,1
2044587939837382381,1
7332981437110391521,1
-2289693834365623316,1
-4614227974269572750,1
1776820027345425150,1
-3076604958184944051,1
-8890123678768519336,1
-6365894196811692019,1
6490179557907654632,1
-2925757477081643625,1
8882198780999362203,1
6400650881673815388,1
-97362663258974227,1
-554566270350520634,1
7053532517718293821,1
5119115287608413595,1
5213031291536391900,1
-5669562826493293270,1
-44841127579008584,1
-8165891068236963952,1
7274063325382234137,1
9170518978242499342,1
-2443711654196714500,1
7566153036858590472,1
-833994816854807148,1
4816864897180238695,1
-8159660973335481766,1
8773821506978338052,1
8375483592123503169,1
5570967574270788844,1
4729930288636352757,1
-4461732686571674279,1
-5287471761697241307,1
7779432654501554501,1
-6430230789921641146,1
7564811143728156518,1
-7474567731551769283,1
-5313567450799714343,1
9221796378162966441,1
3670300068232669329,1
8565092695127235134,1
-6730431682363038546,1
-167561068911855305,1
-4542585323303034637,1
-7804650286465957335,1
3775137347382750271,1
-644643437176776046,1
7595275486625571784,1
6869749002743652217,1
5142261701419756951,1
-3607151264766980110,1
-8850358945704734337,1
-7077503537424403101,1
1181094873991588094,1
-1578327212827294481,1
393683484525853132,1
-7889464248439810458,1
6526424458336101828,1
-1608264380540548084,1
3141863355415458384,1
-8734990091153341269,1
3642401250504255968,1
-8863110292331716752,1
-4709878235449386230,1
1323158243039240924,1
-1782938876527521221,1
3525088997908513046,1
5120364980049921599,1
552692941023349690,1
2453776296898528825,1
-5523389209919774750,1
-8382020901735942314,1
-7091556210815284760,1
-1126211098867247280,1
-5120687638467722275,1
6821881760472373446,1
-7616092344506662655,1
-1848866719835086324,1
5097441519123303509,1
4056747436064213556,1
2293777578329405372,1
-4332013578487853235,1
1287384064522455835,1
4189757954906855634,1
-4667889224932753231,1
-2503743964662032331,1
-439049397082623438,1
3450096631429253495,1
2644175198658971452,1
-122761153852334670,1
3892380339780255570,1
-3155463192811178881,1
-4058253977499950350,1
-8957957954881108928,1
-678523639528272910,1
3997066491762408859,1
3962040831389242751,1
727101474066801563,1
-5971374967176881942,1
9148064687746664528,1
-314886611761671470,1
-4913649306159095736,1
5799927073164708716,1
-4119895865839224149,1
-7595665740721487147,1
-3130722581055922599,1
-255869765125282572,1
1383862899299923532,1
6599807190522493505,1
-3418740187580684314,1
-7823964616233431924,1
4167245393943206719,1
-5012942629873444755,1
1153437740455529096,1
-5796437212164211684,1
275413948924769699,1
-8440949485443346056,1
-7006195970486642552,1
-5011894047639410938,1
8883170243498245771,1
-1284413712805356347,1
-1025563290606614330,1
9044684604740939999,1
-6903139163756897147,1
8024209858940774694,1
2309971734592826195,1
7138836662215447598,1
-6644724993999942031,1
2108608896864302396,1
-1872584020757827889,1
-3666747572178226759,1
8269592638226581784,1
-2562218886290979272,1
-1517848010943188325,1
-8427358544485880630,1
2558590596765682140,1
-3299368937215968807,1
-777106800276156196,1
-1490999502007396940,1
-8967435857432083064,1
6463948190102478245,1
2938564865639569477,1
4226384974297706406,1
8961774247180785221,1
-7263190226871582113,1
-3183310918761362046,1
-5000156263811217794,1
-3505207654676058823,1
7163661543062998048,1
-6593003845074099092,1
7343178195593828771,1
-290902521460998939,1
-8353483957599856808,1
8733792091018501320,1
3073798428443187920,1
-199661516948135147,1
-9200797741693513209,1
-9039194119142547959,1
8445510265860360522,1
1074624972896875508,1
4761221504414653384,1
-8226315373879906880,1
-502827052530675160,1
2014080552117699319,1
-3424793249078466610,1
-5868974032726139275,1
676512922665018006,1
-4367797928168671803,1
-3577825413729224435,1
109859579033261755,1
-8893977706388751010,1
8591310170457771830,1
2065294337373319526,1
-1675697988623731539,1
-4142665289690718682,1
4143544893101134284,1
-2002552167867760683,1
4965648540458091726,1
8187660163294820366,1
-7357059341729765322,1
8245389094851405105,1
-2924933495476894610,1
-5438193723736926548,1
8050898125907941580,1
1428413588211781272,1
2522018991842922248,1
-4636835453458642705,1
7190993895353244517,1
1346653983947907581,1
4592178188321166186,1
-8178530867685028776,1
-3433730436623119556,1
6600696429740904673,1
3239323893915427833,1
-4461724141837919795,1
-2937459082657236683,1
-3390633631645452377,1
-8162107952702560361,1
3322079769300960802,1
4212063878580127969,1
-7489652311525840654,1
7001031895963129125,1
-7832964763456901611,1
-6433473361167069669,1
5554250029244188325,1
-7872022974866981776,1
-4658466198137449654,1
3145238460016248834,1
2134151638636518372,1
-2975415077108846092,1
-5791962074294613979,1
1788190232860041231,1
8354452110881356281,1
-6127452849994395296,1
-3155373952517692001,1
7050769798535838358,1
-5297145563991686619,1
3738399773062579809,1
727137181861415453,1
-127117863136889419,1
8259721942502149379,1
-4789124828208775580,1
7128448852722995601,1
-140136792930340774,1
-3148971400261339738,1
-4794443742206930352,1
-5365598593163319067,1
513408225417439662,1
8389461447099766357,1
7153527925599231552,1
8372469721393967215,1
-4691658444626892345,1
8851966560927803032,1
5886472506617904206,1
7453630208543005883,1
6520907982307664950,1
456614955940515069,1
3873113035765403898,1
-1911601249295110079,1
3977868965870072687,1
3154771451683952967,1
-2989848695605297059,1
8912236616279586628,1
8285064288338282480,1
112386551385999225,1
-80341363506179521,1
131186814731852514,1
3453412888191243588,1
6278002808446618175,1
-4006290072372092105,1
2433368585444143207,1
-5926752270892454070,1
-5919603179119471380,1
5300146719122021979,1
3924807964280101729,1
6213723438011351940,1
6965189184062158567,1
-1934703578585106721,1
5430222025179918183,1
-685181927121307121,1
-6492738231302195966,1
-5384066357306554917,1
-1553192457175245063,1
-5243839886329688198,1
-626111916502020237,1
-8103395313967382412,1
-695378635117625179,1
-203284193037725798,1
512978777745896686,1
2247572357673535633,1
3294767233343135738,1
3198168815161964915,1
-2961274715093181024,1
5928723916842825050,1
7949419089042919832,1
665760898964992055,1
7521912338479689115,1
-826932557476413582,1
-2800986004758498684,1
4077076069715310677,1
-6803864845311722848,1
5588556891686999869,1
7832729912102344530,1
-475518915906368966,1
7088221541661600601,1
-2139360300411594493,1
-5571442511316333421,1
-6687041592094369429,1
2066178464771512933,1
-6806861119401141527,1
277332720255589173,1
8486275165406440978,1
6038148348890707504,1
3017378869637792012,1
-5866942241526809425,1
-5643811471054599150,1
-4104495777562091271,1
7132837745151066115,1
1923266583158442659,1
452232385923989105,1
-4999479285752466663,1
-769213408769047848,1
2249473765402961930,1
-7798392809160180597,1
3161550550518407051,1
3602678956992791510,1
-6606847243799259383,1
-1163392768928289562,1
8359943234341132875,1
-7758459388712850033,1
-2284959561894265488,1
-6882971053541902238,1
-8704723644641371784,1
5781198364637954000,1
6038228080379197918,1
4645880262499025922,1
7417050709475613201,1
1318069307048978520,1
-4632700694871758480,1
-6907958851143534729,1
-8077221604479335638,1
699188097193582329,1
8588533151411710881,1
1505095798499371229,1
-5263219602961906901,1
2676917824615892270,1
-5953246182100858556,1
629567668868083122,1
-5941087172314225158,1
-5403263698601583744,1
-6763171230487471865,1
6832982137247978614,1
-7460171171516974927,1
8814563458775564586,1
1875792617385824717,1
-3556497494354841934,1
209016416304217221,1
-3204186617230454507,1
3419163213619762920,1
8574923877718167540,1
-750185531501881462,1
3941365101281398397,1
-1208705081269180285,1
7682364032464559270,1
9058798050252512226,1
-3173692789808050008,1
6068687523993501380,1
6991898908627951716,1
8337245471163529349,1
3770622120247443243,1
6859912757359834646,1
-1755520366296532582,1
-4662143262853452969,1
-7476794173592940413,1
-3600723710357013939,1
-1006271639014740690,1
2589858890013925777,1
-3055089568118497920,1
2006751216650329010,1
-7248609291841992449,1
-7858615993525276448,1
1227993098263072369,1
2397447911542815051,1
-1184231871543460190,1
-2248752973379148049,1
4746809772419549681,1
6961681241341852004,1
-4975444360305526075,1
-589510557111693072,1
-2475177669389615118,1
470396078665675676,1
5625860007666570617,1
6587806823308369298,1
-1472858587679193888,1
-3925316283193390110,1
-3708631503900863743,1
3050988666943740850,1
1185024410214597982,1
-5676505238314879560,1
6795982405705294557,1
899325628156613438,1
-6942169462756679888,1
1571774653449070492,1
-5737300004264776660,1
166025280081221660,1
-3110392374916098688,1
9067546684537777257,1
-5990206693759460543,1
-142703357432046362,1
-3624208201714490596,1
8209297638952103966,1
3821371525959940149,1
2297239630715407395,1
-5430645826878356245,1
5639091599954766332,1
788003577161444575,1
8438305035093958649,1
8022747984683450030,1
-8472645699468556103,1
-2731501235991515451,1
5846110512002379525,1
4403092900411177445,1
-7335982311824731974,1
-8154639575859051867,1
-7888860854744967487,1
6477930814219846200,1
1147074783231256719,1
7830468692339405700,1
755547184139715784,1
2480144443570818717,1
149521175223833546,1
-1894967995900305540,1
-6831737897426898815,1
4528926429500028438,1
-6431096295385519711,1
813085081696516786,1
-1670617759503350837,1
-1219054235218587245,1
-1285473942194717091,1
8829504327826303302,1
2878964242879274519,1
-2352240127974465007,1
-2118895285788792808,1
3111237073937872802,1
5345698964027080343,1
1473319363497149096,1
6996228788833433468,1
-4011545636636934056,1
549342851683971298,1
-2411970571921497716,1
1242077986749549833,1
2922184137439969609,1
-8306665009938925620,1
-7689080538454800800,1
489323673081518194,1
2854331076162916023,1
-878867233377968160,1
-8134366805455539919,1
6452310567119261929,1
1043990554582490749,1
3205971018131137246,1
-1537225737225131137,1
-2451366242519892597,1
-487447429042654721,1
-7525949285159998395,1
6502312647653422133,1
7251687158355706064,1
-1563155125842021563,1
-6780884748162247449,1
9012474268819312481,1
1577347203543925886,1
-7643098505821142981,1
5780220705338131331,1
8633530875739673759,1
2222677926374901737,1
4019984597194664744,1
5659282051439563537,1
-5349954525728765213,1
-5783319441930399991,1
4463647898874593747,1
9121879293561007114,1
5349455775258708531,1
6200456296624985484,1
5779638107633102666,1
-8309604510989259944,1
-3717542863104255485,1
4080417263928917932,1
1011379910592247742,1
-3472204438808019569,1
1745843467610992922,1
1122483484737625911,1
-4901935292220425932,1
1955991546114053814,1
-3465153559066989989,1
5562114497078439083,1
-1712938625085122638,1
-6019632928609659865,1
-5442461873046016741,1
-7082961961986674539,1
557211829952158692,1
3628394607123775775,1
7938726100544479322,1
-8932677216036534092,1
-6900364789531121166,1
6679645935804758078,1
-2402641390155026707,1
-3107872643079011109,1
5988424125092708022,1
-7531309388523758708,1
5385442401850274890,1
1045446649650157707,1
-6980218972401105122,1
590134707820195255,1
6475259033028644441,1
8378238925250188345,1
3189990892225224086,1
-3872437199000056991,1
-105340362925439627,1
8736873166081719514,1
-7490095498475362245,1
-7374295624916381663,1
2267760711574721937,1
-930400035291583340,1
715115744175275921,1
6562495481488560571,1
-36644659135625739,1
-12195361063237958,1
528506480836409362,1
3350691989793599714,1
-5426925558582360325,1
-8014315261215289159,1
-3051826382477811674,1
2277352890709852093,1
-7121426248115187027,1
9167403185196544491,1
6381920620755726760,1
-3667828226564020569,1
-3953092217514845157,1
7478870784962550445,1
-7443947715800074637,1
943507728786224185,1
-8925723348421768995,1
6036222056584078201,1
-5718725411591549074,1
-5953704900512798523,1
323655600280853154,1
-4266470867588258322,1
-2139380753345091516,1
-6844988613423558777,1
5810399945848575590,1
6253827994505426733,1
4678407394124575957,1
-5495331565637157479,1
-8707673175118772018,1
-4871351063704783770,1
7978156897498811085,1
-5683936342458366753,1
1373334505234105813,1
8275713187918551508,1
4095365977858024072,1
-6746996705598912519,1
7740810483816469467,1
-4193054521702516450,1
-6933421760740640853,1
-1944292069902840497,1
2194948476779248287,1
23802852783609412,1
-5345911924782979792,1
-698529344044617471,1
2490014773773646590,1
-5221512384246702409,1
-6365020745029956290,1
-8708214811436957526,1
7285425736786628112,1
2822369191475334714,1
4217723068604878775,1
6238841336131468150,1
7663838501146638266,1
-5456212191385248093,1
-6887039449250364338,1
-4645264656174269173,1
1906280444109651976,1
-4713494658042474260,1
-1606588873856091738,1
-5927444201001611375,1
-28620343371785221,1
2833285761596702052,1
-8614987837639077930,1
8249274248528628362,1
8582866287833160928,1
-8312758980606559687,1
4834093515032216823,1
7901456140075661343,1
-8721895166276992972,1
-7455425816022503481,1
-3806746316267131978,1
-2848036051163833587,1
5452899201019708105,1
-4606070322959463439,1
6365625679546535431,1
8897760975222081423,1
-1436536779250186901,1
9151731884969851721,1
-4473307741446536245,1
575420572300494378,1
-187152472336460384,1
4005538575553966244,1
6738443379615735186,1
8533030857893175906,1
-8077601593967483430,1
-4021881252998500160,1
5164849240732405623,1
-3909337143110919413,1
-5739638998706845390,1
-8358415068707769733,1
8187099830388394555,1
-8398056156360616237,1
6019493188582597329,1
-1755975799198980271,1
-8575071177536998376,1
-4622344714481207226,1
2743644731348640640,1
-4611584377993818860,1
-9144926494135540639,1
-3407834565369920257,1
1034877928568045878,1
-6025935694341435354,1
3886656490647620547,1
-5373531742141579419,1
-6888206219172886068,1
4671391695663663913,1
5111989863760937407,1
277883907446748212,1
741112204234768760,1
7575523927533915353,1
-1157032261307200770,1
-3282528641452600652,1
-3491241104274214009,1
-2467123140391899814,1
-7161690986495145528,1
-5970807023815231122,1
-3219534127243445704,1
4327135590629507377,1
1432289537304457309,1
-1374440847971329571,1
6342227068490049598,1
-1403837474762970942,1
-6563592579984532200,1
-5686926888577942880,1
-5031528559182170674,1
-968631497594665987,1
4965465524512239447,1
-435450194415580666,1
4896788514421755961,1
-3338870503332040708,1
3393697342355076167,1
4484703257583110059,1
6777616190364109323,1
5606603369061324392,1
1156499353029266308,1
-3310210496596669885,1
7786554345790689364,1
8972521467141273872,1
3881732273079624111,1
5331508083871584620,1
-5102963415497520569,1
7284997700416747979,1
-2708006430660979884,1
2754630481774293090,1
8818831507135469753,1
-2032449327368039780,1
-3854118280837329571,1
-1496892283385716760,1
-9119437057125821876,1
-2957756533831998451,1
-589908630083244762,1
-3288390406028571417,1
-7790902055877440033,1
7368371913070864121,1
3230210423694739351,1
-288801510169653525,1
1505173709973406715,1
-8573505655385567627,1
-78763382026097111,1
-8735590659461913053,1
1191200515417526765,1
-9215979679603349297,1
5436468080388894328,1
-44690620400485951,1
-786749435056188989,1
-4609355179429152151,1
3331600677221367908,1
-9018600571003085104,1
6715532582000349743,1
1567122427719021324,1
-2348048391076894159,1
-4068678380673857407,1
8288136969689440651,1
-239987208832935214,1
6715230243139117080,1
-2552180645172971064,1
-2289414350084945387,1
-4895355745740854566,1
-2614459614535530430,1
3126938031334398982,1
2011195451248227094,1
7167181736141217569,1
2903185501913697254,1
3425022311104079657,1
506195591676511619,1
6719351179141994375,1
7002190747593148085,1
-1797140866705828016,1
6692713738438853433,1
-527162388075456155,1
-1515572059367198716,1
-8025442326312589925,1
-1708904797572320742,1
-5198023296685772123,1
6352421816809722696,1
-6470176664259769850,1
6430796343343141294,1
-2345575372192046319,1
-2187091581321984071,1
7345321181627753795,1
-8091688282374858638,1
-8285257367029557906,1
-6050230507211062437,1
1126275638571502421,1
-5863894295114249427,1
-7450422289210862121,1
3708335361712853159,1
-2979451027829438324,1
-4465428243363714097,1
-1184932992257059311,1
3782578511891588800,1
-4121371458454374090,1
-4351537265040834450,1
5112226237299753168,1
-1260060744244478348,1
-7604431087490386828,1
8408943954035321995,1
2527429199316431999,1
7943850855385140579,1
-3820677919255528529,1
6964971615987880684,1
-4466702652495820237,1
-3981768003632737844,1
3957563937284364184,1
4617398180360318754,1
2864732706067704967,1
-8965019104610160923,1
530671949782351352,1
1798116698734997803,1
-5116311815205100705,1
-8983211691121067246,1
6410765909468314555,1
-3958310005343463476,1
-1535450095998138796,1
6200059317813371573,1
9042273358422260609,1
-4839301362941780866,1
6243979364138891916,1
1145827917767555817,1
-6158292892298150707,1
-2562200737549191440,1
5144337290777154484,1
3345225118687989644,1
574545350683690226,1
4982247591559802911,1
-5383488908491034277,1
3952480909458564833,1
4300858022691222708,1
3654539251751093095,1
-4905925978031841992,1
-6113544862675538011,1
-7323532401402629076,1
7281431670800959574,1
5980454886335008305,1
5566666020484675646,1
3087446893899202655,1
-2638867519623775076,1
1423091617591965397,1
-8117646154455284016,1
6124180484015119400,1
-8373775897008648537,1
1356876240477916495,1
5502343808151668846,1
-7549452511939429785,1
2474476249565669240,1
-1789316658333996408,1
-7730940301970271313,1
-2346981265803162367,1
-1496888263148799092,1
-2802523574266818726,1
-2119774518188355864,1
1596219687804700469,1
-5932074632592084511,1
5340346477712400041,1
8752130745496302060,1
6821828536095909425,1
1210555196995369237,1
-7612960899007048954,1
-6249511456869823060,1
8430372445941903976,1
3891557870491615852,1
2561604562068206136,1
5800028736987424265,1
9209785792855769224,1
6639483639798815482,1
-5053748805282306683,1
2084369372479911495,1
-3308987012488770457,1
1013603856960703462,1
3827547131961522478,1
-8882987453994035251,1
7680570650343258316,1
2272609858792109798,1
-7754534843999518516,1
-8093560936917068870,1
-7702639224456910178,1
-2539900897108689160,1
-4677622409557895337,1
3732410924205380683,1
1898468658146223530,1
-6128071472395852061,1
-5229254938925465171,1
5035496903709181495,1
9218771493930277304,1
-1168988728085854487,1
342323301459590039,1
-4563912516517107502,1
-6507879182110077493,1
7045376259076679009,1
-1273925083703777754,1
-7619000555842176496,1
-2348655789834529050,1
-2028181990229949505,1
-2600557800460372638,1
-6244200644406705699,1
1745941866601508204,1
-2344024868082860919,1
1040409437559421631,1
-7272598685862711714,1
-5378552385312941159,1
-666278649865217036,1
-4024974661881417065,1
-5192121719816110414,1
8365092036025950241,1
2392517016332584434,1
6185621532732237524,1
-276187496428007450,1
-1389032651245759706,1
-3140090157349622791,1
-1481010432231966121,1
-7115600371542880233,1
-4806942747982640811,1
-615536675679140085,1
7408479836605452662,1
6247364216290042956,1
-8437083016890116773,1
-5083346176207081092,1
-776752936454881410,1
1394827589030690446,1
-1254884907420994752,1
356505536388986272,1
6659361581657355391,1
-5263895337071418995,1
-2184601106433765909,1
-592847778441029387,1
-6084072316625716630,1
2974016430537546508,1
-7805388819944732270,1
-1967745636795589333,1
3819023266479729430,1
-1144700073468603681,1
4470249148082736532,1
357332129591574614,1
8308419831526084967,1
8070307689668877334,1
-1130584846382627216,1
7097031935829515184,1
-3260679705422344160,1
5475821565547084651,1
5010379904613325828,1
-8763856209867230136,1
-8936088930023938750,1
7018175129001941699,1
-6384993266320786565,1
6910319270833778336,1
497901947583667284,1
7838187336333022803,1
-8864208957917872890,1
-3795368839292718196,1
-6926823096142953965,1
-5167813162815031113,1
-6423597952979329365,1
-8606138157363226581,1
1809793464183617984,1
1911574909587964153,1
-4175734506888446907,1
-1104111599931557672,1
-3597131926754440329,1
-5854467557509065407,1
4152860303436301360,1
-1670164329530914673,1
-220743964942801723,1
8692772677555232304,1
-5751313990396898739,1
6870614677455111972,1
-1421811325702031193,1
9077000337112517769,1
-2519381993301857232,1
-7411953925394141036,1
-1415937767322094613,1
-3697191478823663762,1
-3892930179588461068,1
-7517077980839366029,1
8510448589596107922,1
3954649629860548657,1
-3449729190525545633,1
3403455012238666954,1
4148715866182358597,1
5615838706896695748,1
9216514651285908338,1
-6830012960462615371,1
4772324853526329300,1
-7427686679278627561,1
6667325676773254690,1
6514119600246119463,1
-5851547989367182355,1
4829364055567844230,1
-3779783733452883495,1
6290437840720301627,1
-7248883176631806260,1
5308925227699727875,1
-3352757334844551588,1
-610539977523574993,1
8876436907131804936,1
2829164194101046937,1
898413229377343705,1
4615184325265067314,1
-5979458692279365550,1
-8293692565024382751,1
3521394641083053357,1
-5107312213971099694,1
-2279809817695066807,1
-4938264732707539237,1
-5747355069844004782,1
625088358739550996,1
-7479339789222239611,1
8102225821068614120,1
-445909249749043657,1
3497490192976832160,1
-839026611988795501,1
-6728360409011592830,1
-700164257814397642,1
-7661769614103200028,1
-6259694795059319163,1
5709574797680100705,1
6684860359724777951,1
-1159972123642577261,1
8799756759044419420,1
8685415179473729752,1
-8730942919385775747,1
-7498946740481208831,1
2282889295010226269,1
-4669806994920884090,1
6091935600555123392,1
-1958134091716084038,1
-7631582854349702964,1
4816693947369848858,1
3874799750347141248,1
1334331431435233888,1
-1851899407569805157,1
-8168886641850504627,1
4505093179902459422,1
-8650756495222450652,1
2576367680717606915,1
6822507895786430570,1
-6553224280192638048,1
-1950445419906893157,1
7086927797121903267,1
-458676897551836251,1
382819607183913184,1
3698023520706835528,1
2503927878974870953,1
-6106641719024638661,1
-3565095409546945291,1
-5443982954108049597,1
4226213106970170684,1
-7923004781624102909,1
-6582639150239048250,1
8134851772878279039,1
5460792441218495270,1
-7491625434331180199,1
8691487638676264094,1
1634926643650234255,1
-6946373605243037711,1
-5686541036053990250,1
1598304874514497653,1
436920846143917922,1
-1369883256274056259,1
33359601170816735,1
-996321347403318726,1
5325407235752678251,1
-1402636030803085883,1
-5608481190501808941,1
-5184405891147740470,1
7468176965764127513,1
-1198193314466871742,1
-1864305957811835526,1
6365604264487656847,1
5709229010191348547,1
-475038469635494378,1
-106558149536187383,1
5080424226558471709,1
-4208824333860158192,1
521387068090147193,1
-1239589507153388797,1
-5087307778179875699,1
-2469214118038164974,1
3593586601282808663,1
8785278491225272270,1
-7517580347511959275,1
1985235149093943207,1
2351183755083271859,1
-4226782315660562362,1
8912100992658080310,1
-1569296272161682395,1
-6166561863916543345,1
2100344396213648614,1
7049756768590951398,1
-6081141061144744313,1
-673884821183167206,1
-1112614222923285794,1
-6553360789257877356,1
-8007891548811638870,1
-4997133922407540635,1
-639229390677314001,1
-2648686841088875646,1
8720990687327766621,1
-2113191719798396206,1
532367645785199552,1
6802300149131619017,1
8815630462513719895,1
-5824170807540911980,1
-9038171200764576171,1
-5171861060172184344,1
7217733586648456856,1
-2921478507484067608,1
3894024580050622684,1
2901930408223402805,1
2711627772917651488,1
-43137085272922499,1
4744116782062003460,1
7831999337914403183,1
-3069391186050783485,1
-4496290584662197258,1
-1957300161512115314,1
-1830633941241303323,1
-7669665187448195791,1
-3879400388763606587,1
-6331321361468366718,1
-5787239990189236263,1
3640684909173401613,1
-210394552236834614,1
7274603071008838728,1
-7546670224061457556,1
2722341706567418183,1
-3110273562593938479,1
5079900712302209747,1
-4011421594058327182,1
-698990991358374582,1
-1761571440678245190,1
2241195866603241760,1
1868804222429292384,1
-7999495534250502799,1
4571274802243403460,1
-7261913352231410727,1
6350611834115157807,1
8558890276467678632,1
-8597650333583979332,1
-4471754900971466739,1
1068179858693084783,1
-6710388974530320703,1
6362920489955474423,1
7621259820872268802,1
-5431166526126369925,1
577756160243125450,1
1479091619978897718,1
2867559421894025792,1
7708464428598254938,1
2157707872351467549,1
-7252707395524348924,1
-2977360632192801428,1
-8200748569194351269,1
3440514212724281305,1
-3230982745453914228,1
-6912453561492027779,1
-7131862281282781711,1
-361124534945084469,1
1586674379525290792,1
-7064071020850574615,1
-178239539056521234,1
4772690294614506700,1
-9144997951492992360,1
4793777636027805572,1
-1305465848082997103,1
-588548221976361172,1
-6374857425443208977,1
2552034576985958659,1
992809106523427922,1
761153747451457367,1
5268375159446583115,1
8211891125803901167,1
6208302969870804246,1
1134594677394460707,1
9126071747697558358,1
-1992979553513765912,1
-5485217525612830899,1
6385427850004546366,1
-7103442744833073959,1
-7670268800048859218,1
7668456197283808824,1
-6195045596393257802,1
-2981594644592268600,1
-1107089682092365241,1
7160792322046476473,1
-4824137835825523899,1
4569493348522795322,1
8625179184791644801,1
5307548665114767972,1
4429890835720292103,1
925307415574495210,1
-4992582698988932308,1
-8160748818111982804,1
2911848018513177378,1
2650919746175301117,1
-1362916672878082213,1
-6490519618058427878,1
1976795405840028032,1
3845019983826480217,1
-3368945025750974700,1
-4514616735591428553,1
843109109297665184,1
8956565613705559011,1
-6008528746674349926,1
-8382316052637516992,1
7519169748465453167,1
-505564530527488957,1
8937199255686415109,1
-6273655414541573239,1
-6484216902510242603,1
-1125233368977869048,1
3964847750194266328,1
6283007029580624949,1
-3284246189228313813,1
-6750979130713724504,1
7119570422321643795,1
-7587317265248453429,1
1906097424937069451,1
-3623181601654105425,1
5626460769927276113,1
-5405447981609891951,1
611196668876811795,1
5298134275825580834,1
-4096466890715849673,1
-5677145265253806655,1
-6385694019746806020,1
-6150644304653737829,1
3137448525502370527,1
6584346690626082253,1
7370345452675602597,1
1755584124779460093,1
6458821565904726672,1
3354265281240588482,1
-1861471598976159972,1
-7973486091154997442,1
3652190830788756240,1
5314896527105911523,1
2925864049789770831,1
-5493492162448250423,1
6304004070219221185,1
5506399628533041884,1
8734620873650010907,1
6298108476563932821,1
-4653434115035267275,1
7210401945607134857,1
2429622204123462320,1
-6881996163463465172,1
-1033873480091479189,1
8786375063743658764,1
-5871735936359933963,1
-2880626444544554441,1
-6593539566116638436,1
6394884170576100823,1
873898699271949979,1
-6628764189316257656,1
-593813568827199161,1
-3433133278981270781,1
-6461168522062650202,1
9112483736684848107,1
-8622219925727474639,1
51035433417728940,1
6698944309912803216,1
3578808473226493995,1
-499511136164237753,1
4259703308550782679,1
5863728151443072854,1
3180599371139572931,1
-5434304464330240793,1
654376996829145293,1
9089273322160297129,1
454614819551147118,1
5620417495224185778,1
-7177014616680108843,1
8897686725089197451,1
-6254429898862144615,1
3666287370233695800,1
6561807050264054979,1
5626265416540273043,1
-6697065443468688773,1
-2280211718273469457,1
-1249891051215926467,1
9145657139364371499,1
-783949265750698675,1
-5555908649913273028,1
6654217413213330044,1
4771423139018192242,1
-3140446539214003534,1
6348070316457767000,1
7887174938824365828,1
8911121388003025555,1
1494235344510801816,1
3146291393271479987,1
-8734468241744569880,1
-3580117437753857967,1
-2934249470826926760,1
189187089810403591,1
5505779363132070565,1
-4456969702314709572,1
7427320044269564693,1
-3907133292655159289,1
-8230325022243082183,1
-2024547417016212268,1
2177853588473355610,1
2014434167102390684,1
601012264998063357,1
-7763642882032824561,1
-333469903126771035,1
415824107088308642,1
6007965706071931434,1
8455973501198179748,1
311874057167059862,1
-6797312169664384196,1
-3051470071668567905,1
8229840446710350493,1
-3584166029121943767,1
-6532223729794869175,1
-7495113948470800533,1
9215741593508662032,1
-8387999108950763980,1
-7284084020771594677,1
-3535192759486630790,1
7030204323960111268,1
4051451801130784989,1
-8533859001322495691,1
-3206783800052868921,1
-266086550824799521,1
3689464304281124139,1
-1952102627834538678,1
-6537250224612344580,1
-3394996214926511440,1
-661534356569699932,1
-4637427191099988688,1
-5899114966465063448,1
-1373074739896323249,1
2154485440620576007,1
3225038346584118447,1
9067367800384752437,1
7725784849810369467,1
-2086929053725806971,1
624730636341147636,1
-2349594365751772643,1
-4151214537356068677,1
2919072591094453032,1
-1722808284077236074,1
-8687420480110869680,1
7796432415217184435,1
6166799314671812546,1
-5824678884937292303,1
6682243638216567633,1
7931464100790840947,1
-4195937753243707483,1
1917511667824648186,1
-943746114615463993,1
-567436200251155978,1
-1541364239698984894,1
-7836964279697297544,1
70881751757879873,1
2509684354567276524,1
9101028011894323770,1
-4292851519735766995,1
2481389768510569151,1
5927164147081285970,1
4610637306918230724,1
721125682682948197,1
-4997752176778066379,1
-5330219622431539780,1
2159524520319228422,1
-7419531578521657643,1
-7352150067766840729,1
1519343894078999684,1
5063703039649685515,1
-599867909485621717,1
3146259620163004198,1
7066331477769637929,1
-2320426076091933448,1
5746251631392997925,1
-3914360582007860820,1
5009242295198002191,1
-8484164237505045917,1
-1331010142848826214,1
3297168101729944782,1
-305692966523607660,1
6076179421264156577,1
3729245384996805103,1
-4240446777253345788,1
-5317883158423642129,1
449071936159205357,1
-6841714519950584438,1
3538102639848287283,1
-2471205642942175968,1
8342214196983438053,1
-6957715903401172375,1
-3399107816802001670,1
-2680706843150808061,1
-4157182827702642447,1
-586556895590718157,1
-6904611703541952934,1
5690992264159546044,1
8344936644558218700,1
6012136847928970656,1
-6971358931466430239,1
8691409411241952049,1
-7460951645782095182,1
-5108849334308769098,1
687241529305681563,1
2399945345856870702,1
-5083637601827677779,1
-2767045594642538174,1
6284867207277777431,1
-3849327860955647097,1
1609209154690200184,1
-6577831963880786938,1
5497778730263221776,1
-4981970453837695325,1
7917184724101055754,1
3458480129230176985,1
4522337436666713480,1
4716662497823509005,1
2195808262469041022,1
381938518693471002,1
-7429776759135144015,1
9002258655827528025,1
7046364469727492858,1
8420886377231119642,1
-8146194582350125376,1
-9169277307456760784,1
-1683298040231416900,1
2727825879141993095,1
-6614126210500121079,1
7042850503094869613,1
-1744710432833141654,1
-1467420221063557728,1
8082821774437699127,1
-3633424881439990221,1
3278077616570673417,1
-5897078708795087582,1
6260815471843740248,1
6729721844991048593,1
-1592185856653100214,1
3705974908101185296,1
5314298278776202275,1
1176150267491845746,1
6535547784388573136,1
-2581968265116704445,1
-3157195453345997689,1
2530582546910992524,1
-7950481653732359101,1
697867559251219081,1
-8678642751267175787,1
-2384400050064676210,1
-4138080081716151327,1
-6396791734461785544,1
5085238349972012819,1
-6769199831507017667,1
-3822932740983138068,1
8111225649512314016,1
-5648364884012191844,1
-6828970206379151009,1
384176187491412535,1
-1594879392178461803,1
-4492612672962118830,1
4208351642297907530,1
-5203186977262292062,1
3640141376841625908,1
5346121163215874593,1
-6638236981976859211,1
-7048359941362886073,1
2436886380364193262,1
6835575065315539782,1
-3338868144393061048,1
-7652481319045913933,1
-757635695415739887,1
-6736326656891306949,1
-6925432427429502354,1
3432455684918604813,1
-6287148610889564628,1
-6316660346609776962,1
711078955570236914,1
7763460608594723780,1
7028607590574687958,1
1709508515967607415,1
8278012461656125577,1
-5369564514121120365,1
-1430057343297980558,1
-149340417012483437,1
-7164418075368622256,1
-5841866468757102418,1
-5314192570376242049,1
783696869505887856,1
6721456542009278860,1
-314306205181198577,1
-8826390708184327112,1
-3919291646509963821,1
-1980913421573990089,1
7133468267686737543,1
8066808919633620013,1
-5786970288685690637,1
-7698679354596932949,1
-8860563712400388606,1
-8379539053689045110,1
-4596070328338600035,1
-6724141570794130069,1
-6361525714538045688,1
-5116840369998602315,1
6981487079669060871,1
-4809770149533074111,1
-5319549866077276975,1
8752410822020056850,1
5606795362415560553,1
2997985191844421944,1
-4662612164123406111,1
-5746846832628950989,1
-6510964432272425046,1
-7271037782730844561,1
-9078662447080544377,1
-4101214195170080363,1
-2701921852563075819,1
-9049534849371603558,1
-6572791492900873117,1
-1452738532168934946,1
6294099397554651724,1
-7123775211989489280,1
2507015937047572824,1
-7935740087032889238,1
9219679875334913982,1
6463029332108566221,1
5781063847241855815,1
-665902222843638123,1
-3880600920844397178,1
7946753830289177330,1
-610856729655620533,1
-2029662387454710231,1
7758426877747969918,1
-3604032268284992756,1
-1712684938282433583,1
-4769305178794751822,1
3542613666605884265,1
8076102737436509901,1
2153215006453605111,1
-2113252322537951214,1
-8576589009819821383,1
-4302016148605124910,1
-3602367754718868977,1
-6600782496922977132,1
4856458011079752843,1
-6822812977460178920,1
7863532792210696024,1
4705311073450673819,1
-2736063863245762382,1
6717528678681503196,1
9142486639456139106,1
861267235389349373,1
1825184103180520483,1
699131733875815779,1
9167296791566982810,1
-5124440755982571517,1
6324093418688197879,1
511233188033905636,1
1130636383960922297,1
-5961063948203208748,1
-205613016865239655,1
4640203230417594848,1
2113151185857410738,1
2068951793154412705,1
8351583321842620863,1
-4748983559807440573,1
7893019496591891006,1
5999818525996776741,1
-7068435683687224966,1
2433641719256757723,1
-8798559554227547519,1
-4649603941420455419,1
246443713325255726,1
-3514001423866779982,1
8437822017785716371,1
3123858126273453609,1
3122145631694586892,1
3582232710179207420,1
3296574186151515117,1
-1853304510535373923,1
-6501308285689892250,1
4150868817241000067,1
8319061061318486326,1
3401159377695368567,1
-3225120317087163299,1
2127144974677236094,1
1461879857556265244,1
-3905246948766727065,1
-6314193951675115736,1
-1682580285651407724,1
1310753488430981309,1
-9197673035432153817,1
5453397803094713980,1
1729607970950178089,1
-4772129434759324597,1
8552394545990254530,1
-7304504727477091415,1
-2234015176238991355,1
2988829580508508756,1
5376255995961400525,1
5258813943276829575,1
-5139510499753508327,1
362938250426584249,1
-219606242477725796,1
-4908427464444826523,1
-6312212063813484177,1
-5990735052857466210,1
1787613124287944898,1
-6693825464908643389,1
-517062568064627293,1
-5389942528400825347,1
-6500946611143825743,1
3167832330427188635,1
-4295073763489935726,1
3112413080778013141,1
-1836254914145782468,1
8262014820430590680,1
130265251497110949,1
-3433433428069958850,1
4644208914195497484,1
-8560142564107263158,1
-6136945274694234374,1
-2461510967819892061,1
1244784540730066524,1
98160931599508476,1
45205749086085272,1
-6814039148083241409,1
-5455518175055380229,1
3289000449396606846,1
-3137830071550714549,1
-5908014856333641135,1
-7340524760596838050,1
6103059554381114184,1
8531001154071029287,1
6892066688867206747,1
-5825148561806050663,1
-248759203720717773,1
2602923249176418763,1
-6112835453179035780,1
130433458721254340,1
1278235961817116742,1
-7489880303741389402,1
8209166535940236105,1
2435622486320184723,1
2615026497720123660,1
8094030131587114457,1
3219799329018225854,1
2555780931177593315,1
7803454704958065377,1
8560283848095025860,1
-8196933492658504852,1
-7827991787902236084,1
3279602188907986881,1
7457359090523933328,1
7471538703939128169,1
-7361654698232606958,1
-6330166340648909838,1
8107116740661902774,1
-3001055382239098381,1
8309127047761029194,1
9008568163746555216,1
5792405418618273469,1
1559688076006730404,1
3593219912779927822,1
-4714317711292267363,1
346154721336919965,1
-4051720738640750752,1
5020409021638970022,1
-2203742095155787431,1
4982305330579687116,1
4444124459858246355,1
7559839126983956483,1
8859330473142613544,1
1476230704721746215,1
2356458629612579832,1
-9168348899855380407,1
-6500639167081211924,1
302730377481295267,1
9214251784481800255,1
-8523861289834113248,1
-1730963014492553673,1
-2352974150489271374,1
-8238164012658331925,1
6618173234285774683,1
3002573795522454089,1
-4674690323017799022,1
7224127127371188780,1
3259752470009282586,1
-5283898297823619478,1
-1053329887976013325,1
-8929650495720191512,1
2153886023006917078,1
2607238750027816571,1
5416060362311771255,1
6165690927802113371,1
5096754890122141360,1
1844916980397190850,1
-1350755128405074424,1
-5890059079401473785,1
-6205465045384603282,1
4965830220846162938,1
2968191373478817799,1
4100422620531190519,1
-6465696569758101851,1
-1467491202915826796,1
6844895689301099317,1
7783736304813954868,1
2766103256008861936,1
6419008372182606722,1
3236544964790928308,1
-4903381192851192145,1
-437333318575843191,1
2536086806082948318,1
-1606730050938976575,1
-6520189510437299474,1
-4478839611716598353,1
-5743913455495662224,1
-5978302063361538232,1
-8565626477476787617,1
8256517500217906432,1
-8834404786156010273,1
1376362757775306006,1
-4852688286808627776,1
3778891966944719071,1
-3461502723926708965,1
6582720430827023969,1
5929918021748728602,1
6074414094562586063,1
-6797897788673856820,1
6002662037810739407,1
-3906839028677597803,1
1317956158959915070,1
3407502480578544990,1
-8272771295484509774,1
7409668228349275150,1
5586359274397353324,1
6714994624932934937,1
5630496350617294176,1
-2996037762003147813,1
-5018717867590506546,1
-2680147708539516982,1
-3158452310830323053,1
3839330652693057033,1
-6112538695913644191,1
5712215972622823561,1
-6597079228575825375,1
-4937267490785317134,1
777592901163270427,1
4143865626805624484,1
-4014676501470821281,1
655889250124209254,1
4574965538341669709,1
1082864107891259892,1
3525297056480174772,1
177731065789019040,1
2523476814084263460,1
2647741914665481927,1
-8848599011620641500,1
-4812956685435109183,1
9017550148018181162,1
-325200440566944445,1
7221569681493088978,1
5513437171570721812,1
-4816698864811610700,1
5183776004366157021,1
8917554163137592239,1
-4412870122991569232,1
1179785309124111540,1
-305503515289251292,1
5147685673845797243,1
-4009844258037779799,1
-2388590482041048614,1
8172045047333789820,1
-8563025256942344043,1
758466297147202945,1
-2617363409147994331,1
-691830337579387188,1
4827875022579830747,1
-2667154982674259088,1
-8865270244049123376,1
7590170922890760574,1
-1877881424548328089,1
2866559492747520937,1
6238513529373246836,1
-6578757103071880865,1
-2516137207381331384,1
-9044464559887960925,1
4797911764172292847,1
188515748730087317,1
-7651572082532562457,1
-4267573182310778374,1
-6479971167528056580,1
2038351273322096403,1
4202606308871295174,1
8904142238117582981,1
-5933390487946558707,1
4099983465164080005,1
2936775648895098385,1
8921031926949305292,1
4143280388536627787,1
5887072785013708813,1
-613762730211386419,1
-4544300933076634395,1
-9194254327491862638,1
6444020162000145979,1
64057418669730201,1
-7901993646963887394,1
-7862764410243583332,1
-5909596968322625984,1
-1622245431343504320,1
7915697369787867301,1
8253574796721166588,1
-7371602816641998133,1
7191201317070530184,1
1768717808020302399,1
3622965417569414153,1
6484950926022079645,1
3738257379654834829,1
-5024512781993730805,1
-5609887535929372575,1
8424058827493888798,1
-2476295708227446859,1
-1459017870464214026,1
7864151041551944624,1
5232659723050034553,1
-2969600652455932163,1
-8131249290780393454,1
6149302319864217834,1
7405200519733954285,1
-8831585639971094144,1
4831038780336151493,1
73685102310208940,1
-3116652458220311383,1
3704597314022809718,1
634270468253429286,1
-8922579375093334158,1
5632324228593428010,1
7453623242355204200,1
-2895408150607379487,1
8533147255940334969,1
-4247423698334807886,1
-4965007828512240068,1
-6807610002028092991,1
8416426440281315543,1
-2026990207996536166,1
-1300619923475953789,1
4248942396002764730,1
-3723486211563303362,1
512764620060240668,1
-7520870115143708760,1
-2199526176647144907,1
543892172899339493,1
-45865152161582803,1
-2581442934508301220,1
-8955651393572336326,1
8806732120769351379,1
2171415112860698211,1
-3312017213690233668,1
7875092517637995595,1
-3294689053083212154,1
-560520318684114097,1
-4063326047398059283,1
-8067265245229280703,1
-6427952539550128233,1
-2388573045044084221,1
-3034611781491407102,1
-6723692324064745918,1
-369775894120712881,1
3764106160997483009,1
5735302111830375783,1
410018967753599328,1
846101476642995034,1
-1519578753695041589,1
-1284158427548495149,1
-6066421399970836880,1
8969550843387426052,1
3003258805802123530,1
-7508454278098710912,1
4116698480472250499,1
8072353037828784720,1
-4734069134471309160,1
-5342663628867900240,1
-1771136470885631011,1
3534072025115914655,1
-8168616229996365125,1
-745830800356205337,1
7680511202674784558,1
4953023549961271070,1
3207753700364326584,1
-8700965996878272595,1
-6438956590063668711,1
582868625778393492,1
7384605246258778822,1
-8981698121667544465,1
-4654528129268600216,1
7833331726851197878,1
8875775172688746262,1
-6734954677395292793,1
6575374015559476968,1
-5927482021660149883,1
-7846214724583748067,1
-6770831107462403886,1
676476059276419642,1
-4908204178056187613,1
2047333725314762056,1
9081617984086549864,1
-3279649769838560680,1
-4894628299164962589,1
-4454879896677020912,1
-6360686575879680962,1
9219061519960000760,1
-418126008600200381,1
646377447787590079,1
-293289504585803056,1
-702368893921853534,1
-8758981260298453074,1
-3172625927377214343,1
-773420012062343529,1
7917529503767949477,1
-1348463306398281395,1
-3871603086297085056,1
-3505792328299990383,1
6242445713817649355,1
-3016466942328788195,1
-2473184496506328060,1
6587465796868207483,1
172147505361315477,1
-6833009851940856103,1
-8908626116929857550,1
4721479211954792423,1
-7233204118086380674,1
7537997679058581277,1
-6924888895084945013,1
-1574940151982547231,1
-4397886987075489574,1
8267011482628313267,1
2033330721340771543,1
-7548355808337727627,1
3770564623882379535,1
285737769236131023,1
-7034594740653210990,1
4579780588474636691,1
-3215041736366178028,1
-4059069686140819597,1
2378805497443608726,1
-2584253519980823776,1
-7568270094983996134,1
3255160186265909378,1
1572015094169569342,1
-8915133523648988505,1
-8769203403184592162,1
-1752981684077316846,1
3894204564200784333,1
4353244491769990559,1
-5425263142138031659,1
5788057539401675884,1
7142963272666037845,1
-8461496562521140688,1
-8783321700001350522,1
1670174360764752726,1
-1566512526422031085,1
-4334641096284007095,1
-5145458295512341379,1
-772042838771440471,1
809295753261086168,1
567216430011570921,1
5202848138706050126,1
-8838958337320294838,1
3786443170163841881,1
5590312254826668344,1
8927257937268526714,1
-2477726977274608578,1
5072343806354079545,1
-8227336213114570551,1
1568392062908906027,1
2384141329072658790,1
7731317135396169799,1
-4810150215185435640,1
-8851694435334793735,1
3616971035223978197,1
5033740353529530889,1
6971990624866615080,1
4113843021742719967,1
-6982524420247796030,1
5604249785869176693,1
-975585620309661503,1
5474012234751623528,1
3102534116434480507,1
3670579663244806114,1
-465293051145613350,1
276202020015347108,1
-2684359688616164877,1
7616764701382224506,1
6305224277370627095,1
5385828411076735618,1
-4023029507003209716,1
6882668150170026185,1
3897030973940550844,1
-1866990588170212059,1
7942397300832117259,1
-7475468977408216121,1
-4381095156053285671,1
8471998329416957511,1
5463643497922161074,1
-3455268862915331055,1
6602540152162510200,1
4597088898819205280,1
2208776333909663670,1
-2110240891833660707,1
-1137185682255571700,1
6405064265976643994,1
-3591115437683468215,1
2480942931680877190,1
3561646441202557069,1
-1917200113834969060,1
431057188312373169,1
-2256810496123696674,1
747295948642886759,1
-280207254570138766,1
-3363614132247111022,1
4418080166250680990,1
-9214416440517268322,1
1610220823476722965,1
-1585898686569107897,1
1553065060138376838,1
-4197742105536166374,1
1409999645783660802,1
7915848104831387690,1
-2528606897885027245,1
-5998760336025649471,1
3701104625215288912,1
18823035019313218,1
3434679262192142650,1
-5788107627410270218,1
-6770103557414502981,1
7773911306025715865,1
-5979486516417100192,1
1967835578407914764,1
-6430201098834507972,1
7354377552910672490,1
-2599755747846401769,1
-6661030284192253989,1
6318093394403125191,1
6353635870437835520,1
-3501550113697175725,1
-487242464386048741,1
2328065479136920911,1
5262961012371890390,1
8360469262810664767,1
4346519264495533962,1
-7782180025050258454,1
-8074972862197149484,1
-2590694651607638949,1
2633617601759602363,1
2097862216976267935,1
1389450152307170216,1
4499721769300521158,1
-1966527153254834417,1
6741234164865623813,1
7476056169918092790,1
-7184990440901624854,1
1955647101972512474,1
3853071453412294876,1
-5531760956821308562,1
8995946566215877620,1
1191417847835495745,1
1608932186437286846,1
-7768029884060960170,1
222417375731088950,1
3701142002796793997,1
4276865221935754577,1
-9199144647351457621,1
1347898585377151438,1
-2581526750114592234,1
1643109828845888928,1
-6441468092941743766,1
-2376055103601712541,1
4398379817207486448,1
-7968049935231333486,1
-1125259319889332226,1
-8284201637773291835,1
6727422402871423405,1
284487335420849866,1
4327707500992990296,1
-3463908567844710895,1
6920707311191726962,1
-4453374852783421371,1
-2491794164897166203,1
-5404699685047400749,1
7534401197753001376,1
6676369227351864826,1
-564622243796539789,1
-1310928429194308441,1
-8803887535585949681,1
8842163824100198239,1
6771062612703709898,1
8198961230910965823,1
-756472851853298451,1
-8069706220210839598,1
-8710443564916542795,1
-1987753254401910751,1
-2228421675524377628,1
1868273714002213913,1
6832159592777993472,1
7779808708810608516,1
-2576833497122653322,1
4446457370483477506,1
2756690650231609138,1
6615390383151633187,1
9098547966123869610,1
-7208057860782332462,1
4541085168230590799,1
6590439706020958996,1
-2311225624717255813,1
-2751294859490917339,1
-1327872764342565126,1
742077187106424973,1
-4800585916282929996,1
-2156546235925847245,1
8487511339404834615,1
1437338314629893574,1
-4746712059527197625,1
3050845604138492637,1
-9086252377125108462,1
17160647159310843,1
592884610915581395,1
-6932055945271704215,1
-906246980042170507,1
-5339116355574609506,1
-8225678193158799169,1
-6320213141979022798,1
-6572223269941474850,1
8684433090390067866,1
8827087454282468293,1
-1311534545914109322,1
-74856650906726029,1
-8856768358515857725,1
-8536502686966028659,1
-2430639272858422313,1
8820891468140451931,1
-60778240201941646,1
8052826909158761658,1
-5139815356992407027,1
1153860059624337468,1
5529995233573088503,1
7803950986474641759,1
3072999131112349181,1
8099009157451085459,1
-8198619689675921414,1
7467497410895066195,1
6751661976895440087,1
3001422356124823323,1
-593209092992338764,1
5306256387122914506,1
-3787078603656714727,1
-7857336993201044510,1
-370218676860988815,1
4172432178604244268,1
-9013597134523702644,1
2313979918017852179,1
-815978702873364208,1
-4505338051673506380,1
4414721526152356210,1
1599945996354944536,1
-4162376404654776224,1
-5145536505737520518,1
7092804082160534451,1
-7648058670080109369,1
-3376562236892717602,1
-1478345768968385827,1
-5263058932756513284,1
6333681355498668988,1
898522685907161932,1
6053401370548660125,1
6065157234636787516,1
7243146918669979294,1
-7417242762814889486,1
-8145314783580287543,1
-1594203944622217395,1
-3474519348758706579,1
-3636105644322517922,1
-5635334046147251455,1
7492313169133896777,1
5665916671671186405,1
-7276612648026053526,1
2983116632810932265,1
6360201886411381579,1
1652061918640484100,1
3000041203214245318,1
-7269365398430238638,1
-3582887548112674168,1
1907330830654748851,1
7756374993738007547,1
-4658150725028480736,1
-1439004557022393475,1
2007795414370217753,1
-1718277714010455466,1
8512569918587663325,1
8865973433706387859,1
3540643843213251892,1
1526097589955950035,1
3121473513819893326,1
3848964196114585680,1
-9109298378789687485,1
-1965413757154164590,1
7573663793263318698,1
9107075693988385665,1
6818313687370036359,1
6337953423243871991,1
-2582717428920290424,1
8999102991441628212,1
5184664009710946556,1
-1670868279274787745,1
-961580635633304205,1
1386204566777892589,1
-6467435962949492902,1
3944848905533303706,1
7977545290259476156,1
6870348506235899725,1
-2000898815947118247,1
-5769831726087010841,1
-5966791238123385482,1
-1430058787500432653,1
-1903390433287676780,1
-2121789397851928265,1
-8963792735327381771,1
-6024111383954420424,1
-3466692683312693397,1
1762814294214427450,1
5346786156124795225,1
-1901231835667820654,1
7810801533954206870,1
-9011479091991526110,1
2882068142371134555,1
7377517096911861025,1
3588423019700734266,1
-1389660609656699070,1
13587811232312289,1
3091540388500437199,1
6089939521370938994,1
8739897750481043867,1
5663940788894005324,1
2986848688984216711,1
6769083727557197556,1
-6695376087207803802,1
3509099686430689130,1
7862972064673210941,1
-5818812559881513869,1
1387036735521930084,1
3847556133725063573,1
3118691221602050626,1
-8851436221296942985,1
-7421777665136836284,1
-1691830093769406885,1
6606737063869922896,1
1739839611799571915,1
8878548958329764299,1
-4424046087604663479,1
-6800276145552465588,1
-5801879883828925855,1
3032449738613853679,1
-7671068220947555625,1
-1192347169792898033,1
6127081456745129752,1
6530313121543558013,1
-6980996559459960620,1
147590527393451748,1
-118557180741266780,1
-3895602799664109179,1
4625347172258569737,1
1841988934601689924,1
-4277142640339139312,1
-7603759013114842174,1
-6106385059461232164,1
-6485639176913700926,1
-2307901405028282639,1
416312133657203159,1
-5451183212438048970,1
1935688365481574986,1
-8410970465965929282,1
7801541116075361276,1
1398269172734710913,1
-5602326047169389825,1
1774356167849526861,1
2181648304665185856,1
-407007151912507988,1
2747590969469637979,1
-3154514650922871610,1
4336022987777193790,1
-7172751916809553610,1
1814289408383032019,1
8976786158095921837,1
-7235293786086287974,1
-3903830155440159561,1
3767403939423382698,1
6112641494880834121,1
-7938862616022018991,1
-362085191071222637,1
9146076441489644447,1
3186541650250176804,1
2963326724756910466,1
526401993668905521,1
7055668393049945928,1
-5447058523555186463,1
7649236539316890186,1
1727756821309826239,1
-501878334913922778,1
266033699697573257,1
-8765573129999602262,1
-2616935145685475381,1
-7077438455815360478,1
-5977533623915669356,1
3995800107167947192,1
-3629963688452088915,1
-7522795906561230297,1
6411489630616359342,1
781473895385399010,1
1633476026233906148,1
5484747290342350170,1
9172976308043573943,1
-6244689212638909495,1
-3459640517542744680,1
-1315952133431856514,1
1637247771686994067,1
-7856545464274483422,1
-3498735114960086667,1
159849610105977269,1
4148333002685879323,1
-7523569413329263223,1
-3257844914682688943,1
6524896592817133883,1
-8905497000502334721,1
4921350873247423391,1
1791305778840847383,1
4078613247074725941,1
6987085011020399690,1
5504538367403348831,1
765043863465575683,1
5551487762108292267,1
5181920986720362051,1
-8400085301917095302,1
4725972610345374003,1
1720050454637210418,1
2993084219128442969,1
7847152838969147442,1
6553260116033414883,1
71900688099283663,1
5326278686391336995,1
-4658532979416880739,1
265032910364091457,1
5628638921799052259,1
597229131646420978,1
-3394904366201699326,1
3266431094825724743,1
7145804651107856930,1
3249276712835647665,1
-2652370736985781647,1
-8314324715275215876,1
5417810363994690474,1
1189825673565208563,1
5802196504688710299,1
-4539366189571484540,1
-5067423068255613562,1
4997249160117097715,1
7756186258274965028,1
-3156014394925887028,1
7144071605389260896,1
-3680231888476612364,1
1373190822779159578,1
-1738645601365761059,1
8908827440857234195,1
2354706302710838943,1
-407494943087537433,1
2057176419443939842,1
3129245722671762983,1
3594172510054295574,1
2154652814017470162,1
7731202293056429383,1
2703860920374901941,1
-7079803266642038677,1
4949409492741491919,1
3921772143220501282,1
4153338885360734577,1
-5614245931956406906,1
-5189279911077699588,1
-8195922164321257363,1
-1803463545043651286,1
-5666558819745271363,1
6103950889175027526,1
-8357146194457665465,1
7572882650932457085,1
4390575362868016219,1
5994235170955388749,1
-8707025177467470806,1
1506277533456443735,1
6025017682876317908,1
-7371045847649366349,1
-2761714132636290798,1
6418191258710283653,1
-4424717198004794141,1
623973386309159594,1
-7670021102705091582,1
-1679013306014927675,1
5094027701370978261,1
6573067662947591618,1
-3492559902021112417,1
-4323109826758401995,1
7686677260132365224,1
818429184944927033,1
-6867724865978333558,1
-6826508737895802817,1
1789993436169051013,1
7781731856982784054,1
-7230447403536543396,1
1962990102771168295,1
-2308403084671178184,1
-408683097126445408,1
9041250922984186240,1
-3197910498918829387,1
-405183215553851248,1
-2929516786882079369,1
5103250355169257658,1
7231473510948795873,1
6068449960235073503,1
-5571130393005348543,1
-5012205683019466523,1
240026466305603518,1
-3784204159109182978,1
-2277737958101737204,1
4188541577628550711,1
-8653728735619195945,1
-2829785088419625995,1
5307144717668748310,1
-5661232557135546848,1
1157713064726524316,1
-8656383138702866481,1
6093304812812343484,1
6747629655465679909,1
6957368307748493269,1
7483106340130584420,1
7766427941965261350,1
1526205460862673203,1
-2137607862222467363,1
4765391448435986145,1
-7107827018534626300,1
2100458278904289559,1
5540078216028594444,1
7909460925701970858,1
-54220976802843423,1
3288057824641914964,1
-8532770372104161841,1
573142782510537565,1
104151177043326531,1
8306661148734833426,1
-7071889970427886975,1
909186133605861093,1
-6663169998745612060,1
-5957547538498267013,1
6845806857646640942,1
867266876986931870,1
-2633801789760386558,1
-7287923054831931968,1
-7865359247525561548,1
413606779101667534,1
2664829184005259707,1
3214651541986968334,1
495812022782603061,1
4939990546981767495,1
-8538987354152582897,1
-1342140102134320947,1
2558706648619362883,1
1145981814263479798,1
5349601579442292489,1
3551723766251757163,1
1988223842273700235,1
-7347657163788187128,1
6907897092792082706,1
3916746229372091625,1
2703797906283751617,1
1198833709839661076,1
7791086755698261217,1
-7599133298025383946,1
8039951366921036686,1
3035310128006823844,1
1327709179609450952,1
5353112112647010195,1
620423837047622295,1
-6422838700433497351,1
877019567882060918,1
-4471896030074333749,1
4251739299434627224,1
5581964403287738957,1
-4715467902841967528,1
4590501283178108986,1
-6858917098057925968,1
9089880970068449360,1
-7913074825106284207,1
-6772862173504257601,1
7532692263915164745,1
-3589754195906095079,1
-3711366762683246098,1
6318387595481754482,1
4112805398785903623,1
6148296665228211188,1
384963489118323225,1
-8144894318109186092,1
7413713064502166864,1
-5031735368880899638,1
1905594590409210470,1
2996109659895954771,1
-3762878561260309706,1
5178295937778280926,1
8401751325300291135,1
3025256696964129682,1
-8824109298890651551,1
4565092834724069756,1
-1205963745739211371,1
-208651118797791500,1
1579748435018397497,1
-8629298787242254618,1
5113726834547787770,1
8564117652589432614,1
1883616704031261443,1
-8848893465887371951,1
-2258535882040413737,1
6138251644324158589,1
-5882775033169496556,1
-2936171190130037849,1
1843865489445356828,1
-8439969518015120925,1
-6477132152352375266,1
-6224251414907379870,1
8982698013960375105,1
-5180508059275716551,1
4852113058127791600,1
-3166408243035200312,1
-6639220818476539822,1
-7623451655759592273,1
944119108910107085,1
-3392911972720693442,1
-4561270499691866431,1
3277693452078411903,1
6125765202588448564,1
5465602961213175275,1
1568810821512652479,1
-2307681095292135291,1
3892227149789668297,1
7719980903106179150,1
-4475965942769273664,1
-260230121857838480,1
5369103340132605270,1
5654422317072596604,1
-6730449708930472278,1
2094617194784070320,1
2583424345257822792,1
1036554576705737945,1
8909437763228384354,1
-4142613065532443765,1
-5369065411987030874,1
-7019796455346068041,1
-1972495233345994984,1
3346596201312730419,1
8178862856022151618,1
-7296285352875710453,1
-7261405305661798032,1
8323275263064700752,1
9162351274666056700,1
-6342430030419009818,1
-1827577439794873286,1
8672545049334798610,1
327254571708635397,1
6953596982749918035,1
8635751179507577224,1
6627545879042181877,1
876345375294644917,1
-2332347464969927052,1
-5018955341728359129,1
2418327874482070601,1
-7286701365587353757,1
-981990787203486436,1
3525920239413771518,1
-6640515714539969824,1
4788013437752400816,1
6427009419933498299,1
-6687200194442864869,1
-1387135601462734571,1
7508658553330028191,1
-7148064646941364302,1
4844289483345123367,1
3932690306568097260,1
5336435427342063338,1
7051082060285338926,1
8305832230813586854,1
-4209820245108621819,1
2055566997839972446,1
-1423289211155629052,1
3641966411533526138,1
4567090004093924088,1
-265356573255722732,1
-4415758396491612039,1
-2161222805816426411,1
4738839147127167068,1
-801425036125775178,1
6079347157259363365,1
3819753446783373444,1
-3148438354306232355,1
7576871108576221767,1
7828842974137895546,1
8932845777986037601,1
-4209968767701258092,1
-8801121353432073788,1
-6359564105277565551,1
2777598691530209087,1
6356672024408665160,1
2184489243178506299,1
3582512292766193805,1
4334224422318332399,1
5585871089686434751,1
4422361860126756066,1
-6847141125156154002,1
-6253530855340044528,1
-160700326746558592,1
6759864281368288352,1
-5485797911976722634,1
76120395826814813,1
-3948808168978130694,1
2618933392640455454,1
831163210896851260,1
7252715687450056547,1
6617487421394379946,1
-6952237340776537065,1
-4073242663510366955,1
3472584575794190149,1
-2214234703571616255,1
4669741882181849151,1
-9001687928525211597,1
-5634748180098165811,1
1164311062334615669,1
-7572141720640425287,1
7111909186695702991,1
7109950251591713804,1
3025760972959354300,1
7304052211611819904,1
4927304324416860730,1
-4885230041571643469,1
-6339148873544412372,1
-6988267862232685774,1
472328392734038422,1
4524202777114445338,1
7333574588249139097,1
3858912168688931773,1
-3038795010605011758,1
1310523027670025624,1
600970357337173333,1
3904349277815122760,1
-476723109757113843,1
-3069754369069182531,1
4174487835577819537,1
-3228527382122121396,1
-5425885560833248245,1
8948229206704369354,1
3756833090213295419,1
-7282661611930458395,1
-2723068674180344659,1
-3016267046303661368,1
8595903562096572966,1
4616272985219787969,1
4277246598187723881,1
-2347826264354443836,1
-1630419881603092566,1
3232296558678328767,1
7831721511057589352,1
-2947743387197196823,1
-1802604186786684063,1
-5335767769239607842,1
-2151993677782859552,1
2108661377725254119,1
785896931075204832,1
-6613790564336144733,1
-6955449006587317894,1
-1234425324000243536,1
7950517959289682859,1
2546392081517256097,1
7045464824168717396,1
8312855820319229776,1
-3212551019564276712,1
8830477958540007533,1
5902044371459931569,1
-5294736498708757131,1
-8430570847849563208,1
8314352327195001385,1
-4446547634268516107,1
8632879005337531082,1
-3587366763821280742,1
-5916738807511805848,1
-8953239473853467952,1
3243401814425540996,1
3695100515727182098,1
724892105426545572,1
1309416240185642676,1
793215335827651213,1
-9139216552386589329,1
448617348592497289,1
7366450016869861235,1
-561546371175365583,1
-6077081285108052693,1
-3029877752697069625,1
2468510921103214122,1
-9027708871105811109,1
-3869487634741215505,1
6533854323850274299,1
-3872927734680100673,1
181739392327463895,1
-2793472753063413530,1
-907812933420178879,1
4008694364781482495,1
5840775507214414082,1
5909178570546084330,1
-8414342273289757613,1
-6135140503554653375,1
-8824085566989348115,1
6252750564683251992,1
-3130817964353230553,1
6476716105722810442,1
-2948341340092376411,1
6268444240911872426,1
-8822107553474421678,1
7553461501809290649,1
4221880256408042476,1
6182651682909358435,1
-5753301509864751685,1
8459822302144316268,1
8634328048516698777,1
-4745655992231905883,1
5312507844005625084,1
-7687331887371895734,1
3695151684491926471,1
536442995985083480,1
1003239202329932939,1
4161858144654948588,1
2572603279289590373,1
2338203852534036924,1
7284108331330467393,1
-5499195848501811954,1
-5241272361826100541,1
2608921863202043512,1
6629964981537940674,1
7661553221768937518,1
-8860053441756776275,1
-5469053264359039064,1
8409077616586264549,1
-5569435593850582530,1
1850828545423785854,1
-6326402105006695667,1
2483623382129419708,1
-1002783544501635359,1
1458156237060576370,1
-342530650369584145,1
-5644340252183014683,1
1833111456470889689,1
5242376951985421899,1
1709695910422739501,1
-9073701451247583403,1
-5455407600493152156,1
2891509359699085748,1
5604448463053578838,1
-5966020034353266346,1
514301770315520314,1
-7065062580235905578,1
3857419167004374542,1
-8322598250173663630,1
3175353210942636645,1
4610354339719188004,1
-4010774481443851619,1
3857536580014991269,1
2033350124966865882,1
-8034117163546811885,1
-1365230400740563233,1
8952868061557575524,1
-546225513948496331,1
-8324521308711033652,1
964658531795257861,1
7356439866382287294,1
-9094495727720800558,1
-8608502870112688668,1
4491535228931228468,1
1092201053928618778,1
7170675295521548774,1
-1413877185594024205,1
-513842688634238577,1
3370110039726505991,1
1522745717610211761,1
7938160475175424361,1
-1059625337247502053,1
-1135922620530971672,1
398694582807736130,1
-7162361379053363915,1
-5154174087283661438,1
6253547119471962301,1
-8437503037417055338,1
6772661581222355979,1
-3103615226792832109,1
-4336858139940562851,1
-5210321658070642638,1
8256249208919284545,1
7780021955197107218,1
4480389951150176485,1
-6643384217348037610,1
5852891139235231528,1
-8215539820087754318,1
3792331156044673333,1
5343182813889228526,1
-2109296848627716473,1
7734582789786313563,1
8318294275493137026,1
6901670129948642291,1
7452536453352944503,1
-6935906514321675500,1
-1253875808318256446,1
-4617535221394643433,1
282011762520019160,1
-9198531010168938344,1
3534808426801640781,1
7593807071161321986,1
8400495851514470504,1
182428315553115587,1
-3718316966449622906,1
-282883682308807603,1
1741598247746995272,1
1953840096870923910,1
4074646325060293426,1
3477167982229099670,1
8090922735465917149,1
-7663158799136576661,1
-9051280496954641263,1
-5813947625986529703,1
-396687061274527909,1
-7420473267005205533,1
-3971142675702305370,1
6577200758269224626,1
-8311330371187532118,1
3941952478137047871,1
7962393626481636375,1
5081910115409241021,1
-2328570561789637988,1
-1409322141039463051,1
314543402922892723,1
-2720656715374576202,1
-6912333540170316425,1
916018286130959026,1
8071007109516695495,1
-8585460822006078326,1
-4641251940550859192,1
-6158318648892001480,1
6496775582179046760,1
-852679648423090584,1
6958870480683969574,1
-8617491314817785291,1
5726869759960399958,1
-5025412596264044535,1
-4972917570260147604,1
-2878366148831148376,1
-5292549877591812576,1
-5657749254758895357,1
-9192540152499306301,1
2156749862205439872,1
-6467442404886472539,1
-4278906524078809318,1
6267211289070749010,1
-7924831330969754401,1
7823820572084011707,1
-7208835088842151533,1
-5569306390055867371,1
-4917443069687058131,1
5594748815206828157,1
2895771005743864072,1
-6915644567485460454,1
-1540358180351517246,1
2966769971177423080,1
-8469889768455982862,1
-2912981758862690151,1
8341199666935809134,1
3015348119912100266,1
6528810508901024591,1
1068907144430688562,1
-3569168884675185495,1
-3014971605408197920,1
2711795136637860849,1
2056500203322071025,1
-5197500854507871144,1
-2625443334702832265,1
6146371164815362160,1
-7999776064989635606,1
2435682607133463377,1
-6863468089606563033,1
-5756690890691260178,1
3110839315366443010,1
-4886160631061523956,1
-4986888454838689449,1
7514439831575983411,1
4661528296595622448,1
7527185582360740733,1
-2804759392907338563,1
-4730472657347194282,1
6717430359650841028,1
-2391017298969309352,1
-404673957392257509,1
6688516604845172735,1
7263982546952424945,1
1783392017216844509,1
4655152723808134052,1
3432489559207597581,1
-8003431625974134715,1
3380625170936938876,1
-3732038779378096781,1
2494969158842807978,1
1541004383704537496,1
3376106331069222432,1
-5497711036854587804,1
-588351550301529808,1
-5292632801717289616,1
-8149075120761885056,1
7810144740290592556,1
1601284052614316293,1
-3019832113263484758,1
1712468286268768977,1
-6223425892282000955,1
3067523978450914306,1
9165864251014916107,1
-9177538584369396388,1
-8191305705103440535,1
989970376231105164,1
-3603904245146802155,1
7422706134239376545,1
8372704492420329126,1
4750715277466428376,1
473689778571944340,1
-2455859677394174323,1
430853519614146461,1
-4552049415654665946,1
3023235972138537411,1
1370456060555508177,1
7217305169869912367,1
-948462835564792667,1
1504128239766673945,1
13355988978395449,1
2163265535567360453,1
-6442984747372552882,1
-8037900143035298440,1
-3363476504739084356,1
-8766691510151987100,1
-8804414728581489729,1
3754943063785966732,1
7898978014819982672,1
2994036247247896985,1
5245636297439898118,1
1059611483312214488,1
1884377677274190292,1
5298437733648174420,1
-8906950125297810847,1
6315966069736764075,1
296679262602009693,1
7999907785943651516,1
-4171268994086831969,1
7764007824466304694,1
3325424992547576135,1
6907892975275611643,1
520933128140071187,1
-6171899621035758795,1
-4232170370010175483,1
3691582999430545109,1
-5839588963800578530,1
40536286424637891,1
988216562554192873,1
1442463002961631040,1
-8925369150458622127,1
-1321795283718356733,1
-8457259244553687908,1
4402686804024884589,1
-7969030109798954263,1
4305327518679920574,1
-6154760149230049072,1
8440990666861308605,1
5892158268796749967,1
-7088421797924606120,1
-6666511483175074237,1
-6550032399506122243,1
440329430416631755,1
6642919184935668757,1
7569223619284012342,1
6971001427657155954,1
6670678677625548902,1
-8141611070113070435,1
5589326820226689651,1
-42770010804455595,1
-7970734491527183452,1
-1015553368209402467,1
8553201563896456885,1
-7402836638555657165,1
-2872413798097730936,1
2455419071396071566,1
3541211488848958032,1
6056484499310267214,1
-6520514587115943443,1
3773873027000110946,1
6785768151525572719,1
-3312359396738350879,1
3979708330225982856,1
3706709333850527052,1
3085656179861917714,1
-7961924900754041859,1
2115661462592164949,1
3107975851108078478,1
2765488350081508427,1
1264604867749073142,1
429711086308592870,1
-3002996907803432866,1
-8401766496622746832,1
6905642038055173166,1
-7675039563990139683,1
-4451628993927890455,1
6016545753799926382,1
7571382031653273491,1
5230361578423371427,1
-1564221362347401106,1
5321713110224019073,1
-9026130971773995733,1
7787469808204123314,1
-8277510903062770182,1
-2641929601226479505,1
1162343892624390197,1
-7128815156143575331,1
-8846049167076046261,1
9102060865532673931,1
-1031346198093049410,1
214017032765804383,1
-2187061786655637926,1
-1320499456160925868,1
8552194927193856402,1
-7318639777319879198,1
-6407769791767249808,1
-4903092630151316729,1
6884980756924863214,1
-195999743489840849,1
6161006366827126357,1
-8908426272328459883,1
8718196896451635875,1
-7617506496134968237,1
-5192348699081467530,1
-638168601888792186,1
6288986609103210947,1
4893152391323138076,1
2293160302539112806,1
3555706303761524383,1
-2560174559781811202,1
-4159845153103427922,1
-7776871320616445700,1
-6954354132599887729,1
6991746473968476667,1
-1544800388425222540,1
-8081425528285914324,1
-8564572135199203954,1
471274864957829156,1
-6914105142196306819,1
-1991966010116146860,1
-5955597410291958911,1
-5370018658897978731,1
4742368070314261327,1
4341797636348437364,1
6024538849821972115,1
-31567726627008828,1
-6563744614514646295,1
1578682828373168974,1
6233303515042027915,1
1392506144799488151,1
8064310901573071702,1
-85383802809617599,1
-2975387600467457571,1
3867752090548705910,1
-539035442061915834,1
4048149243101179082,1
-7911568366107651836,1
7843903283169041420,1
5513575180956880261,1
3458615687373561158,1
5477764866492358401,1
-7292160601225465027,1
-6846902393734572738,1
7374135514857599579,1
-7189125435971806319,1
-2564084847493067913,1
6240948837742734382,1
-6339090751685130576,1
-8242429087195176399,1
820366958626566643,1
-1961779176542389047,1
-508567684305834984,1
3278006277035159115,1
710989689461175703,1
7920067881780070274,1
2803315619991980239,1
3486163941898719666,1
7436595387914483997,1
-3145130654930922903,1
1404927870890495429,1
8496543160660060010,1
1209505084916139540,1
1485257413638067985,1
-4547851328812282381,1
2789609637548235821,1
-8595398177577579049,1
102050152908429398,1
3640703472203216951,1
-8507920738643869963,1
3413567480261947776,1
-2348758663749697754,1
4484695929021728114,1
-142966221174135932,1
8661358870735266987,1
8391381187583672727,1
-7423640320532866319,1
2862962252200631102,1
1769094039962440650,1
7197201868710276752,1
-350838016922417625,1
-8600399755689369576,1
-1982713598812598634,1
-7133865011651631267,1
6412599238118007572,1
-6736800113730614575,1
5777328979534356622,1
-946788809585897128,1
8949224586525804391,1
2996745468566307452,1
-7220601104931018855,1
-239504612082724232,1
-7083569522262904407,1
8350256856900419063,1
2222288602686010770,1
4759609982020630118,1
6757429002813622146,1
2616589011181600784,1
3517485668364304743,1
-7228268400731290943,1
1712369851098204582,1
1112983031725118951,1
1180275661914130002,1
305299886796052477,1
5086488589199865717,1
324306971363420120,1
-6991337019325670990,1
-5586323461962360381,1
6560904263095898528,1
8139905616559365641,1
8384573744221225473,1
-6327027764218633827,1
-8167448071814812275,1
-8387067964977252484,1
6965469293490191212,1
9138992046673491071,1
8595894647742345077,1
-4298691901185781608,1
-1099256758903555025,1
-6931879334899056132,1
8341276347163577232,1
2622392309546249656,1
4975477456229525658,1
-839461414888195416,1
-5023410606093890358,1
8444330550269918832,1
3934841003770476031,1
3852751820603467834,1
4365389712598856615,1
5658277385725331959,1
6161151000134879876,1
-5277676104806159529,1
9197952284860303871,1
-6724529877607629241,1
7226336122497559705,1
-1957542961998855679,1
769244211646976857,1
-8704763175435081022,1
262859635509889797,1
-9031374542718199305,1
5173668788374752773,1
436768657787732805,1
-8022723881253713621,1
-4276021952832998033,1
2135267482233963779,1
1544479141152832085,1
951115062230072056,1
-7985804477874604084,1
900248128399251882,1
-7663571119558694208,1
2387821400795658281,1
4879484217253767039,1
-8947916768151916443,1
-2209453945361319424,1
-5234884438226856965,1
-6037022057351287818,1
3170891482988223553,1
6805697132284091937,1
469038422797136424,1
-4102140825393815280,1
-8444604791622351250,1
-8850026187900460424,1
-860700136004519823,1
-7756957366337743000,1
8545002588667009661,1
-4264575312380101012,1
520858979980355116,1
-5509932420334990334,1
-7741888665363898903,1
-6422527151636506055,1
-2695801195852742192,1
5785136183216944555,1
7121265684601759810,1
-2011901194848949972,1
-2050613409544225569,1
-4043129491186682095,1
5120273057596546420,1
1714561664092290432,1
8146885780106735731,1
-3476531030352459105,1
-3760798658106671700,1
-5873450430374261127,1
-8660799090571346547,1
-4432700008909668775,1
8333357825956880131,1
3330936493065960352,1
1836083112354393266,1
-5288660376633435270,1
8394583935898894487,1
-3583460295434878105,1
7049072775801487342,1
-59434617979907464,1
-7024956159229840750,1
-891289268336178503,1
7481914137997016000,1
2825866935321064816,1
1263711762002588781,1
6883038998182279713,1
-6978820287925254306,1
-8994260635669370832,1
-4656392410579667894,1
-790373957989058722,1
-1364487880707493838,1
8482707946651636573,1
6172746963252904674,1
-1938566145714495146,1
-5609755809544207906,1
8586956983488052771,1
-5494214628213608229,1
6696671250528155275,1
4870731124709858941,1
6348207723703076773,1
-4574883395684093474,1
-1533459135790962100,1
1342420065962244608,1
7054909590994039928,1
-401100948801619135,1
-4319933677757544302,1
-267559233819653071,1
-1667662988194906272,1
-7952846052785202645,1
-1608447506479158434,1
-6959350052557677203,1
-5939974760203294857,1
-8044994494535421993,1
2041588037604236530,1
-1615976810341192007,1
-5024228794440677887,1
828874643796752770,1
3214406621014755295,1
-66741648635408461,1
-5002889712827218374,1
-2544844871340175646,1
-5064821226718272358,1
-1964352112211753584,1
3161987006302014032,1
-8540744100620190603,1
-3130189758094945921,1
-1230611420125866781,1
9209875738331502491,1
-6401029988263407503,1
-1064238271803004732,1
-2408586671682207998,1
1473930063199694924,1
7379246244967141126,1
-7624867813563299477,1
-8290179468387202628,1
-4255058726800455542,1
5514367737508071125,1
-3407392163885090316,1
-8550671425991716161,1
3433406695449302220,1
8184309911381643136,1
-2109554893666399771,1
8996015561730271807,1
-9070323244268595472,1
5779639951616238330,1
641695508146554770,1
-2247537994923231777,1
-5671319605231291109,1
-490205066171359891,1
-2500677642598654820,1
5425080024747044338,1
-2019990075370599211,1
1851786562780650006,1
2571933275964082935,1
1909481296505214568,1
-5384747747950809316,1
291737124893752496,1
-7255036558401262541,1
-2247322834472658089,1
-78677901200715690,1
5964294052466288491,1
8411397720393567941,1
3027697856155371126,1
-5822853678847743709,1
-2616541176811057413,1
1547809200362465080,1
7909505396354845786,1
8874392610837641923,1
9112307397063094512,1
-5496773390823910339,1
-8180204352088751374,1
5225102826887226962,1
649561796002368923,1
150124386218524402,1
8948836372736141322,1
-2048618460522906380,1
-1234812962672055884,1
5468795877248417618,1
-4636434646963384616,1
-1893764690345752609,1
-3728464725124804033,1
-8478880921791482558,1
-4869747760597104995,1
5741879782419968054,1
6312281088439296152,1
-29165682249812123,1
2851958702684910636,1
2735994848748465651,1
-145146585763787562,1
5248182464699819129,1
-3753520304852289188,1
2539336788115374718,1
8302833155499151015,1
-8475614649308008877,1
-7412455780635529423,1
-1428091976374816715,1
-119516978724512075,1
5615496683384124601,1
-7551264936260952565,1
-7444242257546188237,1
8217971841011917384,1
-7828339824454866710,1
-7829607638239194755,1
4660855248299443593,1
500858758886737195,1
-7939176196575433713,1
-98000814016782777,1
3208238685081998059,1
-2782272316881146063,1
1788560066893998622,1
301875088703821190,1
9093366525092675116,1
-3774883961699823607,1
-8997000930651346426,1
3246834064318760571,1
-7262882429438165458,1
5723445671250868240,1
-8104003666769261636,1
-6098251795823534051,1
-6438869569760087986,1
-1680137005973229267,1
2949746314032491933,1
6748767819428416530,1
-2754010920404919280,1
-2189150165567247940,1
-7817585393751012549,1
-5915862436362042147,1
-3357988378475917347,1
8179913279251996750,1
1875639852509016126,1
5869378556475132899,1
-6605673276013073745,1
-6521109757895779219,1
7153118732288125815,1
2297961438868097470,1
-6717193929572217063,1
7189105889272824376,1
-951605583022848059,1
-9114720790686340245,1
7418799709262802396,1
-3662764185892209190,1
3637841305677635694,1
9198770361266571529,1
-1191330575065064281,1
-4186864642511378247,1
-8493609546019771488,1
-6640154321515234405,1
4461528403289515760,1
-4553215839027641040,1
-8383646787597601321,1
-2099358617818681788,1
-8503808332402623265,1
-8934763784969711008,1
-7093941887637073238,1
-152018179758358169,1
868518773639196905,1
-7101902724510460987,1
8254595428818409366,1
-1805492186878024234,1
7621948005984516630,1
-5146721376821630655,1
-9096605815829047992,1
7135278653338777082,1
-3988669041142045984,1
8345941739281174771,1
8781427969166865614,1
-1286854677536187648,1
-2626691428530276400,1
6997707743525769500,1
1855108511106211818,1
3505565063879308610,1
4662812497981430827,1
7327923438021505823,1
5835878992654580168,1
4835240696731889802,1
452101026131733536,1
-5039599172582677876,1
-5791101668657293036,1
-4824838733534920875,1
782730849209118904,1
-7025087840864580982,1
4324475037349329069,1
-8661236289505109646,1
2507973913672134771,1
5502274026836358057,1
-4161853020853762503,1
7689884974397646892,1
-1148154002362905799,1
4304085023559024510,1
-4869834000518277544,1
8405414909060228806,1
6142288551832710901,1
-8217489508688468904,1
1627401032063210073,1
-7652502960268963023,1
4479380467960008620,1
-192348042098486925,1
-2472897834163919575,1
-257810489219145112,1
-5843834156730590913,1
3125258683991806,1
3179941926449715007,1
-6844459319183144356,1
2442512354179727581,1
3399260661802060130,1
-3456309350208601080,1
-6589926590395647886,1
-3172188178183799622,1
2721695366907522311,1
-5346566847180455352,1
-6388545001890536764,1
2228071140508686255,1
6370123265222632296,1
-1795215875842983090,1
-6399503509196747336,1
-9022072825193071364,1
8628822751767606600,1
-3839043893390082861,1
-1045388394583030651,1
6385039540557137796,1
8428361001977375607,1
4378047893085142222,1
2220653491717797664,1
707222279287608645,1
3755595094084260453,1
-8319055479925030569,1
-9219262687303224000,1
616048402301041322,1
9065732902844607625,1
7701820044745444213,1
-3410272696833407436,1
-2576729127750487210,1
2946173306264797271,1
6452835244809200375,1
846675780482384195,1
8435546970015406657,1
7865831217162235876,1
2181135835273762281,1
-3670272430789898037,1
5222178162664966997,1
355323074889428447,1
-1959555297750366370,1
7324791960432389716,1
-430843174316504297,1
2369239392422942574,1
-3933924129427504635,1
-4157274427095034831,1
7158294287246645012,1
-3359904129673419338,1
4167807418070254779,1
2272002030346264572,1
253251177216112506,1
3815653344250628696,1
-8681370761455320485,1
7962619950131980882,1
-4403233523246220623,1
-8438716866539852011,1
-8578466734323199371,1
-7176281028356628599,1
-7637866862804853203,1
-1615371952585568233,1
-394509752958876837,1
5049179530565821039,1
-7501508345694205674,1
-3741713554127159824,1
2044822128284677315,1
813803349864243344,1
6050619393261366586,1
-8721206944599955225,1
-367410298218206950,1
141464532133883676,1
-7628584992232916544,1
6209791365211722490,1
-4558779047178587654,1
3574768332605872174,1
-8774173696284139145,1
5274717579492452680,1
1014398706715975528,1
2312326127468487903,1
-3143301828589586775,1
6029163380013518144,1
8468032618002908544,1
4542362324844381837,1
6747483624272563252,1
4315137558142083421,1
300453586722362260,1
549413389934645974,1
-1432660417670356470,1
-3761846318602944128,1
382830194354629443,1
-2002321169876487783,1
7847777927162167762,1
-8085783602779676535,1
-6579233426115446206,1
4716879638326239975,1
1478685648878613917,1
3075295455649205203,1
-275213403823902211,1
1430748490706598688,1
-6288124885633673787,1
1202673856829864090,1
-3509484487602019683,1
-6879833873358767924,1
-1721446829640855148,1
5565456028553734119,1
-7232069756253443875,1
1438957842006305301,1
217172945787440568,1
-132247058225937005,1
6862741604278521452,1
-5885803650924829633,1
3158072358947813748,1
-7427034429877794499,1
8244720406150526288,1
-7286896720929475386,1
7889839402189086540,1
-1383965931387607846,1
5175194370515042890,1
-158470635993125787,1
-8266502335101641353,1
7791748514046776399,1
-3693550601490171649,1
-492043902396680320,1
-1586207993775290435,1
-6286766387125846494,1
-460070697539478929,1
6571152374337359595,1
4706842260827545857,1
3869504204061218542,1
5322938188237762946,1
6059792057145129255,1
4794284120782290865,1
569451326604334963,1
-141099987550970038,1
6072390858083578124,1
-1534172069612318002,1
5979914993806845124,1
4478466289377554012,1
943440619231391776,1
-7809051607602483022,1
5656003134545400569,1
-8643120286875881719,1
2356981672969760608,1
2669430323025712269,1
-9176037399862778870,1
-3365334714727166666,1
1065661005549598311,1
1650998467449163872,1
-4129983590791922020,1
-5623405372226990925,1
-530010313664088055,1
7747717976403050594,1
5986481276521276415,1
8124752579651930135,1
-2947333276748899004,1
-2313411950681746022,1
5654859132927633079,1
6489453997937497795,1
-5653871052663835243,1
2621774519972157411,1
1504276997328077887,1
6253277543146081982,1
-1225982783239491494,1
-6359138824433413580,1
-5805497658036464136,1
-7491815174939654740,1
-3817363917861487457,1
282029501692832261,1
-1477679712079699839,1
5490112737497148387,1
1117455075706134531,1
-2362081774824374503,1
-8030964503972362714,1
383467167061891381,1
5308882987493638666,1
-5859398660933511195,1
7979920631780746764,1
4459314099229002796,1
3720824499381475530,1
-8775625683662740446,1
-7260395290971152688,1
2160074633097727597,1
-1244202950902102737,1
6330860650377780473,1
980320936042402754,1
-6389238547877393001,1
2373829210302405405,1
-7865430662157417303,1
3301709212114960910,1
-722651383202152465,1
6907106722320874637,1
-7421351391991886782,1
250243211274586351,1
1191396702965914201,1
1460289186225117153,1
-8773704810132540792,1
2332394640199547957,1
-5636403699649419568,1
8463134331999938930,1
-5490508882748476547,1
-8124009415543055286,1
-8107750717182058836,1
-5751414648696205384,1
2179343055591294865,1
-8582868305347510213,1
-302468032628839985,1
5482697899654227026,1
-7681835683026075388,1
-7380085481838169532,1
-5290058169610601081,1
8980603999062036605,1
8836506366558147368,1
-2284839860388179350,1
-5107565408690131404,1
-9097434848494012023,1
-5952845475970425444,1
7273876294522489660,1
-7731407585273624595,1
-3215371435201794425,1
1138130055834656057,1
8752310218144389542,1
3295298409057971590,1
3136091000971985420,1
-2325786604038037619,1
728861830834334024,1
4952986965576924978,1
-5362421485792228227,1
6415561125829074226,1
-7728109468515587503,1
-578077466753694296,1
-6984213651983758982,1
-3331359401587050096,1
-5556976888491012194,1
-8078380743318991304,1
-4252658661370925335,1
7170755713392649197,1
-7383950801989760260,1
-3840483886636889833,1
354885735525468127,1
3127565326204179880,1
-6642337747119528093,1
-1511389090429300167,1
1360898744099444448,1
-9005543300217942962,1
3930922325351428017,1
-3001949606855081647,1
1834429061510687187,1
7660947940391424415,1
-2049984332496117018,1
4376578071136890797,1
-4935982384866953928,1
-3498504242826914270,1
8762246072959397618,1
2290065743443531204,1
-8066662894644351734,1
3436843283789094199,1
566743827222003917,1
70034296448923266,1
826465151153560540,1
4846812401530276051,1
5392047672764181988,1
8866804623172480795,1
3546410179882371399,1
3692308272261181359,1
9187127876522669339,1
-5008620938851469065,1
-1324807935506401631,1
1738934051905365949,1
-5912559744661254413,1
-8288451657886800229,1
1355333596850040457,1
-5767178574571903470,1
5734170290771177576,1
5384197904165740094,1
2190817347960667411,1
3604242181907152677,1
5925912830795304196,1
1255847477713763155,1
-8261780194815183094,1
5028735581791485791,1
-6822055829901874277,1
-7680775438436419097,1
-4325500485414993783,1
-1778182214330493893,1
-2008087579398863691,1
8641717440674728790,1
4412306759485138511,1
-3728665210102471973,1
-2040154265925491247,1
-4995174888955871385,1
1574638241459658578,1
-1715048787672639089,1
802798368558623950,1
-1280460177943546971,1
-1762772950709297680,1
-8431725614005731203,1
-7354358758351501909,1
8207177582309505259,1
2420688851666358433,1
111625551532554989,1
7807806336648573673,1
-1817825076965518590,1
-5921292346837723592,1
-1254713386450656906,1
-3220926400000936597,1
-2035681742025819796,1
-5900205728979666887,1
-5270204969778393812,1
6504595235877781471,1
4400697901302626799,1
-3869363111174194104,1
8589912526598291111,1
423730864500701912,1
110682858738182493,1
6021277433343534663,1
-5933420934897693757,1
4040002644753996489,1
-5228149412212283833,1
-1386420594162393397,1
5462074766558708055,1
2581073697251550762,1
-7559672944549726653,1
-4264526540320899759,1
-1906367768957420001,1
-3982897089624804843,1
-5866284301330029771,1
-5419844839050100831,1
-5660404674884237013,1
-45513401473821388,1
1180653934128039191,1
2695998687554714585,1
206916609095659920,1
-7348566974413581103,1
-1498465002606553659,1
445913448899499641,1
-983043682206957837,1
8677435434789932654,1
-5559313290165918372,1
618997688995933844,1
7268039907746194601,1
-5819777646720936521,1
-8104572504953172505,1
5346762483313562522,1
1818564122223685659,1
-7386589160238888403,1
-1911233095669028201,1
7331230026363564782,1
5023463051335637307,1
-5913158701001256756,1
-1943893115111808691,1
-3674652604836150248,1
-6048707842648794015,1
364536834628860206,1
8011712157163587064,1
3764673950032334403,1
1513490030047825842,1
616935251049088596,1
9127102508033688687,1
4181955258034287542,1
-195138654537776406,1
8695955063346243316,1
-2697658219132367250,1
439181190496399388,1
-3759208080746469973,1
7805317972171775957,1
-5263361004699046302,1
230998676274573671,1
1931652458265343446,1
-3079631457632215155,1
-1881614458862598160,1
8302426525576033819,1
-1085951436575588971,1
-1980480552035184832,1
3833334705605071524,1
5564368244317308484,1
3175861988323876287,1
5936142601361531657,1
-5238982554819421919,1
5882898039137376601,1
-3168215794660803401,1
3560310047223384854,1
2586752721902834513,1
-1538155444136371955,1
-3764829779459768272,1
3860779143659965588,1
-5023968638256763589,1
2981775684552686449,1
-8990832073334602379,1
-6670626749559755475,1
-7296050680897798421,1
4241671885215417677,1
-3353138400618322051,1
-4661080207378240342,1
4614776008687400988,1
-1191518733154761935,1
256860120952617836,1
2228244472512671113,1
7010708518788722414,1
-2465206545237001889,1
-6197113552926884469,1
2026301073917722168,1
1878830551636626266,1
-1823627003855576357,1
1946072988695304011,1
-4665613146919324137,1
8764415022243882026,1
4180727104829869117,1
2468833149070664819,1
-5874176657994213295,1
9212026189650693281,1
-5620622113262571851,1
5974455151922041302,1
-4540659378286434971,1
-6256922139792178055,1
-4594843221771186588,1
-8302552412017868414,1
2861042419295489275,1
8709415644633054474,1
2242988732367644509,1
7656073781141483833,1
2627616602618167029,1
609759120224164689,1
6281161293114768424,1
-4261598839916239283,1
-7973158741629780600,1
6552375138131301423,1
4879499143895844515,1
3107574078787045811,1
-4618521706136277689,1
-4722177061200761829,1
2278824034594543119,1
562157645853749534,1
5820330251836964907,1
-1438806235872682711,1
7370852569925369569,1
7045036538728205058,1
-8070581306362200939,1
5303304747264173086,1
7898990361722933674,1
9073516319109323429,1
2645884322272644185,1
1758087987397140722,1
4702967138348471801,1
-5343693365818921267,1
-7726853409249536697,1
3598653532018172552,1
-1041956893181333914,1
4363443675728599569,1
-5577385860964334162,1
-8002472970815630604,1
-2069300130273887908,1
-8059082912745211015,1
-7739054218108605088,1
3375432060391337339,1
-4911133876703772934,1
-9144527783959236104,1
-6005973105621576782,1
-2426028994731473745,1
680061271056762954,1
6795410337744732069,1
-3377957247347432732,1
1468987976491021541,1
-676521538494263014,1
-73311776369499271,1
-6965920415260715664,1
4197081799425682633,1
8682513457604996645,1
-6243187764170043307,1
5167581823580609628,1
-692404027868582019,1
-2619152167043675905,1
-1252044164734971445,1
7675550684853818409,1
7562518941115271613,1
-7634422309917127263,1
3781876488635251667,1
-3354648868775056264,1
-6508940576535251639,1
7497411657890314776,1
-166203011535654486,1
5958729796233284170,1
-358444981014100835,1
-985585300777805657,1
4668567739433622964,1
6512856276505047006,1
-3990817844233643181,1
-418923785921719444,1
-5859180910700268200,1
-259935067562039935,1
-6117908595894242566,1
7106305757368230098,1
-3139184078451771525,1
1169593545242114248,1
-5629765331390147213,1
-8529639486844436126,1
6345626585825997323,1
1147651563636437638,1
807565608203736541,1
-6962858671197632954,1
7816813840114259574,1
-8026829565888260234,1
5612505326098171351,1
-3755597985857155959,1
-7587320471015816574,1
4587565404098087690,1
-7499601419463477835,1
7442959613449414785,1
3903819117934676110,1
-5834541932826960174,1
-3632348941893670382,1
-2961778394012902357,1
858293396399952596,1
-4211550968346804995,1
-6280024612967135470,1
-4525295148365758679,1
-5162755505999879320,1
8752182564964611076,1
-1708743091296349466,1
-3293845335651720785,1
8428816273802339922,1
2059310413019669027,1
-3933162548671980431,1
-7842492759015628255,1
651115027181890642,1
4431470854028608025,1
-6517736866100182049,1
-5719158877561043516,1
-8424164339182889646,1
-8393293405181544311,1
-6832164705896081443,1
-7412293999768894414,1
486301452352815728,1
228676637169695095,1
7101502659757043455,1
4473444379447436863,1
6192930255003329916,1
-6634162550071139116,1
8919135766686101223,1
4128160205196249543,1
-6135590586181165922,1
3263425705448643865,1
-6188705104655238855,1
-1348695905807244088,1
-1815279940553632135,1
5768073975792352285,1
1959619069767027553,1
-6678554174954877234,1
-4235417026194787003,1
-1179892255163800507,1
3825310564858975906,1
840761006635416611,1
7828200070083175969,1
1796224932925952111,1
-4748835293533259312,1
-2298372099701439452,1
-8436326341454622186,1
229864600295413546,1
-7731357893549131883,1
-3967336445831795428,1
4307023570281942135,1
-1970253136004235965,1
8611563017089774737,1
2735019737532123089,1
4110814762183617797,1
-6129039981366555232,1
2637585815503565500,1
-1001854550667576143,1
-8366844803980909394,1
-256646102520321514,1
726107441740326725,1
5202930450420816716,1
2488199169871809661,1
5629222216708580043,1
-6083470522454109269,1
-3311779024594827710,1
1537821925747242947,1
-5406190171452418104,1
6590757967313236212,1
3286210245316545400,1
-4433733009178798719,1
-134581906799448237,1
8622106803345436223,1
7630103021719199660,1
-8997133650980517796,1
6717317801203712005,1
-2396428932440018551,1
-5960240493411071537,1
-281279079360319072,1
-6171299982692393391,1
-6661967156486169090,1
-2031109509093207449,1
-5255141890545284779,1
-1305696651646096067,1
3537878418988224827,1
-8885720109771876732,1
2862961080421212034,1
-1415607618769911583,1
-2892408443938259224,1
-884306212063292771,1
-8375314909914683715,1
-198029607785436701,1
-339450326431803068,1
2587987187596947143,1
7686938225823519387,1
7250470358360056532,1
535067730592361189,1
5639852336635576960,1
-2521597962135099537,1
-560203891420380095,1
8577284235135722972,1
-8784746481878522284,1
-2936349851935794912,1
8696896640394913951,1
-5176527104714675321,1
4207839704068654799,1
6333720352360008623,1
-1066182851302298141,1
5866236055806490889,1
7629060796989015978,1
5416879720649243681,1
796995332515282806,1
-4023946300979051627,1
-5404273342237780894,1
6489584025906203324,1
2977826227680186380,1
1960993060015055052,1
-7862755659700466635,1
5507912411118620426,1
3148721618531813576,1
2480756073643872109,1
8467981569746936029,1
-8141086336760869466,1
6702256536723358977,1
5713069735506470878,1
-2937548222174945961,1
-9087072933587762277,1
-7952813453480537859,1
-7983217343333607997,1
-4951443265879263777,1
-6754874454741781112,1
-5536911350031628858,1
-4911914622032596412,1
-3626176292542548466,1
2874464155472982267,1
3439399665478493158,1
-2276938537602346873,1
-985424759353047234,1
-3059261875061620261,1
3979280339872504582,1
-8494194622482724369,1
-1841956677503368212,1
5686782169426889027,1
-6003665231643321285,1
-1129440314861343764,1
-5039652369061724813,1
-6830507132691865979,1
3470720491889828530,1
-8362443374286051881,1
-4848185951654004176,1
-7573717771498771457,1
7357272073840393604,1
8523287494575379911,1
2473592880676762975,1
-2081626932262354347,1
-3841465334138855625,1
3843232006353655066,1
-3706880534274944573,1
-4026076736815097204,1
-8302131227727008591,1
-4229503115805144171,1
6049996535795369083,1
-6826803787652380525,1
-172901928983906345,1
6104981533776988945,1
-6243170301625978938,1
5999512840726186251,1
8225028717068401918,1
-7143833433339283900,1
3939249459653990511,1
1591853109388280355,1
-7587511951162450241,1
-3039285107239498295,1
4988433661482386441,1
7629032925339842427,1
7653921901730690323,1
-1461943688048972494,1
-1862561399587148928,1
6379353288288710127,1
7604280310281529438,1
-6591029833908717353,1
-4209860967970242661,1
-6219838228550287490,1
-4898331530943454797,1
247316179869956527,1
-2610962413697738727,1
-4209945755909063502,1
-3281766308872064824,1
-3680432058846195370,1
8742794540112813070,1
-4235103463445851053,1
-3609643047914206309,1
3272788796116284256,1
-3719216291076942773,1
7468773337925321337,1
-8639742513671119868,1
6117624371738024037,1
4124832087488249807,1
-2605523453335538242,1
867169078600407755,1
4920942009330550694,1
-500807405315601546,1
8537599715142754357,1
6891600392766125115,1
-3170242855857993671,1
-5987978122993381630,1
-1579950387845963248,1
3644925785712715356,1
-7881674930120578905,1
773980530239166328,1
-5300783338347453950,1
-3391049488588078065,1
3695611018096160107,1
-137902723198953605,1
-7990757245824853584,1
-1050628718335114875,1
-3589241243689035517,1
913374343185694607,1
-5498896516923607347,1
4377451166048443468,1
2012007238476774595,1
4783957724659169753,1
-593452975231927343,1
7012343901299958944,1
3808230868803626029,1
-8667123366455970317,1
-3084499837435973685,1
-4606329962731322498,1
-2135459900801165010,1
6541741343387652785,1
4028029514370689248,1
-3422353794029259604,1
-8966481723132765738,1
-7837070338825225665,1
-2622752705842601336,1
-2931004966922754530,1
4194576797285987021,1
-4946330310663814243,1
983372695379730248,1
6810036044045090588,1
-5251726324641969467,1
6055847449593108179,1
8362835737913659049,1
7992191312980665482,1
2555968476612392268,1
-3506286564228395839,1
-1678920545821569275,1
-3923108507506288524,1
2648258755530646244,1
145725522362674509,1
3665965567632013293,1
2022129334451585585,1
96575522612408861,1
8034466020329159406,1
8785984766868625887,1
7277115385262266044,1
4126287236357582739,1
6184476513156878296,1
9120201988957237586,1
6522709493045226738,1
2101141834068545971,1
-5377173593266536399,1
9126102228618804473,1
-8422241877048551893,1
-7156426704179921029,1
-8894008461817127478,1
-3155561431018723723,1
-6843855986946686056,1
-1737554040354182413,1
-5596629062954744597,1
-414883929383993834,1
-6616745734062334480,1
-5204771279879640876,1
8985213710590057525,1
299242739800801298,1
-325639039942603761,1
-6859490567203665944,1
2273816113186096089,1
-1234305369530843571,1
6178023854488934586,1
58396697380845701,1
886050402653231010,1
-4692639157419430670,1
-9210180866542895341,1
-7912548633376624988,1
-3822674108186761631,1
-2648961676292231402,1
-6650635161311673548,1
7470903475088541958,1
590360321391367494,1
-530175867749373085,1
-4055936026153973650,1
-3530493184208393451,1
7097605501286403711,1
-8642755139557509576,1
-6198028291220513182,1
-1635114764892420893,1
-3258738800600257540,1
6613224651201899271,1
2283474624256721261,1
2860619586572355463,1
2170941154264446216,1
-5917995071012713804,1
4668905069391501442,1
-508668891362306275,1
4656964198916460228,1
-2968688974278706936,1
5124641497689976097,1
2690937380738977489,1
-2809462057202203708,1
7524124770992621319,1
-6381159996225796641,1
-1720682482268440819,1
3281722568257910407,1
-403389178777013927,1
-5785069850084573734,1
-9186592395298426883,1
-8655974169996030018,1
970141852490333770,1
-1428976540279539243,1
-1170010555472597451,1
7954187194939763914,1
-1037988667030647311,1
4576879111140217210,1
-5723607965119559661,1
-23399574271620553,1
1990441035863939428,1
-6596096529158350653,1
4093992473216662970,1
-7832876447088294077,1
-6250912715215620712,1
1479632064777565990,1
-4699073173769153998,1
7367285291819314114,1
8264797889378593939,1
-6221147636449900867,1
-8995332676079680661,1
-7861836974985141628,1
1426959834442305740,1
7286228554630780528,1
-8022688663132362114,1
7024412221445197565,1
5164657315728401706,1
-7949218434096009695,1
7779382615020476822,1
8188289715156373287,1
4318485263113491813,1
7633262713408361410,1
-4711517091882794047,1
-4999501063039596574,1
-4467499522105999473,1
7497124314390153993,1
2575206179585686532,1
3647343571964032405,1
-3743578680382887114,1
-8857172711719951332,1
7610042569144969530,1
5059620713951851088,1
6270096948537500408,1
573242057293378562,1
1251658043410593588,1
-9083721416540306103,1
5083614035624388107,1
598031884617644165,1
5460113404418906149,1
-6051401529810454914,1
-1932282610208995385,1
-9002483133307183876,1
6942361829148100824,1
1269878939709842852,1
-3679978657725984279,1
1832328317129370130,1
3257266022694869413,1
4989917112897493905,1
2971728755175201588,1
4042039677516325898,1
-3942863262025365450,1
1852442055991518458,1
-7141600587127206631,1
8470681369988901065,1
8593472585902979811,1
117675178294203007,1
4161198016108151958,1
-3823015770077187972,1
-4081717413896818865,1
5949224550617564567,1
-1501082417965801160,1
-7027367605097143123,1
-8811108257100366152,1
4116245791361266595,1
1513758232139998538,1
-6704718524248674227,1
6864833878616800769,1
9039805823885035100,1
-2713052265388019136,1
189406099178596866,1
1576919615050906019,1
6755118042165107130,1
3947529799611317328,1
6744026979069817124,1
-922639777112911441,1
-1642463130824741105,1
-7073633318133000468,1
-8112445285575460859,1
1428460975793598786,1
1075168874452480966,1
6552667870642995704,1
-8876426191710321720,1
-5824714734473282477,1
-608080414113919922,1
-5129378889588689642,1
-8260183503525493717,1
7392924361082251186,1
1972978931458423905,1
4803403494429499651,1
-4866946611240343962,1
6905581941598008037,1
5858121358780219797,1
6435961645955070952,1
1767087519817158060,1
-1862340885698192446,1
1709188620344689743,1
4036558380593985859,1
-4418110645572594082,1
3164393694020153309,1
2043351373167368470,1
7602394980709042408,1
1101023558052171851,1
-6125579213108692289,1
-1243831348504726685,1
-8272144570125912998,1
-4272558323605489003,1
8390467459692838994,1
7385347782880539633,1
8131416016633148722,1
-6763719596896560624,1
-6728579801302644920,1
-245706944237572109,1
9115181543091760140,1
-2220418598703789921,1
6724896435421586321,1
3391524317564075693,1
-2588284516510299612,1
-1404070566498851921,1
9166129173312120489,1
-6047421196237161760,1
-262875458054589447,1
-1387295747901249662,1
1878540955022003895,1
-1454831465629966739,1
-5460610932573282604,1
-4642061006215749676,1
-2071497256307683811,1
3331753263332172129,1
6987173980486271019,1
4861775163828120702,1
-6892084206918114848,1
4880185245390421422,1
-5465599763973774002,1
5147971299109418746,1
-2220164349158425517,1
4518095562377922449,1
-315256999285638797,1
-44449596307981686,1
7701248482438391279,1
3589609338807111828,1
-4571599394888886646,1
-3692211997075577409,1
724894581631411182,1
3046152358241627286,1
3905121699495488788,1
-3546089489104426319,1
4811173319285174249,1
2541589587815453425,1
-793621659493319817,1
-1248758149538098191,1
-5978200865428023004,1
-206756996940888074,1
7467302940736708474,1
6407078673339985882,1
-960349530734894527,1
-1433637329842634054,1
5556774107033931199,1
5510973869501153466,1
-5160338638599676745,1
-1114233097852904108,1
8301944525673279846,1
7672380870177486800,1
-943213768320011361,1
4842070289862571559,1
-2954396247838504031,1
2217837338169341387,1
-2103146479883157659,1
6475673974208482500,1
8495178523711683010,1
-4753913243263361148,1
872907399677583968,1
7806143149139612332,1
8443459797223869589,1
-3555662791609440606,1
-3430590356817765499,1
-2373906755742753187,1
7421248654326872805,1
3602869620764703420,1
6918936299544293860,1
-205889738060254793,1
1853105720813283585,1
-5967338328731025952,1
3195032800787028497,1
-1386398211661323770,1
1522549257235522026,1
-4633000065685894619,1
1039202821974104693,1
6596080988502657484,1
2231575506843508034,1
8062928213542451799,1
-82172642524930679,1
5480876338646504529,1
-7679365910225217652,1
4232391058286651450,1
2507035328464845972,1
-5084791045972913179,1
4477639367276054836,1
-3112827999133554617,1
3487177149615600604,1
-7255115030516050757,1
-4347685566779800662,1
-5768353992133540900,1
6571249639487408068,1
-3759536317944533358,1
-1142604858665318593,1
-7166930742099871036,1
519430788901996060,1
1482094726162338710,1
-4226336639928843874,1
805291175182437793,1
4441060015412989140,1
-8702738092248177429,1
-8891801050697291159,1
-8224593680267945414,1
-2550397561971878449,1
7877752205096424326,1
-2542835319787446476,1
-1792994687179723576,1
-3119850828944949074,1
-7968763209668415121,1
-914322527679251624,1
-8185663689606689952,1
-4297627022410601524,1
7137151204842304209,1
-3103879506333353279,1
-7492546154721003159,1
-8150907058214520288,1
4729669977483740328,1
-550479491382029588,1
7621963314791553048,1
2865563494018549534,1
8873403763052012510,1
7643256266082182587,1
-5014330999582019722,1
4037629319874345633,1
-1579917169916137848,1
6462384982824556734,1
-4790748703511419726,1
-2375917094429763851,1
2830955225876446797,1
-1813639917916211035,1
-4603120948482054220,1
-8444228613388829051,1
-934811025723425034,1
-7848718954658044599,1
4296374198553020180,1
5465057037089443395,1
-996582425171295933,1
-7383718226592095408,1
-2759298417600349187,1
1586631495027679054,1
9109156667160827506,1
1620588578146344856,1
-6443349794102414105,1
7367614449833689996,1
-6812889898463446337,1
-5614549707448723721,1
-4007994838842848257,1
2948042020598303725,1
3181341344430972773,1
-1107454701201895702,1
522137052084201103,1
-951499107811487528,1
-9064856484359436921,1
-1587646141092450759,1
8562215592661323033,1
-6035231017152656620,1
1836563534280034800,1
4033555415821249337,1
-7515485856471003850,1
-9028336157696686386,1
-9040262062429947810,1
8165323841550004659,1
4411010140098025219,1
6103157215535664664,1
313990691466752206,1
7144664801582318763,1
5170353814847704301,1
730274216766607089,1
-391553184687305605,1
2390354084211925964,1
-6693654701783093713,1
-5239049249034346100,1
-5149252074863796752,1
1257232267496460719,1
8057969767559215632,1
-6062003914851192349,1
-7034645138720708960,1
6931885990778263081,1
-3228789214383242519,1
-3738913288521828321,1
-2194597996886892777,1
-3161039015933646667,1
4900847241044220692,1
4834610716476473224,1
-7082613747961944020,1
2110894681173842742,1
-6066731413157470260,1
-1121564669846571985,1
6479857452058968218,1
4402430518289086613,1
8845900345862956683,1
-8777996153080543864,1
-6287686116198047703,1
7184663355578728251,1
2094318948711443723,1
-4714830749796507287,1
6716839096125846604,1
-3309207634366873428,1
-4889609522847518058,1
7860374064270189276,1
-5223742490641339139,1
4539494441195994236,1
-5015407696035786754,1
-3523459319590658288,1
7313593739698040035,1
-5959602874961222096,1
625901399354592356,1
6769059686676931573,1
-2223605638823434804,1
4183490540861187876,1
-5634657744277757151,1
6039133122745061110,1
7742152274667806787,1
-3815714714965095609,1
1858338416893531968,1
5368874538731776012,1
-7120423209335877336,1
-8642881914751344291,1
5137033386029196826,1
8237134991642615758,1
115605720276514150,1
3874081946030965325,1
-279659120140122659,1
-6498277054035813697,1
7599921147038205983,1
5641989651484480898,1
-3049891994649219891,1
8579253729712170934,1
8884992336382647268,1
-1498738402600087231,1
-6678490499526719535,1
-8306960109610138024,1
-4920892918060489077,1
-9133721886340714248,1
-5957283998353154879,1
-968989298917594117,1
-5939375866749892037,1
1511695682415250654,1
1520403787879573116,1
-8050546342159045388,1
-3679494527946622129,1
5455820275080351089,1
-4764288676882959231,1
7567475392029855446,1
1810124041421969216,1
6046141527597789880,1
-4761360820971769458,1
-5935306801995638788,1
-5762356984239780607,1
-7353876443350511062,1
3743332463652189246,1
84577813420771696,1
-3773026408073012861,1
-8606519047930461766,1
8032611920743957477,1
-8386043365486713439,1
4432600642526152334,1
8748048319580769415,1
-4358107748436328328,1
-1407034079279064480,1
3135919686417883307,1
-6448815237031786013,1
561203175941697432,1
-6482391680814484123,1
2416262521217371265,1
2749022902175318637,1
5783175829639188295,1
-4778785424862584811,1
4071745471755986483,1
5172745336504089974,1
2480295493267352152,1
6514783870367316555,1
3342279106446585112,1
5737377715178470737,1
-4530798681766289736,1
7863287784555869341,1
-3352030391827928340,1
6902998544681997451,1
3380699167573548759,1
-3823498863245214797,1
-5633853419796105784,1
2774113025283191844,1
-7934752350381556180,1
4942493800721885094,1
-6159230084852516948,1
-6947637284109887418,1
9208868746213207556,1
-2427760003612951663,1
-4586763763719384337,1
-8245450606293049976,1
-1816666603604889877,1
8356647546725964838,1
6257561549261342111,1
-767399445456925699,1
7935910429750022870,1
-3667898805333008067,1
8000490039449059542,1
-8182643115188657929,1
-5789854137961352469,1
-27720683169281048,1
5620828216451393400,1
2522432875579683982,1
-3970040469843013031,1
-5776735336785417138,1
8512305067098516609,1
6268163900552026396,1
8629134076288942624,1
-9057744019060319566,1
-1145910128668964719,1
773683139897211832,1
901313563839215312,1
-6461268900902077179,1
5239815840434487114,1
9130575149018446058,1
-1817336775567060619,1
1957244631958178074,1
331991016415570739,1
-3584118751528042685,1
-743273554843243645,1
2786554851321827235,1
1723811365931450532,1
-6337946740122737614,1
-2315375814528534472,1
5700669187815403151,1
4317848779239032474,1
-9175830021477958454,1
1110897133002959015,1
-110424070713549611,1
4111607621779900242,1
-4336700255275701142,1
4789535200291254428,1
-4883961776679081927,1
4602316986720514159,1
-3483672042192299989,1
4697699199456659134,1
-81151687398891274,1
-8626521716053902653,1
4397787013783319819,1
2047674002413759772,1
-677304190818093699,1
7758942329475201368,1
279061920558820741,1
6045539589874431658,1
-4608108389142295402,1
-4495501702369672129,1
-3810627157991507765,1
-4819266917569478221,1
-1692620842275352955,1
-6242837134961256034,1
-1965194538099659980,1
-6414990610224313053,1
6955907505945688170,1
-919314759961196403,1
7431337334009140796,1
7496424541460864134,1
-774683456538377377,1
-8912344375518725832,1
7266774851724890413,1
-7027787509295046368,1
5682912090746306341,1
-6233076083237260091,1
7593046958929028971,1
-4633397489605777377,1
-2820369193274810640,1
524087347891756554,1
-2829659022963706156,1
-6593860587416351368,1
-8284140333155095360,1
7647593127535157576,1
-8148764756908352721,1
-1333209637906700304,1
2488903877016080193,1
-5979299980927968082,1
-5009862384619668407,1
4803005210659532949,1
-112313165051639682,1
-4532844928569998865,1
-1076792266117884528,1
4402001282486196480,1
4227053269434210405,1
6574555930286550683,1
1152138842374967151,1
-7630591705523074731,1
8452741934029457648,1
-7105650216829963632,1
-966042123997031355,1
-1677458529680842503,1
9082436613635689313,1
4590090068506665116,1
-4482779866453751063,1
1930043011119971240,1
-701509079300741656,1
-1416098340422270565,1
-2869645716577379436,1
5702532952503827623,1
-4676010630620389441,1
2119168505985802169,1
-7175837750341011849,1
-8329559506919798508,1
-3430777734682028453,1
-5605251911339463185,1
5534014828384626204,1
583257805538129260,1
-3385899280009026753,1
-5260304064376788995,1
-21437980446719171,1
8869285859907074038,1
-7388813414667201021,1
-729943038500710198,1
-2074733837834291995,1
1200505967713786647,1
-1832574038878210448,1
-9045548661055559320,1
667802825939905880,1
396824790902184301,1
-4052010419322342483,1
3742595421743149980,1
9187287102428589284,1
-6197358658570540203,1
-647175808862152680,1
-3811586639850014007,1
-3752325304929453226,1
-8390200320850671322,1
-5554237711088459957,1
-2891106821192929481,1
-7138276618295908174,1
-158249838489937567,1
6861660316485164324,1
1035222796953232202,1
9035733356671726038,1
8597616917025786036,1
5636572156192574812,1
3853927594981715154,1
5107217950712017241,1
5301396509580006070,1
-7889804514566807303,1
-5084120994214127213,1
-3034597786633454772,1
2231400889062701084,1
5358326079589408263,1
-5266221141335849908,1
2470193652115919632,1
-2916676342168605027,1
-2672716561426649220,1
-4347119493355433304,1
7262515275413441156,1
903715778335921649,1
-6436529566148722738,1
-6353480147370582940,1
8142376366729999271,1
4414297428976531603,1
-1067994315868576292,1
-774993321421790291,1
6089350281601530319,1
-2898485228681701177,1
8853025268509768641,1
-2500030579636707564,1
-6562566128137261500,1
8016238658215874072,1
4825390221545587882,1
5236409098205721187,1
-1384545423824295190,1
-2702667211868383208,1
-6271722957272520178,1
-5216042298107465267,1
654475634859245272,1
5137073473996267544,1
-1768993678873052776,1
5310991090602989789,1
-4296707940180433684,1
8013449835470252212,1
3524050285191625872,1
7413516639836047281,1
-5989140696861227173,1
-2707955952829284411,1
-7628611087679721413,1
8752018528327948264,1
3919289188706035513,1
-3521074656752148229,1
-6846228457388064252,1
332365516198624174,1
-5951122542871302258,1
-3884160961222679121,1
3156981357470743086,1
-5852996445138747674,1
-6742492741156423695,1
-3218625839541216198,1
-3972812374307500181,1
3395722466518005195,1
3502810709998382032,1
-8197777402566731885,1
-2235299303205959394,1
-5713410190895063936,1
1116442032768477569,1
3264863698191612198,1
3910178234937326690,1
3624579878093376021,1
-2882323451815449004,1
-8142676210493056409,1
8460258638951811004,1
5338445901786427744,1
-4626797363949323899,1
-3159355051888116934,1
2835802217675126735,1
-3684655767788521248,1
3384714389613445874,1
1138431661440371270,1
8759261577084436976,1
-1100053038837473765,1
761599521482744250,1
-749582317876920305,1
-6074955037922258196,1
-3851807331476088364,1
-8853103615095959173,1
-1919639580680707491,1
4321959341368900901,1
1603138115361163527,1
-5426372092870740159,1
6022312568313897588,1
-8748244698138677446,1
2269134262003282349,1
-5323088293155701323,1
6485228713831511699,1
-2604895136430182262,1
-2690838785400235182,1
-5869051425118713864,1
-5486258797302343621,1
-4789755488165155750,1
-4296233853427529593,1
-2027118833625390950,1
-8589687231344427049,1
250228234203389203,1
2509604479050635554,1
881285784805577613,1
-3488367453874040489,1
-5343119882200530599,1
-7869545693748200833,1
-8121433413487532747,1
3362059642717536445,1
-1533361640424866983,1
737291174988320376,1
-1891472226208916925,1
-9204269412339269633,1
1719826239351669344,1
-1536806622653396048,1
6908993485924629653,1
-7207559056948293581,1
6980262125267599,1
886177107502121788,1
-2756904357776791617,1
8100521866473154161,1
1854793388128386411,1
-8514858024722851864,1
-1875358981340394021,1
-937378687196433660,1
-1317420943614930049,1
682200865098129852,1
-1378953475413284617,1
-9194208535037984476,1
8608499930223102120,1
5743167738164386780,1
6976708262174100059,1
-948816753125804020,1
8158236243335004959,1
6551902686884143831,1
1471299503723666948,1
-7274412848173069610,1
3161660020400944089,1
-8750661768504553720,1
-8324388530528652265,1
-9202351065754209740,1
7375241407561157521,1
8925724711710643411,1
1779349895409805388,1
-4506785824244102784,1
-2625498540046612337,1
4209033316514384716,1
-3374503342742872770,1
-5205916173799680679,1
-8388202558549362150,1
-4655504277796737960,1
5855324771785401104,1
-3203619134968681204,1
-5873730345206687078,1
5489422144553067246,1
8923274304749778041,1
4627204024460142548,1
-1463139942471821552,1
3724383068373854978,1
-6168654665017394650,1
-8899323689677815680,1
-30749362460598855,1
200516706425716262,1
5276245892132157071,1
8330466893441410438,1
2598501353069466319,1
3621710112240445130,1
1909028262099421781,1
-6406447419031765335,1
-5531095942027417197,1
-7790905340705033599,1
-8109291930037637191,1
-2318552996663317151,1
-1682273740102985974,1
5027193296890496215,1
8019055000899314590,1
968330907208018553,1
-7105682556115654266,1
5401262340506467262,1
-8549788026861020970,1
-5789341549053424530,1
6226335404983660959,1
-2965705481440985677,1
4658252685953789233,1
4700144528874599586,1
6670455187712978265,1
3943861017763930411,1
1808349260595199038,1
4015565492376812755,1
1741757232884793283,1
-4153642496614917707,1
-8845181499145692778,1
-6375775531742675109,1
6490659701006560538,1
-4364378419864613250,1
-8726667212138134214,1
-8370403951651845253,1
-7698327707813541258,1
3991007490912559021,1
-738119880485867404,1
3753496249708709472,1
-4190044176890148281,1
-8233226110253620686,1
7358918830421285983,1
1466463325929916260,1
8328156904475648465,1
195710215198013544,1
883410116655539486,1
-8488777730043957347,1
3227982186399162289,1
8655081362559111809,1
4359480455408041462,1
3171656081525938064,1
-6265137332264153376,1
-5635834148320039719,1
-7103668609494356465,1
9007585424395246829,1
5173609661613988254,1
-7522660582707069219,1
-4423461194858508780,1
889019323821404946,1
-507008842896378765,1
-1885738146195919164,1
8627296082339215123,1
-5472338787998068061,1
-609901669387265850,1
-5907294109838523334,1
-2788139239626371381,1
-3574845826476459240,1
-629830513002294239,1
668569307491478939,1
5869556137159089491,1
-4188230034837899195,1
-7520696376627191754,1
-7678790763949478899,1
2353947557064436953,1
2430877887127190264,1
-4263895338488534084,1
-7167425971165221801,1
1305704532739790455,1
6528113225807114898,1
-3331240222759597917,1
-5167922601105599309,1
1419784507584028954,1
-2243965490549749759,1
2584981907063382887,1
-8539423557741117527,1
-8056620368892925766,1
2208823376368740118,1
-2786686749294265059,1
-4881566860123472225,1
-8713159404320668759,1
-8182935931496968567,1
-7447335955992001908,1
-2415716369213482780,1
-6469577020058327874,1
3050665036611751672,1
-8442412287434665389,1
-5115674651528513758,1
-6218800410771358535,1
-8302101112489941119,1
-4000443319561905437,1
-3557032337148374115,1
8735250881123343294,1
5261520897108167714,1
-9191754101575829220,1
8276779369348703530,1
553138451633093598,1
650990341394083119,1
-287088682116834621,1
944100861032831430,1
1083916457685082535,1
-3822866191768720346,1
-3113369555857457352,1
-541583119788053497,1
-7379329531636584068,1
8363531779809880936,1
3603351318329178815,1
-1620134716348188566,1
7001351348158205122,1
1699018497928055839,1
-6941071082375391732,1
-6754218062249726718,1
-5656017581608398443,1
-1113502173538215233,1
6774241531556330,1
-1994487253185068717,1
-3839947600377209019,1
925348055536258494,1
1698125774750833858,1
8905698056616094775,1
-4106074367695426246,1
5952958139332436996,1
-1086229771614053062,1
1879071386491652551,1
2321858560494689964,1
-1387250857252168176,1
-3949369082142211248,1
9190350526514602101,1
1861465980280066820,1
963321223109356361,1
-545744469332649905,1
2123751386343407088,1
9136950813431032966,1
912918970398632548,1
-3418239518071210109,1
185658002330586625,1
-3386911786158050885,1
3209365557396141267,1
-6332477161425561269,1
9147855725952834333,1
-5870140034332646234,1
-5915991761677957369,1
-7569081977397331915,1
8984308815781452013,1
-308948995887505836,1
-1818712513093550643,1
-3973405428540559931,1
2582438454750458479,1
-981298886998984533,1
-5525190481909977179,1
-889135964358842737,1
752189729372288712,1
-5196805656958882518,1
-3049251434109059240,1
-2531185515149269890,1
1300765641920921322,1
8164256776492727189,1
-7027322595358773548,1
3749472104182766100,1
1542806126870782893,1
-4104286419223933113,1
-749830336530441165,1
-6993479495857371393,1
-8346364886025500826,1
1255206435957532402,1
-9066223369800620766,1
-4464120311018441037,1
-602490502943956061,1
-1635007191247182807,1
637514455015643413,1
-9201165666957599010,1
4290258838990663602,1
-5571808811950855977,1
6069895464357953020,1
-2228679976445252361,1
6825237731076178761,1
-2250306866150765644,1
-2956899213947875078,1
-2612237952338738164,1
8870389876159744983,1
-732031530237212965,1
5542327176093944050,1
-7428407813539963615,1
6552883272007026581,1
8395150417457561682,1
-1955770615293603367,1
-4902654570569023751,1
2521083792136310140,1
-4966138611910831605,1
-2015504124993815033,1
7788700437395858658,1
2490907318182427647,1
4037464979172598333,1
-1910458447028440734,1
-8679114055291293558,1
-750362997736828088,1
425591242145780881,1
-1808712178125247646,1
-8683330147682723490,1
5473087359975956303,1
-8419346614939729155,1
2126905198846106543,1
-348454133747226824,1
-4203584681655035025,1
-7001254042931385084,1
4620929133173305404,1
3573098778004895831,1
-8917302517642354563,1
7041827003086273205,1
-3266371291018059789,1
108489809490398483,1
-8805518674094790533,1
1352764939396806949,1
-5355471600349657939,1
-5143935366197968120,1
5541316446966290659,1
-4137704491811654916,1
-4843515751130938796,1
-1660023207405879614,1
-5464480055137771166,1
-7924374057710356009,1
8372117213732989584,1
3266769490179649258,1
8453200839544797453,1
-3034393158509622390,1
-2013439223933721665,1
6947537271173311370,1
8913212232580074880,1
1690356026066484564,1
4083023549582251912,1
-4219454256321466890,1
2802015441239145472,1
8720076186058225949,1
2068323563785436116,1
5833613551273149665,1
276867796220252065,1
2036019554133580001,1
-807944061707653504,1
7448675975996338983,1
2382849577345731722,1
8805017806174279307,1
9171558749015453723,1
4031697880196629953,1
-4735682481008014660,1
-6464026035573113564,1
-8612289827237280585,1
8072828883296239791,1
-56698493720550588,1
6726355673967748516,1
7966433787532825925,1
3925269161413915349,1
4450476371006360323,1
2217276937432051078,1
8236139997991069211,1
-91728507555223230,1
6776039935239122173,1
-6274182929869216287,1
8313292173867901600,1
-4994811922176693057,1
-9013230159282839773,1
-4137048675726117695,1
782440072378817788,1
-935195655824885841,1
6130308987145725854,1
-5521932051258850274,1
6519363857594690352,1
-2654837647257141923,1
4494504445688504668,1
-4530111891640064579,1
4199930009753681678,1
3850224721154819639,1
-7415923156903648626,1
-4283192523232117377,1
5749468523652912339,1
-1270106397244461462,1
-8609016396628181966,1
4224498137029081129,1
7307132477941813735,1
-9183961368532755386,1
3701396957486097412,1
-8371770703050040185,1
-3505380516000139472,1
-1697108073136161796,1
-426260076662343564,1
-4227862769391192439,1
-3485711577753966417,1
-7608996263463780777,1
-6850925790511221968,1
6897106835087201090,1
-2405165353104729242,1
1924089837902227217,1
-7206031093282897969,1
1287377549221219493,1
-4084342975160265963,1
8020923635286803003,1
7843237338222129894,1
-4534637469342868807,1
1217598750369001777,1
4929735560695082408,1
8409039855663247272,1
-8626026426849302758,1
1058961169713713387,1
-8318892296874519148,1
6905890531551536736,1
-6624763578574873465,1
7756773219633988492,1
5230819767166536862,1
-542577279885183013,1
7064975121177577778,1
-8847594077995396555,1
5581375225317460527,1
7516016167948152275,1
7229551424721719008,1
-2177496966702379483,1
-8607188098336542352,1
5435352265321261359,1
-346655149222944259,1
-1384151530193793663,1
-7056075661295203019,1
3800197984056896594,1
-1054772726683562145,1
1938886123407109036,1
-5357956812828648262,1
8825718671391425203,1
-7725915111818111191,1
-7970104485553275846,1
3693603109902264976,1
2608129007877277889,1
4264774469101058002,1
5754489291212510278,1
5979863877774732809,1
-6461935595747098757,1
3088935692477714786,1
-3031531885772605608,1
7640044390397417448,1
-3569259404098792639,1
2693008496135797074,1
8945479632610720659,1
-3815730798086056038,1
-8536443265287145230,1
-3438937766989730697,1
-1828836093788460193,1
1879212003089496975,1
7259775393310442775,1
4071428101517405120,1
1985350812082413188,1
-5448639876257045417,1
-8218940893404164422,1
4479093373341257586,1
-8649445444483433098,1
-777084654947176597,1
-7866759788818781097,1
-8087187697337915247,1
2975318313447162529,1
-8075334637434014178,1
1236114101857647184,1
316566656267285407,1
1573986764394649455,1
774528986734373546,1
4070435786500552739,1
-6085211843119353371,1
376641807926695871,1
8860278322307724732,1
2128403054743027792,1
5893175040688466896,1
6435100403560484802,1
1912191308598176600,1
3454941565332007576,1
5634314247643862972,1
2610978685096841738,1
1720436178590461132,1
6698445471097413388,1
-6218639933962508552,1
-7234505995364003789,1
-8470560663370204591,1
7599094247163860886,1
3648918547685319629,1
154622289079414413,1
-2229306075254648611,1
5474678619407465510,1
4340272679937729231,1
8314796071884135264,1
4919138624778976606,1
5567045550530180722,1
469217706579697183,1
-1036422131355588653,1
3538438045502727532,1
3024621238146688853,1
2343968941728528339,1
1918996655606488438,1
3626511946394804069,1
-776947720768825101,1
-218026363235132491,1
2656077042710557923,1
-738396748953992216,1
-2751148401963939074,1
-267381046099944813,1
1882311435852376010,1
-3725422018199871877,1
7560867667869522742,1
-2354320697506284072,1
2162459974686213254,1
5290675447527172068,1
4672566800325810963,1
-4452865638986967795,1
8709189959722521651,1
86902117182664884,1
2598732723639655435,1
4374951634902175081,1
5808265009955810534,1
1242859605723859827,1
-812511695536986365,1
3296928354835532796,1
4112347851833779968,1
-5525806488352532787,1
3768967751375122580,1
-3538470492142580166,1
1806331756478782185,1
-4119810321623351309,1
2918019295734857712,1
-7814954526166631951,1
-2925211773301443496,1
-4942423008726918556,1
-2917544587946703356,1
6644564509853263358,1
-1237953934037324251,1
-1988933970518348142,1
-4214206321818588583,1
-4599557452021296219,1
8172860200666689708,1
-1558836694467794266,1
-8637960090061567033,1
7166012878156194975,1
-7337862070366920338,1
-4244094557042665052,1
-4854568752639107558,1
-600462355338517822,1
-1168683118060836775,1
7377281477412363868,1
-4239799532377142713,1
4848777196359560473,1
3591493319455053492,1
8071664844342254826,1
7075182363496274346,1
-471547328252059153,1
8339772624361682663,1
-2610315184274575860,1
2880459377428220767,1
696293894593680908,1
6964915017760891422,1
-1769971193179452586,1
6811251013175505429,1
-8361372826135853273,1
6550548172464723624,1
-6530638173623524926,1
7012361026872199987,1
-4530958744248087531,1
4855898560993343703,1
5432195435199156964,1
-7435927137338158795,1
-6197805599173747350,1
6144093364405425644,1
-1138281207815115675,1
-8013884316792456005,1
-1194832945087840376,1
3502464965260447034,1
4535586042118080717,1
-6860569764062504135,1
-2792202310983818261,1
-3617038866731846251,1
-3553185122023706576,1
6790735189667690804,1
5748205913615972401,1
-5643244123896239806,1
-8062192926101694206,1
-8611932721906547205,1
-4044285940154612885,1
-3603445988099827940,1
4271824289405858814,1
-5329067173468049639,1
6393397829665314632,1
8706483294806265172,1
1131042046158241591,1
6984682581277821890,1
-2642095547777201259,1
-1595384952332350654,1
8606342234732498354,1
-7210332522110980721,1
2420621383614277166,1
-7307159532463445555,1
-8811152469662369250,1
8978869805017863505,1
-7054519166019525182,1
-5916656649029484398,1
6381473212352287512,1
4256389883657598465,1
4111467141722580219,1
-8985910921924919068,1
-5522359488333152764,1
4227011620563185069,1
116641624426299939,1
4293510582394621,1
-2557299444224793147,1
3992213761039688593,1
-1392969145437643368,1
272213692487840675,1
922735561286568669,1
-8226871061776983143,1
5066149809545969052,1
850730476488361960,1
79107679566930295,1
8960922075134609230,1
-7774913564246780855,1
3770020999226995756,1
-4733668646410499827,1
-4100466806848950254,1
-7142061978332293471,1
7291705371236606971,1
-4435948930044304954,1
-1516858009808170949,1
-779097836453915237,1
-6237951257170207610,1
-1007802108692592007,1
3858620461521442640,1
2109250416699527169,1
7614105736156541390,1
679748856961597091,1
-3163521210584390870,1
-8242951466467368777,1
1768127646067696665,1
-2058565275598997444,1
-1356391455153652412,1
6296531761056994870,1
853951602895812212,1
-5316203330043512157,1
3126072697940193959,1
-3941868109096690084,1
3998081553490942133,1
8826610309102199269,1
4782791166992218805,1
4278000023712516543,1
2206420367354135023,1
8233796735024897694,1
2895943713943009167,1
2493257720549076866,1
5832651331904078188,1
-7716102103812028201,1
-6511085694710123706,1
8826662248630183590,1
-7375485111315339394,1
-9106577437829486594,1
-8434802872958030250,1
4334334217028439849,1
-7810021564760283351,1
5690005232237514807,1
-6291936679107424747,1
-7191302578586006145,1
-6906297528347286448,1
-7009257759821102754,1
8338884504341971238,1
-1195557284921330432,1
6603049853857993977,1
6089642677164952897,1
-7205665438468856793,1
2276767542152337183,1
-8032890656701015187,1
5596420053797696753,1
-408576044705638987,1
8684559672409676103,1
3241114136743920669,1
-2161433587205481002,1
-8857617903532734275,1
-2966545959257962353,1
5173834756491947166,1
4591704666954520117,1
4720338343601156642,1
-7844586675577843916,1
-5535153639327515410,1
-3640720398564412904,1
6943292289215958153,1
2624672456029198261,1
2330054269065558572,1
7747076253428181238,1
-5141279610756428787,1
-1494265928502318309,1
7532297900759142696,1
-1670869922634239855,1
253287863780427789,1
-6735178966537730241,1
-3279857920783398366,1
8593634838013552922,1
-411640368220033532,1
-8386856266901070332,1
1163953596142359605,1
-3450678167890565881,1
3538326869319669291,1
-956858416979346810,1
-8097990626227606353,1
9063860591150372708,1
-4586264012007268690,1
-5647680332290671400,1
7924927719894358069,1
4280662046290555510,1
2801526825226160688,1
-4998732435624378711,1
4171045974101329324,1
-126109858367985730,1
396025344579384141,1
521440359126029651,1
5809248540636063787,1
7938302833177568245,1
-2634254500599193544,1
-695773800316556249,1
-6945148331980421271,1
3245943276478743061,1
-1666643390130180146,1
-3008089369971678217,1
-5643558901044260129,1
1297294327582605134,1
3378483401804343335,1
1710361390143174974,1
5064214821533678951,1
2926024214507306632,1
7872365615056899440,1
-1160157955360710462,1
2721469560626423168,1
8246185568802323614,1
454580563502298503,1
1023510809418652133,1
-4634087944743157896,1
-8924319701086290600,1
-7582889461123732259,1
7275458731480004502,1
5656479566238981018,1
-5816309403478989571,1
4591641596799731578,1
9017443161120102339,1
4805380897607641540,1
-1383495431830901983,1
-5766460486999384027,1
-1176079182181187524,1
-4415949117619164279,1
8824398860596361043,1
3206168202457919192,1
7720620054588462854,1
-6100472800785500175,1
-5526606881848099653,1
8004819875919461465,1
-3748464094321172301,1
1472294307974498218,1
8754497068633527514,1
6734152741047046048,1
7094513960216259131,1
1151744582253146517,1
1372083106875180437,1
7377369844835267388,1
7294639574358177292,1
-7757465777670180570,1
7399649707802299579,1
3806342535243241429,1
9081471224144319313,1
-1462584643064131635,1
6613844536289794763,1
-8692636084790898578,1
-1644397116351443205,1
5521343424011417397,1
4425440844049866026,1
7796303356765127753,1
4718303949409040811,1
2019357107532335858,1
-1148242363495988249,1
-8257538303834429430,1
-4925726369944905267,1
-2113852445891262282,1
3520397380908725123,1
4611197479136836397,1
-2424509426700703559,1
-1956881114380833887,1
7112381745142811687,1
6716215558966638607,1
6447794659364547656,1
-5218761535039499476,1
-3605192288817599812,1
7198953090310316425,1
9122695991001471367,1
-4442672382763469764,1
285677302450553481,1
3076632277137511869,1
-6453365073697748851,1
-6548928219948427903,1
-5770857629190913074,1
-8397451947357855889,1
8383577262737146518,1
1745484710751169666,1
-8994048027479910141,1
-1440319626249684024,1
3789190029202367952,1
-6077974428836508663,1
-2808071955816636020,1
2816503650668030158,1
1428418177226178346,1
-3961894880418860777,1
6800474816242250813,1
-716018712571977925,1
4999755610035251700,1
-1511508332875667622,1
6495667813612662548,1
1414349134191362645,1
-2834945767955638500,1
4931685492903556712,1
7355585332534338405,1
-715050910441502105,1
-6196911336404759544,1
-1823493086377713914,1
-4332227822721048397,1
5830907693117267391,1
-6571178728542796146,1
-4257738633604762240,1
9222977284318094863,1
-7593990732622458115,1
648278417544383857,1
6548138065692219222,1
-871183524791360537,1
-3625835135558026250,1
-8467131181495938615,1
-1885442609398148398,1
-2651369195157098741,1
8762256389746947609,1
-4250435342299477328,1
4563024673516724441,1
4404605484777204199,1
2574733946685002425,1
1189081639909386937,1
-8595545337413575992,1
-6852699687747542621,1
5230479462536140630,1
-8154072621695208884,1
3571186589297214623,1
-428393484388201663,1
6297310021134118042,1
-5376177488749399583,1
3311933187685879651,1
-1736751189592684843,1
8610570029844400222,1
-4797101127107053122,1
-3238335884532054195,1
1621003649043517873,1
-6693160327077643931,1
-5946389647280147359,1
-691635510968617102,1
-2592462360927578714,1
2591849935833047190,1
497546164905464060,1
3450075362813741236,1
3482826909075791503,1
7571000716606828221,1
-6450964140148850494,1
4190855545737581461,1
5000252343858671186,1
6495473028166678127,1
9165594143848941525,1
-6171797790856131968,1
-8766136650088942111,1
3199658696724833773,1
3508421109654651968,1
4509916450423252200,1
-9167395940520922742,1
-6879603420073713892,1
7981683828990615878,1
8542489324957878404,1
-8172101090130434969,1
-5447308453091208453,1
-2090319489963024318,1
-8764582831593948512,1
7317161291971023137,1
9097637691788753673,1
8940911634281827110,1
-3388483318988983438,1
7295839612363768044,1
3678181448129447306,1
7757372223071121951,1
2626517161078052083,1
793887251699156186,1
58745900805686050,1
2310087510357863104,1
2153487853899958044,1
2762656623217884423,1
-7349349619054302114,1
-8462313276056240232,1
-4054702998991946124,1
3774317304686996103,1
6963705354394645106,1
1016259728744025545,1
-5431693611560879988,1
67693508649003115,1
8896752554834864155,1
1880622717033978716,1
-8712851431986803677,1
-4738230725797928092,1
6619347796944791964,1
-1112585254169909638,1
3903449130350684838,1
9050837011882982935,1
6371368725173776008,1
121368819582534857,1
-4864324217495850516,1
1452066963692282437,1
6426747437181300000,1
3083123897780762638,1
-755949115158893287,1
-6716922454950569831,1
3772974580712078457,1
-5932900608448419890,1
3096252091656993013,1
-3622610024039734014,1
6924464345329903539,1
-1949558875535055686,1
3743167939500690823,1
7475859744594261287,1
3346542292926136595,1
7608028799857655248,1
-6994296690873404675,1
-8794776191659818534,1
-4666294614023693608,1
-4900944285388442645,1
1779651982221035738,1
-7490943109400526399,1
-6767669930455131193,1
-7154019884802687733,1
-5988755080651672924,1
5335170084618978372,1
-5689669839579356244,1
1287903317152291709,1
-862185439262247232,1
-7741824158298693642,1
-3339107509230990538,1
-1011892342573940128,1
8014994596479132096,1
1595936836653490296,1
4245174298976722171,1
-1742642617014282349,1
2025085801378991558,1
-6205288522808701743,1
-1050075357939168235,1
8273595696165034181,1
-232366705522705578,1
-4961085671152786443,1
-2876409623214038289,1
5897120893519538661,1
-1957644428845874218,1
1131833687493641278,1
-1139310098723955342,1
8349779086002824101,1
-7196956319550696361,1
-7986567629683882234,1
-3961480380960570280,1
2085284148580366249,1
8106809992694630813,1
-216351039203628311,1
-6400345811850118703,1
8049608794275665626,1
-7701410527284547726,1
8893270138779291888,1
3023408594395984597,1
-6423621558684318277,1
-1265710400575225769,1
-3160604641075808275,1
5243844970598777050,1
9168810179360554997,1
-977884293982131380,1
-4227409495774894950,1
6269985211986987635,1
-6389929189395743961,1
1854419870217846877,1
7781516017298929513,1
1528413471035242988,1
-3689034915236901681,1
6323964717932816690,1
8743847551769363124,1
-1088240174533042130,1
7520436483252277711,1
-2131270822772396015,1
-2841255476270801218,1
-8925889109943212178,1
600365636956571122,1
3827105584473779244,1
3669147711876749871,1
179545315891272158,1
5258651147747201598,1
-2968705630788300010,1
4250438678963960966,1
1958058535418979900,1
-1734450745404166246,1
-7094265314312083242,1
-1212731875055032972,1
-5549751037598018103,1
-3950415072626489893,1
-1539213006472920512,1
5312237206963913898,1
-8458742247026519058,1
-1334320574994052812,1
-3841898206880497108,1
2538236397110233411,1
-3337441567287719467,1
3034673286678188838,1
760022584105366489,1
756019865414347369,1
-7957658553875552474,1
8543242110653959350,1
7091600826898760795,1
1484429636656771384,1
1846546502368888077,1
-6380470268216055126,1
-1854777312280150195,1
-5028518309829916415,1
-8903726931297234417,1
-1525487468917871229,1
6483356027386896851,1
-3644703246164723671,1
-7193013840776317132,1
-946085712446808074,1
1095227639949551408,1
8999784918311021443,1
6671739202280007093,1
7565500896369578305,1
2494610616068246176,1
-8265161691910911566,1
-8067711354030132036,1
4897321229154829465,1
3566710190416321807,1
-8277285413277499390,1
-3643616439078042439,1
-1336483719829319612,1
7437604861092355591,1
4618701447079993855,1
4295993658879073090,1
-6052213572189240605,1
3956830162813011126,1
-1090611904032231709,1
3993989158952930349,1
1793063471488375763,1
-2776980591438369527,1
7253380109301487034,1
5424219926979365902,1
-13506468545218601,1
4130292420589480721,1
-2535300621928253549,1
6596898191791044709,1
6550410603285096458,1
8236635189485432311,1
-3802167511412558505,1
-5351643311300298036,1
9164455231850696310,1
4589040465275962245,1
2763364520416069486,1
-4540502604660411186,1
6111640132594894859,1
-6960603461109836869,1
7179413152090639995,1
-387324767750976368,1
7014064337648877017,1
6613331578316115092,1
-1074707207261509830,1
601615279183000992,1
-3340775553505848703,1
5693228540008771511,1
-4994394744451028223,1
-5038176958279617430,1
-8882131314493360088,1
-3949880904565103556,1
-6550261311719062607,1
-1440322779095240595,1
2523553817126073763,1
5370097633484712755,1
-3686363908418595988,1
6929135698761448138,1
-2819250962140707861,1
1152769671745365121,1
-7958804925476654652,1
3823200682964951704,1
3284046601374809256,1
4380484478474407226,1
-5818204078637491102,1
1474446818256232012,1
-4838346829088926606,1
8125211340809688326,1
7853602600713568335,1
-7835723066751869505,1
-9126697412074651650,1
-4137855713810450938,1
7168078887398342405,1
-9088894045777976848,1
8001915139322099107,1
-192310286727580270,1
-1621349946105283336,1
480709849993377145,1
5958304071321352649,1
1873900591729252807,1
6654118928390481074,1
3934655595107514909,1
-7048228306012530497,1
7885614469364814215,1
-432053115164913704,1
-6010317788140760094,1
1664576519902513371,1
6668751170309011355,1
-1758586088525798252,1
-8788115810677106979,1
-4700804810446722839,1
6493089625680262567,1
359178723490244348,1
-8447676733017314508,1
-951491810873970867,1
-5847755573919979632,1
2680672598665460359,1
1498984220248573804,1
-8442474052541194028,1
3016652729107656990,1
4585601522324978221,1
1001522669441929169,1
-3421779487103931826,1
-6424325085245806540,1
-7435841157690667180,1
3708638297179269381,1
-4631288733152399988,1
7356546211887077170,1
-4053906853834632598,1
2845766280983595483,1
-8256005388275262805,1
-695357332905777945,1
5160541543940185972,1
1297479826642736655,1
1975546350323531968,1
7320556378062922839,1
6201120192162240120,1
9157661639462226893,1
6570149916067285960,1
696419950442742065,1
-6603279234903205230,1
-7952734526526309923,1
-92154263566471337,1
-8104078568997580322,1
-8581666042621811348,1
-2232477913056626573,1
7263550581012111600,1
3302966347910175224,1
-240531678552742699,1
4073208430627226778,1
-3760200312123436195,1
-208872673424649771,1
-6075947034775488013,1
2593586518036222066,1
6713591902261064784,1
3317785556164758171,1
8248594789178632522,1
5898048083324505864,1
-7146822269360372768,1
-3280644910310840928,1
-567466156163194813,1
1067465194588386532,1
-887598689553629908,1
7823556153931691141,1
5777887042901444700,1
-4200141372817573312,1
2552212406381424036,1
1145029303122895548,1
8185741870963924311,1
-8119462276786149591,1
2360933497532828499,1
6030647033797991305,1
5440925951795637072,1
-4495774616139232134,1
1239057627127480380,1
5809917369762055416,1
-1367259722441492420,1
1761287507841302208,1
7604874631034342742,1
-6140775691096910347,1
8910590316849758509,1
-2418048122538117567,1
-8889265551387890589,1
2710676685953450249,1
-273731030666368915,1
7956498682403328180,1
9211254261767405357,1
-5779015991675845177,1
-2701192886304270398,1
2795206611812894731,1
-7240135465559600461,1
-2829845863307321340,1
6080465030352919820,1
-4562482158661366445,1
6155543496081474844,1
2720017991139099506,1
-4188934661454377033,1
1602139433595461039,1
-3177432742393771158,1
-1505508160993934634,1
-2592336908581018466,1
4642769041094687497,1
-6786500674695954861,1
-2648544797713826460,1
3248429950329930870,1
6610794227489474074,1
-3047411263529856096,1
-8958502178404974156,1
-776014193340454828,1
-529894401988160815,1
-1432500448970724599,1
-6642763459867446844,1
-9010412278701726584,1
-8548549295147148683,1
-4685845311547258104,1
-8642830149619412967,1
6293774218136993492,1
6699397780689995021,1
2162109889539013474,1
-5393058970436707971,1
735316911783817196,1
6831099120281007267,1
149097443796349375,1
-4054000755388641379,1
-8599100607456457160,1
-2925397408235671993,1
2316276764355070413,1
-4562599735860758401,1
-5279761606238001064,1
-8372618582634731033,1
-7652612180733795710,1
8177248396295743427,1
8169603353212069358,1
-4436362167790620146,1
4539868617912621866,1
3770771078341427894,1
4265019519459817097,1
839887395294696799,1
-9138692472144824046,1
1010258848449998810,1
3501541249837367084,1
5640864002017651068,1
-4468872348691915114,1
-8814143493689762313,1
5489924820149895268,1
5238362526906890834,1
8267737854145346156,1
2239412483273716180,1
-7283824640543594539,1
4011406383227819632,1
-1624110784917733465,1
1587411889019944454,1
-719793633777293152,1
-2473074027959505624,1
3870151822328259682,1
3657850294961744812,1
-7144926717144190623,1
-2594270566769791096,1
3384002823872866737,1
-2466600452609532940,1
2158294340364646528,1
-3217943001048238425,1
-2561503790534928868,1
-1175495740568530422,1
4800279509407157324,1
455276120406016813,1
-443261051086429314,1
-7951012729404125894,1
5910266587554495381,1
-5865961237868533608,1
5904417060321818637,1
-8062557305268351806,1
2687493968423400920,1
7911290296727115364,1
611523759690934032,1
4300703084564115201,1
6961210110811590704,1
7086245216923345818,1
-8483976685758933087,1
5568752086933849821,1
8324561252197306591,1
7366048921234280330,1
4712683550292149071,1
4578437845834504676,1
1983748060790767241,1
5174203988051841525,1
6485626473537195917,1
-3112085210808461939,1
-1771325155820009979,1
119020987618232970,1
1364385438296862873,1
-7574116969421420684,1
-7627793063952164049,1
-5951226098063201909,1
1226625510115295884,1
-5561245534723865002,1
-2898863001274977758,1
1386300251945431135,1
417228000373054749,1
3015943030423802554,1
4624765841594544707,1
1232204645529607764,1
5442676151738982292,1
4889137954131387497,1
6943104000249743643,1
6163936051216399088,1
-7743912737438215742,1
5314755835340662285,1
8206368234989953600,1
-335943425397507230,1
9337305142300244,1
5992046916675508594,1
-5475509899396141623,1
-7255944071331134238,1
-7093410484985210482,1
-8715635129014279303,1
7314810308848583038,1
718633798198735060,1
-7861632260156295991,1
6378703173742622534,1
-4400356310673864553,1
5978757078499603518,1
-3742610282507464506,1
-4730265609252091035,1
-6885279409734820073,1
8837949551628444687,1
-3081936150535557030,1
-6331701779782606613,1
7100782675447126715,1
-2403555509364430132,1
6018985083021780524,1
5158533475495674383,1
3304426237347394782,1
3694705651209761590,1
3966027723917211202,1
2831229115144702493,1
-8081326368922300263,1
-4766069370279138869,1
8275724529639535444,1
-2483916620983584499,1
-5010815496057803613,1
-3033688388213142842,1
-6887909708512894987,1
-7692035242083562214,1
-2003640466013100614,1
-291265435599277224,1
-587313830312816777,1
-5898087907056025153,1
5015845188435813314,1
-4680371243958097641,1
4007297249862589950,1
5984215812551973328,1
8254256466775260943,1
6029248388328868551,1
-2864407845259298692,1
-8403717508378524717,1
2923328662172365590,1
1231506881126334915,1
8027858922310541926,1
2915300085393559958,1
895320547373259501,1
3808901945351900323,1
3104343741421003081,1
-8376866390244606030,1
-3387795004006766933,1
-8202139331567887996,1
-5814286545879209579,1
8955727905998139210,1
6421716858448396604,1
4224187034818813626,1
-8592110196449926486,1
-8747805819704524900,1
-2744333594184305259,1
-3975411225020362915,1
6770244111634807734,1
-984401971598855895,1
8128213325508387613,1
-8817171802955647348,1
8900721560662723566,1
-5456189922463449236,1
-2062567558718346408,1
3885450989179300738,1
8825665226118175997,1
5537914409046672559,1
-4063025453343659867,1
6628527147926080177,1
-2327527656749128614,1
-4627928445933922746,1
-969335921839464648,1
5549879419028910046,1
6046109600107854607,1
-4686916807620371772,1
-5345093993957036536,1
4923202275696007339,1
-2084803459031663946,1
-3983022906808304316,1
6479761670268658006,1
-2394485156644860773,1
-8307170630280231790,1
2120432130328428439,1
-8583574191905582999,1
-6690020696461127924,1
3657974220994014933,1
-7809896704180207931,1
-1269091523280084286,1
-3753544024457941571,1
5872441241692457912,1
3079846978065609495,1
-6411581621911994273,1
-6821518749828261238,1
7515487536212738408,1
-7275950954918898671,1
7618640139811351197,1
5903857197539915150,1
195489458615590359,1
-2333405483571671221,1
3408435733711873456,1
-1303837896732216012,1
8322279026832248871,1
-7491933865117075820,1
-5490843808865432558,1
7818953304253959281,1
4807801587584590371,1
-5462935951066804267,1
-8356115176159843828,1
-3348259786486993808,1
4543621977461450641,1
-4268022965466699023,1
-3039318647502541081,1
-7676062145013308516,1
-3355538204738726175,1
5477725180240746751,1
-8615242012848809977,1
5034931242675329551,1
6973773767094962221,1
88505681263858083,1
1191264840081257392,1
6608205043913205419,1
-3628751154548164714,1
3859068619322796116,1
-8539841062422071156,1
8963515669703659162,1
4626089345339028821,1
6590785794907992161,1
5187647024169084018,1
1053329825721072076,1
4515934096154287141,1
7021954504215636903,1
7342553915266508160,1
-2380532141045484154,1
-5464377067889095147,1
7005586788637074646,1
-3427714348604639281,1
-45878036427073258,1
-3557710438877613077,1
7104524090958852729,1
-4566598791515176215,1
3652175579591824597,1
-516594992706799429,1
-2188354717346784474,1
-3636666946764915619,1
501951875314362214,1
-2196944678384058140,1
7013571998666565806,1
-3723756101932705748,1
5287733175848037135,1
-8790688061813864670,1
7535838197119299944,1
-5692137136319929463,1
-5293984465269007181,1
-457916390279394589,1
-5394832593451888425,1
8427908067182444094,1
2023860571963734646,1
-1417445298777803428,1
6993935630289650532,1
-4381763750640550439,1
6416009552080327266,1
1477221121720683858,1
-1447313559653651619,1
785685337991498695,1
547424237492097505,1
-8572206026135289633,1
2067884306429563546,1
3577566255243603875,1
5304269818724681124,1
-3881839286442732554,1
-309430242932542432,1
-2975083293051276554,1
-2794437082025998755,1
5965238904375096707,1
-2266162664136359672,1
-1033416858196652717,1
-716500082592490484,1
-127876940259879317,1
-2302160830407587395,1
2822680279182144542,1
7354052193407919165,1
-3577345840958341431,1
432783200113765240,1
-4314812084966686716,1
-7437535146757888642,1
2098383737591017239,1
-5131089499195376597,1
355232881172794091,1
-8395291069121771021,1
-4200458219343857491,1
2240382065556276070,1
3117991409668995624,1
-2772600109075060619,1
-1207138059436127078,1
5360173427283658927,1
146884278584748843,1
526201003571910519,1
-5112669169925517552,1
5669555833725518283,1
1290820120369151748,1
1346931974243941327,1
4085629255301419296,1
9177215983274316172,1
-8996262872724991105,1
-4977303219736951775,1
-6083271680550433715,1
-2367330656132117761,1
-5477592697733820895,1
2571973061688606041,1
6094898374867525156,1
4596774504385287194,1
-7000830952376617232,1
-7114883981323859335,1
2130597894795251081,1
-7871515293660057927,1
8588710376407379455,1
-6274981737347462329,1
1644324469002369144,1
3839773128902347426,1
5284066766488834426,1
-7825465617194492369,1
-1173375383468981012,1
7091710046741925857,1
-8098072060441360468,1
5744186909713846273,1
-7753994407990806514,1
4191603210093627346,1
2540931026122347133,1
-365671865910825084,1
5297981661736307818,1
-6052464050027424655,1
-4442134177725902363,1
1662183045985956766,1
6383337670862330942,1
3049792164430140607,1
-8033221423673561483,1
99270988803011182,1
3849656551509708137,1
-8403710177652608218,1
2498149222286152537,1
-9035454508576597983,1
1964980335106361071,1
8757411884255586812,1
-1758824159649611558,1
-237905806168618149,1
8173903094193558687,1
4841718659674880599,1
-8246370819702299407,1
1427287132787763859,1
4682569538527357286,1
2055923177087379345,1
1572308676666015311,1
4645296786673118969,1
-2013781342498223692,1
3750897194660462339,1
4424909005297094789,1
7763306033134092070,1
7141136645814432082,1
8822922261091314609,1
6383191627158158857,1
-5494383058630711126,1
8483548734307449009,1
340018962632907818,1
-8953189990014788730,1
285644802065260571,1
-7969860716518285704,1
7869309837567298747,1
4275119274771181452,1
-4234426627871268909,1
-2743147147871702864,1
61865569367998487,1
-6647126048483414778,1
936437035684042653,1
-9151549752887806438,1
1448881904144166649,1
465155529344222107,1
5382916227289976827,1
4366655899315741960,1
7686814968481051969,1
8672066059495624993,1
-5888938431027487531,1
6729673241680241937,1
-8395218090440504011,1
7033671340861377675,1
-5308243086700023046,1
-5861618817934486666,1
-2708486771632938321,1
-2706791345706523767,1
3005562006116661284,1
4680417009949586373,1
5721493481288426580,1
8459339447767908283,1
-3591670143032562290,1
4949338151753873266,1
-902225323813582985,1
-6236400876928087159,1
-7080877135820288948,1
-1908465051369298902,1
-1749080912934938763,1
4723293895648259820,1
4067973144142013173,1
-7039626745783366699,1
-3649757744669479406,1
-2280918694456787598,1
6757949957791864365,1
123318189325514783,1
8211018631901370356,1
-7986170856736476663,1
2946409457399679171,1
1934551299503654139,1
-7171252759794967403,1
7456488087268644330,1
156310215134517755,1
9045348877249906847,1
3090376853701464417,1
379775042251030037,1
550096483978295064,1
-1769592380573269511,1
1173322371675676184,1
3599616812655809304,1
-4980646942229555265,1
-8011829612274018257,1
8128190351418711812,1
-3628206664849454918,1
3626727707026323254,1
8329316963923431544,1
-6390123425186045774,1
-5549996190697652561,1
-4714714403042565145,1
-8006939281740933884,1
6817218551379517461,1
-291455669179887862,1
8126641460940130055,1
-5752729439903830066,1
-3808303026790212157,1
3607056542513494302,1
8706670321003866787,1
2961385238989885051,1
-8035600927751448392,1
-6389379329572097124,1
-3715922891887442843,1
-8886531220457160608,1
3289602193048239038,1
8574241573171641155,1
-816081908453911044,1
8670148631685207679,1
309507781029537721,1
3526430872997926285,1
3521842598094932686,1
-293686188059570869,1
-6518631260818738059,1
7752193251247523254,1
5761395478091847430,1
4572122372644771461,1
5843092980662004238,1
-2175654663823654699,1
-5023031774528397592,1
-6878575892736730811,1
7103458804290007341,1
-4734647886639628824,1
3656758065183118604,1
-3959277297568517279,1
-3930295676102685249,1
1484630580734928121,1
-4146392296579097703,1
610733529377289077,1
-6640422607775375742,1
2737056985178629141,1
2388071411015518119,1
3627363234015870202,1
1880510254919032635,1
531583377035074217,1
7659681602387140992,1
-7454153740016986185,1
-7964812049135366966,1
-6089177376073288720,1
-7043988037852001171,1
-9110540981525897588,1
-3367793228218801195,1
-9198258497185884895,1
2293433860154605329,1
6528885064902705693,1
-685614549225906731,1
6905875629119974013,1
1430988559853248862,1
-3025162105508250817,1
-1179922157946544065,1
7846268454628719631,1
3689155248132003885,1
3065426860093413717,1
5297321745561412912,1
-8409389543620851832,1
6198539063199715594,1
-5934990120956508265,1
8493683995790273763,1
5413663929059476605,1
-8948179882411409500,1
5343291095834873955,1
-2707306151127645424,1
-6073692006467872973,1
-8683857590614511985,1
9214096056551816865,1
7805109278161642707,1
8501640196107964976,1
-7127518898889660334,1
7033364412011700435,1
-4337023828258313392,1
2519817972044777521,1
8696378444970182262,1
-2865169215185993544,1
-7831637639547898021,1
1819204998851512376,1
-7264221872215880645,1
6385137677562774046,1
-5165544056396039048,1
2923580980178813222,1
418202901877436607,1
-4571391414561845442,1
-6503740200961941750,1
4626713235801342022,1
-8244206277912665451,1
2015927073985618430,1
-6020154275232806680,1
-6533231217838620669,1
1022301336756751318,1
7656043584148706990,1
-2744941114922638253,1
4301269303623523663,1
4675545368427808114,1
5129199420769919317,1
1039510555783117855,1
-5079194923238671329,1
-904950855290239726,1
-6808985544595069464,1
5304253313934264281,1
8149227869981579580,1
-8527470597153482522,1
-8123891214273922346,1
8553868832102862344,1
3457400376525019670,1
-7211281095986976155,1
2572286699662201983,1
-7080363905889828621,1
-7478695794797168784,1
-8420635241229770526,1
4810335201794312810,1
-5194610162272403827,1
8948012843578277168,1
8326178904508480552,1
-6221182926789850466,1
-9217424993226798964,1
-5525268755819982705,1
5045035845937024585,1
-8337844345714646575,1
3876536755913193842,1
-8315228919166308362,1
-4168484633251770833,1
-8492105576967680407,1
3863209221589934794,1
8634622564678119709,1
-8830257231187304690,1
1475116855435284356,1
2583671685703429352,1
6300006823844433398,1
8244999590716168046,1
4905553703514647267,1
7189668980796746128,1
-5521106391101668478,1
581651757055806283,1
1483151117502214064,1
6067362578463945274,1
-1508948954548315097,1
3792081115047095865,1
-3490775284453386348,1
-6563351475242506071,1
193973839548320374,1
-8931038970001320812,1
4370206129465359867,1
-8890642179963579284,1
3110249748057550309,1
7304897785824997247,1
-7710728313134721212,1
-1338779291543933090,1
6901871906829160948,1
7558384924526468196,1
5068071275005859276,1
1811196364525824246,1
-5153207970980821351,1
-1259685228546554152,1
5434812845041280412,1
-2360628996435388464,1
-1646864516193865671,1
-5496220807484921761,1
-105136489191165572,1
1521667868863385867,1
-904367992962466105,1
-8599336192920798300,1
3192092737152919519,1
8398461307410890016,1
6729187330706265863,1
3899626184296923262,1
2924354837020461136,1
-8558402166696199705,1
-5957350162734400817,1
-7032445568656519266,1
1098799234334907428,1
-8061121420772521997,1
-4326692056760596511,1
5316948416622503470,1
6678773860842456301,1
2598368690331662407,1
-3477845792514161031,1
4615367122600572884,1
-4426120871387380571,1
4249607885492534210,1
-6027523748738759114,1
4663598058749545998,1
3697515179949556403,1
-8688869868102539261,1
-5988932067596408853,1
3036956671582290450,1
1497666766794560667,1
-8141978489817899131,1
-1056287554228842837,1
-1704882999420149695,1
4346083126929740773,1
115301141957480231,1
-347721981797842258,1
2341962275289683380,1
-3886961513812785489,1
4758961681862151489,1
-1901227440688273454,1
8794574206906425675,1
7668147377537692712,1
8710263674323059738,1
7583439945274185461,1
1589431463118726195,1
-2518225848174953553,1
9196444033528910290,1
3610303883718257416,1
1892325448230797011,1
8514292621708694623,1
-1524615856299341633,1
7305030044268756001,1
6811243241846911617,1
-345703256311599828,1
-8586549667560069020,1
-8633218466101359714,1
2985420472727114606,1
-5742384567864795550,1
7201099646264339289,1
98595141092880606,1
-1633992011656511287,1
8054212779169850964,1
-7877675397860836983,1
7846420025837420218,1
2974680721441705245,1
4266842845734183075,1
7015534312017752899,1
3081934606564524351,1
6220440506211542823,1
-2248732008372726572,1
4334939043994446803,1
-9214993664846005611,1
-4724125907182912060,1
-6804479218638992283,1
5296227506927765660,1
2204744976597674877,1
6068642850322654402,1
7429863685464176236,1
-8206054099914167969,1
-1764722896840816461,1
1743918914265861505,1
5087912455185382706,1
-3731211258475568270,1
8795689448746253379,1
2535391089182503495,1
8362011621475578558,1
-8831694203907989422,1
742792486332361725,1
8431164151105180174,1
-1945882501909826915,1
3902189295675169601,1
-5507847866841201547,1
8692637668848752579,1
3169644897537194100,1
6596708622882407667,1
8153989236168928441,1
4277452403227483645,1
-1929973178969608065,1
-2312049781835783316,1
3203619880076293017,1
-5061511067572604669,1
-8145915711305511852,1
-557559100141641813,1
-2324000724767702159,1
-2952759388040604174,1
-3499959350670076478,1
-5837891700473868474,1
2913531855005613306,1
-2272388294804965528,1
-5617439000527792567,1
-4896425890001596027,1
3486510536807187039,1
-8467541682116318766,1
3124224291981560586,1
-8693006854060238772,1
-9033308190539030785,1
-4624474079280151668,1
-2561168519216337172,1
7474199885664379668,1
-6706495796658809387,1
-6494632233880111135,1
8643617902163144800,1
865773302322084194,1
-4618927175244677070,1
8010671751003413299,1
-2083760495242881566,1
2011872149061482979,1
-5713781809247303155,1
8460951614818542579,1
-2118415992213862833,1
-2497388702264679959,1
2333640806115341924,1
-6668928497936596963,1
-2935741852096782398,1
8415084018310778568,1
4005034782664301810,1
6152182185478622349,1
-3659133069827247219,1
32525992272987041,1
609928676369063740,1
6546962107088441850,1
-8922241528660846092,1
-1761545718747446871,1
7294595875260285023,1
6169852070689708746,1
1532435016327085321,1
5018104897107992464,1
2776647770095608671,1
5638219335888534492,1
3854851213150413391,1
-3112038134018787969,1
-8658264071149245829,1
-1903870427595343160,1
-5243348648387517907,1
8385419259238398979,1
-8149954865729180192,1
-6765808517532930882,1
-504895535945431955,1
-7271673748302546314,1
8463757477376427623,1
3320567679225575259,1
-3406225694305758376,1
2757806086073013759,1
4739717473142733219,1
-1658392494092093835,1
4950952229464945343,1
3002771695730495792,1
-501501664922359064,1
8686927486947383850,1
4747114602922868271,1
-8736302792323760829,1
462004172586652660,1
-1457809028261510658,1
-4661127057199810157,1
1457466627350429255,1
-5890207902161637779,1
1893014165377542041,1
-2567304959858890322,1
7923544038378135790,1
-8242824747247566057,1
8962542415890073918,1
7940805585268734881,1
7874732176233775617,1
-9049692837808090541,1
548523976717791355,1
-6476643370519534466,1
-3551373676755642394,1
5079808887350584074,1
-4595124754958971312,1
3922623432483797588,1
4890235889724748347,1
-1679981771471174544,1
-172661829181881153,1
-8290235985736890001,1
7564937139157926897,1
-2357043522672363207,1
4735257541567384299,1
412231492885356167,1
-1080749341188844234,1
-3769624399452403004,1
2433295654267581890,1
9106476955473930785,1
-7272261066053021796,1
-950779931552209687,1
2473330980152039577,1
8763668879365603565,1
2466326471678430110,1
-6691219587049954889,1
-3054153225064952270,1
-5184429397114685088,1
-8182861170850311274,1
5947750666523716778,1
-6801765659794388658,1
-5021212329656178710,1
-4209679499677515864,1
4136954292192912700,1
-2941936826656637826,1
6775042312741726832,1
156952388578689495,1
-3674764941914445734,1
-3727358470820376834,1
-7644158280120150628,1
-5798373283035167253,1
-8023477138300093547,1
-4052296273988401649,1
-2669301271064557390,1
-6114181909338882158,1
7787601456528907818,1
-8891688567808104162,1
2676696302172636714,1
-2818095659708153348,1
-3290909157047019246,1
3824831207610271500,1
2708702197613136262,1
2115614517331504973,1
-3084973045971068261,1
876473134031724389,1
1614660783702300732,1
6174253022331491204,1
2135860611685515254,1
-4722727031203203298,1
-2780608713026996417,1
5203025107072883412,1
3932740186268886244,1
-1250584530481527016,1
-2003431104709507072,1
4380553276703288151,1
-7500332004910989990,1
-603772137592546680,1
1840328607179458893,1
-6883100985157660542,1
-6589717490595632848,1
4496311364172821754,1
4358062848519318070,1
-881403056098893273,1
9123287992141003643,1
6625869511517114007,1
-8607916138435978063,1
-9136948299218379856,1
6671938011727101956,1
1330849559191322528,1
4193117648323135957,1
1457325302346937097,1
-4708879977075757929,1
881980919070173754,1
8437550507387368384,1
7116317145828115351,1
2949955286771831340,1
1459994091618539014,1
-1116800133009910223,1
-8819417841724904670,1
1550913921878410643,1
5477077304584047095,1
-4601006295429474340,1
4361501249144153428,1
1738890016717080556,1
1653544452650582705,1
5114345324102381503,1
3812652928939171546,1
8038485071721699369,1
-5459170461118578814,1
2091075329391442202,1
-798678631576995069,1
-1397022852528054118,1
-66324779510986617,1
-7068987023911586656,1
-67845075161853822,1
-968593513962604434,1
-6873919653755628176,1
-7006957654380114217,1
-1110944464031558697,1
-5454079116738577252,1
401392727844948261,1
933727074486673545,1
6117562187985565528,1
-8386678053869155926,1
4152008996898537555,1
-5439313415073006654,1
-3182419537979905162,1
2471969612246639861,1
-4954293826226663070,1
-6675704755164889906,1
4169202351697523873,1
-9097145603377763513,1
-8280009462819104709,1
-3000907177349677840,1
-5705678993676353952,1
-8634057651345616170,1
-4099584845095278614,1
4800938419189022878,1
93474571663892344,1
5289390756356807608,1
2584312475554751747,1
-7960397158142192946,1
-1515930006675512727,1
4600049264604415647,1
-5306386161796568062,1
-5345533638014910661,1
-3887182697221397599,1
5301480207233264730,1
-4807124604455475407,1
150522061753680422,1
4863755663128838728,1
-6990575406895346971,1
4824688102014309243,1
-5167718644190674079,1
5288955658699998587,1
-7990045397038326530,1
-5053936868275800599,1
5097557479889460899,1
7768570505351824985,1
261012912973689449,1
-1447289589007380118,1
9105642816571968821,1
6988388073816125092,1
3200473579493701678,1
939454483719148829,1
-3242203942897031221,1
9126804313606634950,1
-1326643484579064435,1
-7260957543631079315,1
7197015327633606606,1
2187087203664204451,1
5684345730202103992,1
9117675111897640157,1
-5654658077747794832,1
-6284367771334418510,1
2817195812824959836,1
-8932650220249557791,1
-1561220685807722011,1
8516636374908988294,1
-3429082362106804558,1
-7503160836146936417,1
7038510637747187521,1
-5761624022784723845,1
-1008709404458733860,1
-1200756237797682600,1
6423040868671077265,1
586318461152184166,1
6354858229253952639,1
8921551052235184317,1
-4440995796223470327,1
2555166914131781912,1
6655724685308547321,1
-3268549647261421751,1
6442434233354479628,1
6367139567108861687,1
4814193288768650313,1
-559591301804309814,1
-9116500905784843698,1
-7052173738542077270,1
-504881739216324352,1
-6810363816000352103,1
-2507386426663844484,1
5288786761952635978,1
4911901681196725896,1
-2941868344775637210,1
4344425915641538803,1
2577036738117228228,1
8152432976918163221,1
491729448454333544,1
-1343643823599041807,1
8436958018386873362,1
1382881677377434403,1
-5222224859081055532,1
8165687174044644395,1
7900951996750305444,1
-1717471846850753150,1
-554710052578656787,1
8780723509466804572,1
-4110922765100110271,1
-1274021858544031378,1
-1323317552029410612,1
8787635100779807433,1
-104120151933221833,1
948323291979443848,1
-7999498535940965479,1
2997370137242324687,1
3981990624665249544,1
5647847388074568548,1
-5127171163636297867,1
3949007542667538402,1
-8044962968366464427,1
3113506042735170436,1
-3533458698973802949,1
7373197728929672229,1
-2549841162062947959,1
-2040333030214317594,1
6225248050249550344,1
2142218526512007735,1
200048835934337747,1
-275045221840772171,1
-917873688369940301,1
-7408157643158592465,1
2581555213222263085,1
5434374131701032592,1
-6715461212186189504,1
-186201173318055451,1
-3597366284020376739,1
-1596285831649184655,1
6527244472423048464,1
4064223964566062242,1
5789004612940009757,1
-7534989772074134614,1
9016484100988632850,1
6848941167646258133,1
-6130813534534541346,1
7327785958930200168,1
347522218773223383,1
2211296016171335699,1
8903127424059094224,1
6705570546467220579,1
-8815581698101630167,1
-8764766687805746690,1
5261431960609353987,1
-5531067684340452453,1
-4696633268644907907,1
-7910885371057521487,1
7005040472020068708,1
7894216508272271524,1
-5357259369993042544,1
1627977978170832593,1
-5833032801001266503,1
2539726190878996570,1
-6366459538019587024,1
4706297064953236819,1
-5930462885399120543,1
9048338219601967828,1
-4187113379750964551,1
-5108995056509626355,1
5622927960139615290,1
-5918475661450112182,1
-357209191354548195,1
-494187184565826606,1
-4248163068962124913,1
-6249992670105400444,1
-448884359812303394,1
1459365835896276476,1
6864647742872396381,1
7287765460967446160,1
-8109570089995767010,1
4227886431996745352,1
-240265591921605764,1
3838762468188558132,1
737236813481633143,1
-4412068352499874618,1
-2064768864222714518,1
-5128288379340692060,1
3057847307257787687,1
-7620754733525466959,1
8272079899712131602,1
-1228916718975673579,1
-3883605406383399703,1
-2313483465334562524,1
8767411179078058261,1
5203595058798778469,1
1239623215143324129,1
-5279065186552336848,1
6625449004341706483,1
-4681403850202678417,1
-882258865329238878,1
5668659228892723237,1
-2907197190073699772,1
-206400203787916952,1
-4858440295963368481,1
3825431851299515623,1
-4499672848032268232,1
9076509237294930869,1
-5232700232429883506,1
-8786498079247264629,1
-16523080560447065,1
274924273636762618,1
-4897015082351658602,1
693871689656759419,1
2493185054977966318,1
-5428758895247816045,1
-1506471589968212594,1
1335631971267925310,1
7763751699376136077,1
-4277681171655409874,1
8617986990856539369,1
8260633243960006700,1
67551173999881574,1
636420931150735366,1
-2282991968331063740,1
-6566194527449182450,1
-5342823006090734158,1
8119693122925885696,1
856726377145403069,1
-1601880664316070566,1
-2031263494075787435,1
-2927724602966846484,1
1679300355293764374,1
3120922800299387630,1
-9057700046460317814,1
-8745297641978574594,1
2734774564642630883,1
-4146280709133905869,1
9148510147619537683,1
-5884919241349967472,1
-522009449901713419,1
467165685617088678,1
1446635743225061436,1
-393710905398341363,1
6344795701598822055,1
2620477715093480712,1
-807739181503913072,1
-1023576748758069456,1
1694572727928634456,1
1053067538923406103,1
2303034591584373815,1
2179920149240490144,1
3412904870296238867,1
-6780388444264270574,1
685206901612016027,1
-8621222115581031667,1
4570406667903255924,1
2452065803194834207,1
-5755071664655781544,1
1204646380899400807,1
-6270069325655867103,1
-8541239547610485075,1
-5237688686400897077,1
-6608858060640362241,1
9134574844122766334,1
-5054943921863600770,1
4280870940454129886,1
-5218411158089630515,1
-2785012201243478343,1
2365147319896396458,1
-5567693635546610062,1
7177915818071919059,1
1042303662250110010,1
5430985265721048425,1
7429234222106196055,1
-6622135702838435415,1
3955477054182342132,1
7688525463255651597,1
1398323361840761493,1
-5978744843866307787,1
4161063919457449478,1
-5307054901231064850,1
75240111563402308,1
-2348730752889408143,1
2454678503707530390,1
7382126711330979162,1
-6872022383376023304,1
-8804153815597057395,1
3903433640583527477,1
-6544987005025532099,1
-2939527850573655231,1
3469511656501722781,1
-1412565458302849345,1
2463530115638213723,1
-3752325799935431626,1
4189937393484644155,1
-6145462185377471857,1
-8328549496282484021,1
-1596805163998017584,1
8668307289088889314,1
6273385423107540420,1
-8212575708119788186,1
-6502927258972742461,1
-2578638223541458683,1
-1884509839106952074,1
1367916824414196580,1
3056731908742452780,1
8428070760143017343,1
7291004787628442835,1
8602906380560175221,1
25896259139101557,1
1133653291087638318,1
-808381637303097132,1
-8899258523824424748,1
1987026344030612751,1
-4124131916376724643,1
-9158993912099066460,1
-1479172163195887686,1
2372673625275011344,1
-5351101145697713544,1
4362152044839868219,1
-5270693687387775459,1
2597221556538127143,1
-7964064383163399740,1
6324382250510148457,1
-8567950140857881819,1
7552298593343579922,1
2043810880773272565,1
8498419307686075422,1
-1189987781739907199,1
9218994973812519524,1
-7918017691885614092,1
-8242798487565543851,1
6139015625720836307,1
-2286264638935502052,1
8852548847953117734,1
6441441838845292152,1
8689045567868041428,1
-6337690754779121169,1
-8996007190136617629,1
5560899840733063817,1
6690534872204198016,1
5662029716977373423,1
-3523951108805128550,1
-8799258714545995149,1
6283054689292407324,1
-8152847195924550117,1
-6739643009804061810,1
2448579177563113259,1
8500333609769713609,1
-3691166755894978580,1
9022056286093528506,1
7360886326363380999,1
-7165869498783645491,1
-607080455053041679,1
-8506139274427757691,1
1343456026597932996,1
-1026713999728360443,1
-8281899090349109823,1
2403897410089089766,1
1816114071307330070,1
-4657353056329399149,1
-3617879171295953368,1
8363699528253701789,1
6404731194339243754,1
-5227180614978784915,1
7565590667862765986,1
6336007450710445369,1
626172914473282665,1
-2899239337589148940,1
4465374015276315839,1
5087046730093406028,1
8457914796776375910,1
-5648529979343432182,1
2544425801034889202,1
1582690690392948339,1
8266518466407937137,1
216197263433649898,1
-6827331574955110918,1
-4466570077896920047,1
-7789735426854314199,1
2291749973660509962,1
2088984468161020390,1
-3970173149661217836,1
6502905960621270067,1
2184991110177760683,1
595034351886538542,1
-7840920198639722466,1
-1860620560309049682,1
-5685262263404516557,1
-2786821588461157692,1
5609942870535391099,1
-1439983296584234720,1
-6937667257515051164,1
-1990047615874168829,1
7950217796100080056,1
3435072007445011893,1
3474158590009080837,1
-2857208954746162262,1
-4630169673195737666,1
-913393126577036825,1
-7354328155853255698,1
-1272966404720533790,1
-3328857988853355535,1
-1805186349952491748,1
8465311477347037409,1
6446034087473581478,1
-8239743595497060003,1
9011389240965390146,1
4901720323284105929,1
-4996391368398179762,1
-3689717234654878826,1
-4622588544332118689,1
-6573793831055942036,1
-2085893065406077725,1
3371757917269078715,1
-5826966976459615711,1
2979870444461893235,1
8187776743936519760,1
6163942018376042657,1
-8644360253256462509,1
5915758382835901852,1
8334212015323318128,1
4675107828705804072,1
8851623503370471312,1
-4519223125176970956,1
-3186975602157963867,1
6338926684244392054,1
9079780977674290807,1
7921928092596827341,1
303033009708592598,1
9046848543127064465,1
-3531559448338688417,1
932029877993922060,1
-7306516973027460659,1
5291764745583339451,1
6527831916696562394,1
-4585325975989484032,1
4521365010572996477,1
1205622849604327680,1
5942416783926323330,1
-7547641214817350508,1
-4848192461693078800,1
8720724898715629297,1
1618741843100836021,1
-5509474430896409296,1
-3649725061278981928,1
6904000041008449889,1
3076379473920941333,1
-8936821610046398,1
8887960211928685236,1
3154104630356163620,1
-6254469949876015281,1
-2352893542799867209,1
-4820208370592298778,1
419368675906794568,1
-3681828864372634190,1
5124755755592342877,1
7691474243285914258,1
6700582166482079947,1
-1356243998655174562,1
5727666388455423494,1
-511659233150091856,1
244743219172810381,1
-1632550970879729606,1
5165451062834957326,1
2328153095264687886,1
-2206336358536041965,1
8892153714093935669,1
1167241546981047680,1
-8743133198397218690,1
5875613411736711506,1
1306302938103378280,1
3129713168603336530,1
4704921036831892445,1
6833519060441958635,1
9046297969807012033,1
8296147447558753498,1
7013303351949720925,1
4918993928898905192,1
-8837622390123903271,1
-7049532679387548947,1
6814098855721160496,1
3008413295742686933,1
1092092107948994874,1
-3403406917709662328,1
-5604405501024992507,1
8860920984091361037,1
4309981423972878745,1
-2989249321694987057,1
-7298202616012505877,1
4894838250484480013,1
8125723388557852033,1
-1442343513359737380,1
-4384118135411599717,1
8815373635421291482,1
-7482518374305472529,1
3195052643111745628,1
2530704792810171737,1
-5220217088049434251,1
1137661279598855243,1
-1105996877440684140,1
-5753362159579901066,1
3102103817738573609,1
-3938688913049692866,1
-5570593566046685666,1
-3830780805945227879,1
-2301610992709172855,1
-8802632048136875470,1
-7786163109900772360,1
-1224298237515094323,1
6317474872993894993,1
-5684809453715080845,1
4208290275783296122,1
5404755469110138754,1
-8927467227928706532,1
-3404064043637390411,1
-7007814183038176503,1
3722121230926519187,1
-2252058448599137165,1
-1699407208351569072,1
-4000096062336479250,1
-4767891144654137945,1
-2815537192944540320,1
-4348800199225840998,1
3089777944977522162,1
-7822692318937390793,1
6428921297994709695,1
-132467296629914843,1
-5841710497792819154,1
-2411343199655900892,1
-4306331976879659993,1
-3527218921756541101,1
8928537623367777763,1
976070842461480773,1
-5427239105925547219,1
255765906053891408,1
9168967280125290855,1
-7018556484905000741,1
5790854014390864161,1
1312565404173504074,1
-8708311804446524697,1
-7057987847572556635,1
-4839129772539717450,1
9031981563162872625,1
-8572408885390656884,1
1097963713992218026,1
-7113027584048510352,1
7146560371255412203,1
-7444670433127636642,1
-9008110548292796652,1
-7371589698275955095,1
-5541701962320294443,1
-7345085952179635622,1
-595372049943437742,1
4157841587022931267,1
-7009486698413765702,1
7859465587149713456,1
-2642934665096284808,1
-8756439474230773193,1
9091014305729732537,1
216873106606574689,1
-2292999287645581217,1
5661858220219550839,1
-4199735830923936157,1
2274120124762938895,1
6617161175566492441,1
1285076503850096385,1
-5644538800395457110,1
-4003916235872928140,1
3124542803849181397,1
-4561946670301063998,1
5587282925980331409,1
-6848883802599541839,1
-2350943606197536788,1
-2927512426570375922,1
-7525819520711317130,1
8041204263370831398,1
-296657568639745379,1
-5285480982400108498,1
693492402128748609,1
4298473221240301449,1
7221856271447279358,1
-2846380499225954429,1
908676061176860015,1
3167281400623321391,1
971776037330047156,1
6393109021622763176,1
-8706111757608416247,1
-3935944277825076351,1
9172934560168834125,1
-3793624303362314342,1
4515791051757063216,1
-4614283017370864023,1
-7559753916889666947,1
8787859807330820607,1
2011472353652388003,1
1148019000605354458,1
-1689625022840224651,1
-6269320596823396558,1
8432773602325958591,1
-281686850420056495,1
5557279362144389406,1
2301413038333282680,1
7841619546368688642,1
-736982608935913970,1
714011684547758761,1
-181326299684388333,1
9095928142643475309,1
-6130166745611452451,1
7149632392675576202,1
-4321407455729436433,1
-4826560339808814782,1
-5096229440575578539,1
-684826303857109072,1
-8365445332391025003,1
-8689685531015308955,1
-4698409042624526996,1
7354162049219688810,1
-53655562779676230,1
-3714874044116872834,1
-6162570871148897203,1
7963550033053501371,1
-1239224847007821601,1
-8801571342264195095,1
5174912119519092349,1
8748088871890967396,1
-2571906687801066635,1
304500077867323579,1
7545681544288790068,1
-3275066870328513451,1
-2218288827874430904,1
-2107231545620201146,1
1739197186854339103,1
-30644556514478745,1
7973627841899322641,1
-6264038523361375039,1
-7890537359707527026,1
1428825310352109903,1
4997437014050683433,1
5421334038198785373,1
-4872775350597010306,1
4906999053159204145,1
4149756647354291551,1
-4119419413533340837,1
-8186127986584322188,1
6343077187195616057,1
6876642859408442367,1
5798125927303430062,1
-4913092392214440964,1
-6995058459251258817,1
6673321943304450442,1
6687583121754055300,1
-3272523611193771756,1
-4499432315754191009,1
-6087666488705763422,1
1705929955671294717,1
-5992595282602154220,1
8515251824715342208,1
-3055937185763605642,1
-3275110159275757358,1
3539359928483299444,1
3487648858920090701,1
5191219473232057547,1
3231357517196927402,1
1264351778437979399,1
-7705164541839449456,1
762925470857417891,1
-4931888494491838439,1
-8232687429733668146,1
-6102364176863896348,1
-7430533570455636658,1
-2426903413315133240,1
4085652511390178922,1
2452292149346903402,1
9189948764202797993,1
3250535156518934362,1
7921249440589042365,1
-650124711448831828,1
6431692594340805137,1
4543136350468655407,1
8320872853904867287,1
9018301145998357846,1
3380767738708071450,1
-5529149621855226264,1
-7132530375909329720,1
-4269517812906578115,1
-1644937139383030697,1
4773112637272028623,1
-7666772395420347426,1
8249871951830455689,1
6519565162516280911,1
8513593276940227579,1
-3664264547236798380,1
8383303767166304017,1
-5353035528100714502,1
-282601341393680155,1
-8476050595139824073,1
-6466777057425459434,1
-4320152473443405715,1
-4690088875812032381,1
211443023791457071,1
873275134315251122,1
-3251693405686362292,1
6493036145190257642,1
9160253027214844811,1
2506638893206587904,1
-6580057370366798533,1
-9058812247887071481,1
-5861717467750018453,1
6928520108975234805,1
76633905896321638,1
-4758299537505631756,1
766764431889101648,1
-4524170872218062503,1
6993542692882287247,1
2666158105411677825,1
8867718482403185015,1
-7110411641716377823,1
-8083265484755864112,1
-8146368772420145154,1
-2122757658167395413,1
-8524608152112507626,1
-797055767183090418,1
4143563812224196643,1
7666560826354394574,1
-4081958012734580959,1
86924049431377516,1
-435965918539426034,1
859397634779045765,1
2994657483051267571,1
8556148794525345837,1
5452985086539052703,1
4722716710944925793,1
4579235274544837704,1
710970339994690705,1
-3895119307756509270,1
-4959920851726732520,1
-6340153644882319926,1
-1607189698777894273,1
-3541233708073614791,1
8228267525691175922,1
454076432012052707,1
-8782432119343140109,1
-2390816347643874808,1
-4073748144572593073,1
16606342043646937,1
705469942593518773,1
-3764758995592814711,1
2188223462261945406,1
-1681520468963918694,1
-8146148170250338488,1
-1825613263970476842,1
5621187390181029021,1
8380671328273916746,1
3911548631508589307,1
-9033351290326781004,1
9096838017587595690,1
-4450223856340490640,1
-7803708332105168990,1
-2928967076857203792,1
-3512099566243906253,1
-7735085773628908332,1
-3930543821164169651,1
-6133824299050248883,1
-823119811947686527,1
106356237043651827,1
-248241282953026817,1
2759586071306417539,1
-8581043886280264812,1
7222741823833417412,1
1493718176110469927,1
4912745783810655078,1
4201550165078922876,1
637677043412177333,1
8363871909839357274,1
-5226927070458716861,1
-9028712530204376316,1
-8761439929571075895,1
8980157263724917923,1
-6296759344543654108,1
-8903442387923544266,1
402508053554225281,1
-9006665707180679564,1
454179029706108847,1
3343660232249135749,1
-7622870876956337449,1
2133175732679232403,1
4052516714702397655,1
1969905063033461368,1
-1501469059469896583,1
-1067529803112149851,1
-1419946831534345715,1
7361276655473713704,1
-2787700410178208936,1
-5379430263972548925,1
-1464863837302515443,1
2641460461473724632,1
-3015087060980078229,1
1924847045679385963,1
5121879642307627239,1
5925991776358320039,1
6532757124368964765,1
-9037397196021449914,1
7193482938262761056,1
-1732846633624192231,1
-4466490761187666417,1
4690959299303072812,1
-7941730480877801770,1
-8333771406989542338,1
-8295049687361189703,1
2918465543191382577,1
-2273233336803109601,1
-4874902841643689515,1
-1065364339211725118,1
1283606598739488791,1
6219959260807697021,1
-3120468162019065071,1
3625918418820751739,1
-3239360330740144210,1
5797186161689495407,1
3760408157058948539,1
-4464391020179968453,1
-8601303151902054554,1
815877138727008321,1
6941833589205078985,1
-1206103124062721944,1
8517257168201252931,1
8426366086196303205,1
-427245177654301065,1
-6256921132224734262,1
-409222447669973778,1
-4123962809444851222,1
-7005555581421370620,1
-4419076452028059335,1
4096889761414103513,1
3273371115028333162,1
341944562234171732,1
9192216178730743167,1
-5844488887063067574,1
2240754709394913948,1
25740859635124478,1
-2482272290656311185,1
-370443933094196855,1
-4887589698810222265,1
88819628747441967,1
2843834494087447831,1
-3721274948273284056,1
-1071415288843032334,1
7699725381218486881,1
1846518062695799825,1
-5865754210882838865,1
6381406813567136560,1
3038701032407380700,1
1451891651285291971,1
-6588578707445284067,1
1341691373048171531,1
5351468403508128633,1
4780139128094665839,1
3887935938348394914,1
-5189845246809704979,1
-277768187744037896,1
-4549167826246171134,1
2572802783412318872,1
-1215855487933526664,1
6801845505772480182,1
-7488384725128935281,1
-4243350023669287008,1
2915491113790117644,1
-2603223161537612461,1
-4856689389496362816,1
-7903616040635017584,1
1545301049183565273,1
-3117374251509679680,1
7531673432814614257,1
6521967613443706107,1
7254856549552773321,1
-9185945775038696911,1
-5141080780912510975,1
1081021699885723639,1
4661732193171278535,1
5242802177625663378,1
2847992179872067662,1
-4366367024459280380,1
-1714302324841694636,1
181723357719857990,1
-7541364230815172880,1
6700200485659044466,1
-8596154360157591933,1
1052929187347774798,1
2824918935023627239,1
-5475861714844137067,1
6652877770060590060,1
-2245749948072481857,1
-6847796335923364158,1
-8418627804497106902,1
-9035303907884200493,1
-8193627933400620121,1
1991041171002355600,1
-2958548664171986750,1
2281066123448873690,1
-103116337629738156,1
4178552886559257815,1
8995983570762814881,1
-4037819692918161981,1
5471045605680036392,1
6768217595555487610,1
2653567880675868448,1
-6957549396916327768,1
-382900742794984442,1
-5505251742882748035,1
8734711529580629530,1
-738503329766296343,1
-7859579272919954108,1
72437204074036682,1
1208625093636417630,1
-696812233307386059,1
1861714823413795305,1
5819441229306934404,1
-4001909367667607290,1
-1747640325808238960,1
7869953269925382761,1
-5934125741683480260,1
4933029256714562308,1
-2242439553089929355,1
818971577490537098,1
-2366989879549834477,1
-1137772732362024919,1
501092402172441453,1
-3349000139638858408,1
-7527353605829239390,1
-561507437040402898,1
-1268982461344113396,1
9207832624763421047,1
7831397256895167714,1
958109182348502751,1
6746535787767982586,1
4135309081988934095,1
3531137467954915062,1
-5116088705056386458,1
6735236774966221342,1
-9028586851366229439,1
-842301140376361559,1
1041897599556333617,1
-6540292548736027750,1
-8317638288066941625,1
5689851385645418533,1
-3097896187552818941,1
-5908918865689647021,1
-462245658607263009,1
-2177801961479711688,1
8519670498383763730,1
2443711942623197697,1
-2238492132944628994,1
-1173610262624068361,1
-4379055523956276410,1
-5529333175652108310,1
-1296372751732064717,1
-8866988571939579238,1
1866360603739104837,1
-7945941930827461521,1
1103128034977028024,1
-8775428677931049920,1
1837708528668655880,1
-6196341961213685991,1
7467426254527043299,1
-3027027489581152148,1
7098483589466093148,1
4863200100982937798,1
-847489092349958082,1
-6268603660154425488,1
-3950731668470257117,1
-4006118856116935199,1
-4934044589652296505,1
-3548531271307238589,1
-9007322465298803863,1
3801426955356215504,1
-831469271561104245,1
8168400853459260498,1
-7142430654159667546,1
3002225877813059752,1
5312892525406804871,1
-5881518519922803216,1
4477302910758939785,1
7223996415994259805,1
4204255355984916180,1
-5905617301331455150,1
5714673552368806339,1
7022306062550060327,1
-6556847437755146291,1
-3381724076374449253,1
6253945327687116597,1
-6807161459969324345,1
-2369803538474596611,1
5352834056428181050,1
-7350900671265621737,1
-3571586284508096142,1
3830373808444348953,1
-4314084615824624961,1
1428468804261418118,1
7575188380059049015,1
-487388083752681846,1
-3353106279614636003,1
-8391971836337308192,1
-5187137257360717535,1
5525990954632215963,1
9139766412178510288,1
7447912646322480586,1
-8475361899140981420,1
3274892889339517290,1
-277667993712345590,1
-2814506648943151712,1
8375958684635918087,1
-8712165572952414113,1
-395731216007499444,1
-322977211586649203,1
-2672241535452973462,1
9012388309578916883,1
9172280124017005587,1
8115017132942744665,1
-4997043380740124399,1
-8288811368622332788,1
-516434976427092232,1
-6678146334440138335,1
7567481701173111381,1
7065477393795985784,1
5781647692846297953,1
3639719716524924642,1
5487081620421117422,1
1620284685696475417,1
6044534878321251788,1
-5011355600511319222,1
4829716469940201361,1
2836522604793820087,1
3746744881262178021,1
-422913096301712945,1
1650028576777226856,1
6951409358086431666,1
-4595988736488349054,1
6776551795960831638,1
-4909909822488640336,1
-1638161832430279800,1
2886182544828486922,1
4235703593361856419,1
-5942721899990886560,1
-5084448316304149024,1
6299597374283454626,1
8796465699679294133,1
6182978744699235852,1
444563733401003870,1
3174584598592482605,1
973567005273851940,1
-6457431480381720081,1
-164057316064161996,1
-179977164295197018,1
310359831183845428,1
-6907281118402736285,1
-7262395485028435314,1
-2786476599063087429,1
-1790445287274789669,1
-5655604075222717668,1
1381755996684846982,1
-5983548998561375309,1
7103207693443657154,1
8330744315906757591,1
6507465405957226320,1
-4025829687673095281,1
5177457992600670081,1
7097119677399744131,1
-155223332990996732,1
-7631870501478082508,1
9218487429403861611,1
-5005406609440617999,1
4088036278235836622,1
8860372065387776623,1
2797666742282597294,1
1310916998236088942,1
537414064143060056,1
-3871182951737554019,1
-7944759398084021417,1
-3747264758535048032,1
8534281315010661447,1
2531355053740337626,1
-692414910719687839,1
27678543780440238,1
3216334611825478871,1
341353156402194595,1
776149903997164295,1
2090210333531056689,1
8203561501521663311,1
-6982387881870881613,1
4411119501291838537,1
-9207480047802705767,1
4466251922369015421,1
2271869158315406089,1
8310972820655512210,1
8389051183135497979,1
-4040287214832161143,1
235820702376935925,1
6461368237806773064,1
-2319082503449450968,1
-2527880720900425711,1
7440967873267421682,1
-4634426829765949616,1
846843571616347735,1
-4147538203421554423,1
2322530751556584217,1
4255673593425311870,1
-4653586201414043138,1
5294336514606618440,1
4513541147059233692,1
3507719062810842141,1
2100485659578081818,1
370654433803109534,1
-8421492877288478145,1
6328813823354098465,1
-4980853656057938637,1
6564286670388619608,1
4968678187765003553,1
-5228084879982700794,1
-6416217062540005208,1
-452561711375888275,1
-3817952397660520850,1
-7349681890192340209,1
3503065803280944221,1
5846894185050698704,1
4723043735364322109,1
1871647632652352928,1
4624514413615115899,1
-7661673603836661563,1
4475335522347807895,1
5380484560834493052,1
-4276336055088278857,1
5888244453266471162,1
5902403786390195279,1
2202748255534012290,1
-4178457570879190668,1
-720942645545811398,1
-8971615175733931365,1
-508573083340442345,1
4175890638326502085,1
678275104662516350,1
6091183828743837295,1
590141029678151182,1
3198338511208123637,1
-7132311589867338248,1
5929089379250420280,1
3992185495337915667,1
4033120173508941419,1
471671027573331784,1
-6496636916324835707,1
7393532287039024625,1
-4830022543752695981,1
-7225479319781287942,1
3310312465481504279,1
-7243051423384846149,1
-3703340833311879976,1
3868141604058317455,1
-514288053378201849,1
5490985702953487470,1
2774686814023556906,1
-3141081473943275572,1
3974480401709012730,1
-4811779254655374414,1
5719595871303752171,1
8407195868583126733,1
-7364610629043980936,1
6756410598067099157,1
-1822797678746016821,1
3666094251828181735,1
1139041539309930805,1
-9111719208225386159,1
-6242316415396116995,1
826920391129552093,1
-8074436321321754953,1
1667834040559592715,1
-3034385646324912651,1
-3716039678323699491,1
-1072614139666619032,1
-3450574836934172412,1
3943344807123819365,1
6503247579102004548,1
4440840563887349562,1
2487911849688032836,1
4198117682863697838,1
3846789385074562062,1
4336244298493057173,1
6437510122480916107,1
7767267968420190443,1
-381215107776895120,1
4503852952021502863,1
1139057122937312784,1
7417327884008908865,1
8222873790534965370,1
8421787093320013938,1
8428116720946999245,1
-6632870989792376930,1
932001990411045778,1
-289683856782303232,1
2942882302060167078,1
7050256085895224583,1
8178990177241280050,1
6483251585437453317,1
-1000497088514020030,1
-7787927712652266588,1
-3664790442539935500,1
-967355894229023302,1
-404511292836694213,1
8066367114583465560,1
-3611396879023171613,1
-888106651597505019,1
-3583627190792309142,1
2540943401602753919,1
-5156620164385110547,1
3647727866725061126,1
-7879482223494525715,1
4572356114773295495,1
-5061251488321640026,1
-1788060709196442835,1
4113220105343684161,1
-2717596746318623165,1
6786036265287485456,1
6007845665863291131,1
-2650908087434044575,1
864251102873917824,1
7727473796925366702,1
3336205335346420331,1
-5735425290799706055,1
1639246744690809438,1
-7027079739523989473,1
-2904373996717597629,1
-7039979740174906009,1
2064087855211594496,1
-465505134444632324,1
-2783308772860809715,1
-5100635429984573845,1
-239403546519531998,1
-4281949831912521788,1
2820202953209493533,1
-6988971152778971107,1
7729340057988083859,1
243715706497454350,1
3942039312998525491,1
165195273174957571,1
-3273268559844633991,1
-1384031466203177494,1
-1496059738784844718,1
-4252400901495020180,1
3666116305824045795,1
-6947636403413311249,1
1705259848413926075,1
632206240613885892,1
-2873333538899002214,1
-8373525593770235722,1
-6863352469574141481,1
-8722586572440299935,1
3527682328666251194,1
-4413360642443995779,1
-5289408058495579695,1
-6943287359329545989,1
6209278692759956421,1
-919598982531649988,1
-4563122150358037159,1
-4451223622060402102,1
-7102878909849679395,1
-5802991961828303944,1
-9076176605109654538,1
1790584636282240826,1
-1198203749785434948,1
-5638602239031004853,1
3400797132883393225,1
8483564151171764427,1
7146691538213564150,1
8278556246289377851,1
-3896667403022807115,1
-1320161499648249466,1
5495573522615458512,1
1811157353491824684,1
766166514825957954,1
-3393334804124359522,1
-6391369761048035914,1
-2286569089306792077,1
-5007803323641933761,1
-7183535165223203870,1
-3711116325889500524,1
-6175737701021174247,1
2308183273392850344,1
-5271345271321672868,1
4719867237649997053,1
-7402665987237094817,1
5429255498784321580,1
-2259480801067432672,1
2806568656354105796,1
-6730816255654450520,1
3833279069161221613,1
5558469876630244846,1
4265669293524233642,1
360646217959684715,1
-6770330287515354680,1
8743645112454455027,1
-7112160242940434534,1
-3788834784469173761,1
5932449240918416354,1
-8980299683259339729,1
-1808556011762085815,1
9144360926043275768,1
3325862081171302035,1
1767984123422258536,1
7092607630226398940,1
6602283562321959974,1
-381938080783848824,1
241142862649296431,1
2395106907424479049,1
-6174742414450178499,1
-3322037025825761740,1
8411873382243180744,1
-2694780367911784737,1
-4498787969373285273,1
8645821326731861797,1
-6511829515479554051,1
1793253013956280013,1
-2870819660134671813,1
-6074669234627288477,1
888531576666560446,1
-6969821719790714224,1
-6726101902099167542,1
6094600027421625451,1
-7680814421208156443,1
-2294759490378500484,1
1795814269963837847,1
-551071153309133236,1
-5569302228308964531,1
1147549683702966742,1
-7886002412242146220,1
4435459557320611603,1
5955614331386551334,1
5934982993179701032,1
-6396515703219279353,1
-6262529135670997538,1
-8167271021319904600,1
3235809212604492809,1
-5466721241127369322,1
-977638314365956565,1
-77343564117891145,1
3893937262530849326,1
3774055386250405172,1
-2386256026189519111,1
-5961543959782201315,1
-3016146953781363351,1
4966901545741380127,1
1024450175006821680,1
-5203107241615958343,1
7837184527468372625,1
9147488274661473102,1
8912723114262758185,1
1993986238232319770,1
-1500969515049596635,1
-7657754535341561181,1
7118013089355898871,1
-8884009456376871058,1
-752108296607498700,1
7220590104883551808,1
-2246479929145059929,1
935957361840957525,1
6318318290788021194,1
8432651955353965422,1
7338165410752882956,1
-9042283429372423888,1
1993557197115899237,1
825460523197022523,1
4138815266558815663,1
4156634367463872289,1
-5147179550832285340,1
2896612438509192441,1
-3782436628948774952,1
-2795064723963869123,1
-5821262120707872408,1
-2176758200602342173,1
-7245634206554155420,1
7776593285250294720,1
4411770515091679305,1
7572049999742157274,1
6921341803752411296,1
-5048080748578089893,1
-1214384181765111140,1
2339548053050882944,1
3934962594653432842,1
2628550251491140440,1
-9023751096181220510,1
156883115841639109,1
3440160456403919191,1
3871061346308813103,1
-8456471393217897152,1
2626846163787964857,1
4732970283753517353,1
4158034575525313472,1
-6330329362878403581,1
-1249376664190825780,1
6745522261755964741,1
5522825026771122051,1
-394638118966169710,1
618201135241861693,1
-1543613000454344303,1
5508043429194746578,1
-3150066697705937673,1
-8499868865132944204,1
-2408522044780950118,1
-8787069449319735538,1
-8053645964780890083,1
-4163015584188569357,1
2670219132419794176,1
-4694835344276994581,1
1759297035416213145,1
2783578542324779985,1
-2489672201327990712,1
8468471593446801550,1
4194584487867745420,1
-271416788733733659,1
-7582926363489855325,1
-3871008854801220722,1
-7860863407553768154,1
5239750704091510297,1
2379767839894916418,1
-8704799373131232025,1
1121248463307558913,1
3308293788642014912,1
-1894327772670120818,1
965092683883982731,1
1287125216466839110,1
1435253328890223424,1
3202373058233146901,1
5050647571857963181,1
5962697556038559739,1
8673594954175148638,1
-8041082316896269337,1
7939083774658970051,1
-4903067507151377840,1
683598215779562586,1
890494946382206874,1
-3282252510340410399,1
-7880432117389665599,1
-7203659795986325099,1
-6437502272648027187,1
-1686896047448072923,1
-939541006584226908,1
-8113722802766178058,1
-3870515129277946991,1
-6130382453980786439,1
-7518150820527556033,1
-1334667277482866466,1
-2597422242138082662,1
8760617710237697223,1
-8615904430193355750,1
2373388718941429503,1
-7266740029484886839,1
-2774888420405336175,1
8609607004410270406,1
-111836656486954806,1
-6836154413869066778,1
-2963557035448792960,1
5006360050739106924,1
2437318426998519100,1
-8521944365218654654,1
-1041289860992876652,1
-4031588819093732748,1
961348410559088532,1
-5872093533019299958,1
6068079710672242717,1
-4040789269861591767,1
-6637386623232701106,1
-2659463997276434334,1
4962492744352880116,1
2490734200070545712,1
-4947913391291903197,1
-2315364714201898631,1
-6089582106750799818,1
-4282135316723104883,1
-7521318527990449461,1
-664757878772064104,1
-5682422860693524020,1
-6249415781078832990,1
-1861119470259306237,1
-5754075416981562627,1
5677171243369458954,1
4645759270246362305,1
-3510007889630988332,1
-8114925258931978217,1
-359879869548585418,1
-82822441186094491,1
-4570562041795566740,1
9089354661611993380,1
307916034650594887,1
7283265819612273795,1
7729936857500350863,1
6236592589092747147,1
-8736012796100106706,1
8907392503999721787,1
-2968658116993104779,1
-3996014834986831966,1
-7928153875285065837,1
-5514335827098005323,1
-4917288220099895109,1
-8011858425487019244,1
-2065394960469875635,1
-6171938390619130049,1
2033591144478149234,1
-66894447538733535,1
-8248571319945539616,1
-2796300104614419230,1
4370770237299701439,1
6038463172345047591,1
-4749093894225385034,1
8975237902435187859,1
5391378264414616810,1
2740433441804316280,1
6516973357532125183,1
7501419606634013726,1
-7743114815595490182,1
-6885508668848989270,1
-845463173265942766,1
-3802276773077715003,1
620683300990235293,1
-5820071772805207283,1
4109953869190682134,1
3849512564721029514,1
-6988738476011520516,1
-4134348798510918496,1
8441708315725738079,1
-7836925074573768945,1
1101304423942479867,1
2584422664178234175,1
-1562672753503202998,1
5602542729765125239,1
-1781867265967206154,1
7322887030477338147,1
-2034936879031715728,1
-332478242801470798,1
-7843400071811244290,1
2948435428226191742,1
-6743358644517056437,1
5799089937979777022,1
5831254400997664253,1
3751266389681137306,1
-5057149625752232184,1
-566781000765173994,1
-3324260002552232878,1
2536738940058683700,1
-7884768280061158116,1
8805989041693329790,1
5813014864493756441,1
-5322134414203389086,1
433397109799855546,1
-5988288883959021718,1
6417956212706562438,1
-2992808665590104227,1
-691632969858652545,1
-7784636556033474334,1
-3821466102178573449,1
7724859595608362529,1
6364004415799743828,1
-8653423661518937361,1
6003682012632872792,1
1319065158254609945,1
-1571239316292511274,1
-962597538775407453,1
1354940217640975994,1
-5506343667703866357,1
-1578987357877546491,1
4427184371129535139,1
6041298013975205893,1
-5734085575795661781,1
6470967878526335584,1
127651195490373386,1
-4608989282763399835,1
4584152004204641435,1
9101238027429261547,1
-6720115320657685492,1
-9047880276934121004,1
2807991044153832804,1
5259189041521687936,1
-8040698843333473769,1
-5507286709080254729,1
2524192928691023393,1
-2406918448796546708,1
3871562055415755763,1
-5771810729952876018,1
-1656800170467787921,1
1549325913086790791,1
-8331273051493645402,1
4049592779006664905,1
-4524994548764076950,1
9069224666476642730,1
1046727123942890955,1
7047818512205529591,1
-933400257045766508,1
5292650558856562336,1
2475171260382636807,1
-2233680452752527969,1
3810851709390652500,1
-9158077185214366777,1
4283058495312760370,1
2129474909290726821,1
-4270396588181866029,1
1797574991470361695,1
-8779321281264594059,1
-8068112727367060823,1
-3457333825750561288,1
5709675356475028059,1
551569114804642870,1
8495532379214298912,1
7828959138863864362,1
-7208365527304360755,1
-3271341649967192531,1
-431602701960354951,1
-6879057041702572805,1
-3894450897551493217,1
2242765975755898865,1
5219854158410494562,1
2556161028636953866,1
-5641394473137102254,1
1139802367078175850,1
-3399420349369061698,1
-8748114596708125718,1
1758769363639865207,1
2562482421183759330,1
3963592100301252560,1
-8064979746150011182,1
-5952374317140601641,1
-39513567439760710,1
6279089926717942224,1
7611101187675946273,1
-3055461379596421785,1
6798471287645434701,1
1213120317992894694,1
-3824982144814538895,1
3504048850471870860,1
1821016789612551465,1
5588318788716926499,1
5039760568573116870,1
7539888926094699012,1
2142505882045256786,1
8819295601019289965,1
2078348494779995957,1
2066516079195089235,1
5170327433435753419,1
-8768426774531486890,1
1124364922000693045,1
-3777543377440951631,1
-2372209798210876338,1
5489172031393457743,1
-8407273590281962483,1
-1126850271511849625,1
-4863961924138057892,1
-3881527829494275158,1
7426023386084062251,1
3024250704815715749,1
-6746854742447097305,1
2927160296189530706,1
569073743204338616,1
4300254073478461216,1
-8893541658749737967,1
3880833015336785506,1
9044841367556455348,1
1039904391728409415,1
-1516292773588015483,1
-7839861532585214036,1
7209463914623596401,1
8982597486694154582,1
-5112250132597932702,1
495237561473634613,1
-1454691041853194166,1
-212766848255638564,1
-7346618432612017005,1
-6453216539120524303,1
2506110355642754514,1
1968924411271346119,1
-7910917631334413304,1
-8018833850806106590,1
1627236005182135307,1
72987323825812020,1
-785932497074310302,1
387066118812899852,1
-1585963890271188797,1
-6429734708497235085,1
290636141551292936,1
-6507432490157514302,1
-6116985698934479220,1
-4550046652363030843,1
4839126974540472549,1
-5771239100767217550,1
648229266265724544,1
-8809286424750423495,1
6083673873337269874,1
7853652480202809091,1
-6095336436509004434,1
7895423589470404934,1
8089241017754884597,1
-6593972538526300206,1
7273453604373005735,1
2155417882873778041,1
5696285016006556798,1
-4329947914391363574,1
-6007327579604859425,1
-4488764448883405310,1
-2039977192083112781,1
1371081198007203990,1
-8239382563835940607,1
5305248385536656195,1
-1697284599034124700,1
44573284623528081,1
-5261443852423688901,1
-6960617449820059916,1
1639751381025608946,1
8621542088163605790,1
3743313071550068996,1
8401216871609584721,1
-3719643303984104590,1
5132974089413012396,1
1929187896557562771,1
7358881808592641897,1
-7310349105073235909,1
-3301510860329648562,1
-1685659723665423981,1
6149917333265527140,1
-8780781626281860330,1
-3123385420736339650,1
-8595811691591610462,1
-4147114286261303078,1
-5707394821491573176,1
-7786672169818519889,1
8171602342177240502,1
1381283093599397274,1
2603827509435850697,1
126285066733787723,1
4804748986668857053,1
-6057836973959333967,1
2441409950484269661,1
9212970235490029495,1
-3921843885587338417,1
8341391705961375873,1
-2128232939473082946,1
-8715597089527663062,1
2036006304581317140,1
6324750758919386362,1
-8981061065014482316,1
-381612839261702515,1
3976158057040637149,1
9141475185170390069,1
-7553983442790057866,1
8710763169601425720,1
1497704654370046570,1
7464441853120153041,1
-3668675708018665000,1
8706491446267897688,1
-7354189110103397824,1
-5503632424901176219,1
1945683756161151014,1
-4806755545016983968,1
3862794803145306819,1
-7645646546874551075,1
5348372610011189150,1
8916269902071427651,1
8824089156178016881,1
-5356624714517977123,1
6023431803379254871,1
7408472770033886423,1
-3666343322212870675,1
3800410412100427554,1
2743151158154727072,1
-1986856385191094307,1
9072325300876991590,1
-7277171722784181044,1
7754641001586995608,1
955682484496445038,1
1291187675807698170,1
-8855775310012008645,1
7730859844789502171,1
2348185028535080165,1
5062744032540671613,1
-8328174638766949427,1
9030781691928375744,1
-4981217985286497231,1
-1772284028985112334,1
-8810229784054168747,1
-6818251541979353148,1
8219242671554951706,1
-8210928259707072324,1
6260516364311320680,1
7905321072810147814,1
5671567903850887785,1
-1111882590300900667,1
8695417795012396668,1
8303821627731249470,1
-2181348318007939267,1
-2998230282416002657,1
7563802368128269912,1
3319778882778323632,1
-5677116241816883594,1
-7284161757874633858,1
3484580052909648746,1
4296623264389689337,1
6204257262840739277,1
2803643978390725013,1
3182878679366462652,1
-5312927364583835117,1
-8989943808763145008,1
-5709627835787644112,1
-3068999415038790784,1
1654845705745993324,1
-172983082540023128,1
-396980277702659035,1
973168918258662883,1
-3823838295977904680,1
-5642097480756498045,1
4071937262776337664,1
4224298677111526542,1
3774437274479352328,1
-9103884415477089187,1
-2740879680007209970,1
-8854415253182134001,1
8750824069828171390,1
-7460275474029015091,1
-7604739388647163697,1
1217819764584051827,1
8971990427215466114,1
-2166758009274096977,1
1968171769080470880,1
-1584255014356645062,1
-5518015716163651042,1
-5924018301858931396,1
-5317569403304431553,1
-6956825126632143409,1
-1048559278873489714,1
-8913093578978417715,1
4439677815210024004,1
2293913128607049876,1
8362767728239417418,1
2944969224656604556,1
3573857239704632060,1
2283780767224823435,1
-7444787762823386802,1
-3873498377509179250,1
-1839873153904270597,1
4483927153716824463,1
-6511844590096562737,1
-7781115563820383303,1
1082726515363324945,1
3594736597559015282,1
6595986933502118277,1
2986473116413422257,1
-5378849218849450176,1
4050357465780114625,1
386357612194617104,1
-5623444089169806561,1
7053103430495311975,1
-1431978678159437646,1
8784596606393983539,1
-3601876036124616554,1
7251548472948661488,1
-1221400061283258899,1
-1555432658688306307,1
3971076163428401807,1
7054378797951411696,1
923128795561031297,1
1495347438189873136,1
6041280115557770858,1
5596776556027355033,1
421341817842262922,1
-8144241780003055122,1
4540119659311909653,1
3535527581948934491,1
-636124337333115440,1
-5006189761614127450,1
-327579640836651578,1
8992970278799280530,1
-8592135382064798557,1
5876315389864987823,1
5345086611921199525,1
-4761559854550934226,1
-246623559813460191,1
-4865094934970046469,1
-6344167856346317368,1
-5590991003030598524,1
-6305103340117059328,1
4341307414689818144,1
4302807605439085648,1
-427911805539841438,1
4383581671928517309,1
-735694669379412505,1
4995862947229451602,1
-4286938074145581176,1
-3519857791081031413,1
6887432953624365917,1
4518366779177475106,1
-7242275332538363012,1
5560932836876474507,1
3950247891072056896,1
8081151440681975582,1
-8795282800314864221,1
-430388045235757175,1
5833706592130079126,1
-7927504195762206808,1
-6608592157625426527,1
8245558473264088778,1
6383030903914788435,1
-6020475635219099117,1
-1593238721041700382,1
8691275739175971222,1
-8230121044745983520,1
-6746851028077338075,1
-8085480239795406813,1
163436567754849495,1
2114443420983802911,1
7235903978031295437,1
-1102005633202638336,1
3625032685023408517,1
3574541673281222922,1
-4825670687102931312,1
1414602585224450419,1
-3909703106594593305,1
-7067806892889454585,1
1122154864284131118,1
-2760763146636879004,1
-126351617218450697,1
82769264340076904,1
2544167705345275014,1
4619685969022292737,1
-5595162168456411257,1
134316676364558002,1
-4334164137117499974,1
535968167276850547,1
-2685208181474432371,1
-5467434669031619530,1
-2195924655052589201,1
-6376113294948913226,1
699854738063087073,1
-950102881078651761,1
1413129610382011791,1
-3560529493571329094,1
4895952440074381066,1
56546548603109474,1
8529735666192059122,1
-2465343687916716913,1
-3852463227540128174,1
2510425883850299798,1
513589025936650110,1
7685510490977799416,1
3304296091361721990,1
5063952035040033185,1
-756652723212731372,1
-8795467528138263174,1
5823612408762744081,1
3130260735125197826,1
-4187213930740638941,1
4041065927377601193,1
37409974523435791,1
-4510475885181218043,1
1220506581657375330,1
2788258990129629263,1
8428290340539506635,1
-5950863327405651326,1
3853089928022749459,1
-6120335557661358282,1
-9061742274620106180,1
6035708171094498658,1
-2874121282478676383,1
-4759285902433570571,1
551141568472828249,1
-6778065546320249745,1
6322145887198998910,1
6995095956960765289,1
1447841109932291595,1
-4857558424409470829,1
8708939604506112526,1
6355745911322917364,1
-1969619405353654453,1
4884204444857707285,1
8260615101483764640,1
106187337119778563,1
-3855808822793374610,1
-4385013003250681444,1
-8611846149543439560,1
-484540494047183582,1
-2713061583008710224,1
6135452367925160443,1
3414073828677038145,1
2573774177442265948,1
9076353065975151954,1
5856433947467793759,1
-3502452257407165991,1
9039277693779143352,1
-2430514600299302179,1
7419283939082866536,1
-2623832979476557346,1
-7508069273788866849,1
-3671340818131112749,1
-4658960889142490769,1
5801521857661950286,1
-5684229646745794598,1
1478090059873122134,1
8083059484413538912,1
-2279812351096101449,1
5940151360569137966,1
-1663266358098763854,1
-2651335845913169642,1
-8635201196312652178,1
-8528684351360853989,1
376993989291473865,1
1502976014584329878,1
-4105594031079897990,1
-5441943411665435335,1
9100243615567900055,1
-3987061364379417392,1
8505646659540225590,1
2380994830954511098,1
6704451237216313046,1
-3546464477055127583,1
1381365256424587160,1
9156417261843181785,1
8272396612098282189,1
-3711546938775192928,1
5301568285309119788,1
3930522111571941127,1
1029814394741095127,1
-260996623232361073,1
-3910552382005469562,1
-4435821506195019487,1
-8152568536712005930,1
7771601546867107122,1
4090006041731519437,1
1349353730116990646,1
-311694129106884651,1
4600223558422626571,1
-2449499902385181756,1
-1609728635683136877,1
4895971737652496341,1
-6933960357103570231,1
-1657279415333152518,1
-1854354394206142558,1
5028343614796393936,1
-2075183559777234919,1
2058022340043921876,1
9097271805787484219,1
1886113219699027761,1
-6734474188640641041,1
-6077183535243631788,1
6258612321032229904,1
4065754793983786161,1
-3233862072169310307,1
7173568027383636771,1
-315947260843727796,1
-4861340484203922181,1
2770824666456005083,1
-3697007850816891547,1
3689799935114679646,1
-3148363401514481007,1
1827781088206979514,1
-2828288041796179141,1
-5227800244259449599,1
-4608524676733351537,1
3450565140096227676,1
8170330660648237418,1
-1225925937336617929,1
-4983593999743761130,1
3666992579009799425,1
-1803869498297139836,1
-3344414969480665252,1
-1968625083448716603,1
5214078324614178222,1
785059171251443636,1
-123552651077750902,1
-586216132704864327,1
-383261448557715692,1
-1326414479056409755,1
6809119077931595088,1
-2371401974072768327,1
2885220437006962796,1
6807349846777189959,1
-6496679554946757835,1
-4987318930619898433,1
4336641236823145234,1
2911994166580262083,1
-4959728373928424865,1
4189204961002634001,1
-2933750195651925234,1
672838314708385821,1
-661403106484445498,1
4151085627486377146,1
6889491576025758476,1
-7672407876704773491,1
5928966772179113977,1
8026800396108953037,1
5686249760496295935,1
4708856820781506428,1
-4008905710503661604,1
-3551828522629579811,1
-4882552097999925134,1
5785432022683574972,1
-9007603928810438191,1
-1005451469254722711,1
-7295910100577061334,1
-6854826910304283155,1
-5877148103380675655,1
-6068312800491330088,1
-8075858217478246609,1
4227085935615873301,1
-4939930054680481908,1
-6866086079107972203,1
-6838903238167970029,1
-1386952346887280113,1
-2369352074896413039,1
-8878101367637568105,1
-6006411756498563231,1
-386312775408268834,1
-1168980693854180239,1
2871902181001861442,1
-5951476876605886088,1
6175103025682960737,1
6746001233083519074,1
1625530774282256042,1
-4676999071045683775,1
-7181644412168787241,1
-7005770661458261766,1
-6812551098856308028,1
-2145069972890410588,1
-8270593884322223746,1
-1241460316049435737,1
4524153003196031274,1
-6683308846472638726,1
5572516712329487299,1
-2876170154534710155,1
-2263822309855324286,1
108896866269592348,1
2254817131933343139,1
7726170433014519821,1
1410159471760197308,1
664920504689981750,1
-4542476102206289960,1
-5655673281311031340,1
3792734693832458113,1
-6659969306364505633,1
669902722816989159,1
-8933935040804787123,1
4316067979319916159,1
-8482666346341768391,1
-3244044851541476891,1
-1430361535886777234,1
-8187751148679860341,1
-670904609141016945,1
-3228404095291232235,1
-1102484157922133513,1
325182896087274066,1
-271023314765670791,1
-7165965703043595895,1
-4519846872942718083,1
7961761282957640620,1
7469508339381907078,1
1981597517397911080,1
2120524874803826706,1
-6855109413775649785,1
8944467423961500495,1
3658876624484496571,1
3815988865610442182,1
-7058572885296000869,1
-7149204765149761956,1
8378118912241779948,1
-7836380665372452020,1
4729948546317705360,1
1809332290949807006,1
-6014534767257118630,1
4679143300047100560,1
2990914823584414616,1
1924255466025763137,1
-8822211685056705506,1
-8126628008136234896,1
5077432314523845924,1
-6951183226179738104,1
-4967461549211087665,1
7689232444506877721,1
2840627401405430496,1
-104591528910206717,1
-5107654812044912525,1
-7706654970967298960,1
-2394940076150933315,1
1622934060738969310,1
6596342556846088477,1
7805398551654460039,1
2188634523717802952,1
-6089769042131221535,1
3368700237569158756,1
-7266094880658329844,1
1792083587178545951,1
75570750033811225,1
-8098842971039406162,1
-267735407605049159,1
2381542651205928841,1
-198721372159680461,1
3016172318628295700,1
-499968233706251742,1
-5976454784644676597,1
-4117210297969351456,1
7890723490372507409,1
-5867588498373644659,1
4214676900059298338,1
-4257585680547043936,1
6497216032359324711,1
2274039305531159629,1
7775038280790876968,1
2840344739630137280,1
-2732481570182252110,1
4237508462518106716,1
381522212407691892,1
5357503060632760386,1
-7789628789343314058,1
3225125798305844517,1
-1401880106445884532,1
-1687552857003184829,1
8474978428029793958,1
3490994494350672571,1
-8685073573980975355,1
1184640009411793242,1
-4318268521176771194,1
-3755527678061268050,1
5753566712372716398,1
-1682208520592624268,1
-5355681402691936249,1
-2346448116865887152,1
1065107854228743206,1
-7504159335372556279,1
8513565844297204608,1
3173563824021883137,1
4277892222623088877,1
-4289183008901212360,1
7192188964924329737,1
8551127300240115147,1
529605707332764343,1
-720227143861823876,1
2762814027196366697,1
1173140719994033212,1
8010203115121585267,1
798601389978512140,1
1913063336150550523,1
3450975011385252940,1
8030077295880465531,1
-9119690756665346887,1
-9187475968511953611,1
6367522758148195293,1
4535008317375282312,1
7460808137978279593,1
-364636741443040758,1
990826307979289476,1
8782283222356314129,1
-4872121418369861139,1
1575570605331562341,1
-4567133891970284435,1
8211772351930505115,1
-6375726236114388875,1
2616414085709900674,1
-8657242434030950144,1
-82692507661526444,1
2158261582424613580,1
7387440680093510759,1
-2942252936892046836,1
-1939880339776969397,1
5227700086747047437,1
-1339488398680902383,1
-7930638776779848587,1
7407055892443603256,1
-4998724929690333549,1
-4484608735548169132,1
3838796875248373477,1
4404640181172461429,1
-2520632217577973840,1
4428825353189068766,1
7534097136659977294,1
302006993222029165,1
-4182818512331531418,1
1796012696468766029,1
-6733232490915876908,1
-7590304176906472534,1
-4992766507484646231,1
504366959710454150,1
-146950528907731034,1
404039656062422786,1
5107906322162861078,1
-2096632668923068418,1
2962042741476016584,1
5977032996448181840,1
3763642156123727828,1
7523284494275394114,1
-5188109277716656744,1
7070773274740972027,1
4191381988730062435,1
-8354040584202992968,1
2019855769199647720,1
2365991568529064382,1
-8376880564593655710,1
-5566074244104594186,1
7700854975939242902,1
1777484257876121179,1
-4708319189858551010,1
5620550096379585696,1
6602362074206918970,1
-6490704204708506014,1
-2270393762112821241,1
-2771560337487233011,1
-13716496234580606,1
-1381282016579133392,1
1223328201164826053,1
1407003568346082027,1
-6757990321914059220,1
-6598799205207155991,1
-1033286972815248316,1
5551486202265401979,1
-1012961469160046665,1
5382820237930946346,1
3561536805822537512,1
-3619850313773513664,1
-2218107948037754907,1
6717469128090292789,1
1409209278064293620,1
6403927093120839175,1
1847055044512785714,1
-9034670317427789687,1
-6289745999061287442,1
-7759024067403178033,1
-1089798108093662005,1
1156522516214831976,1
-3310139630589687312,1
-5577832102257408346,1
593179381619576483,1
-8383371609121791926,1
7211761198570515270,1
338010292457909271,1
4216209756453089208,1
240130184897707425,1
-5864556904572625473,1
-5133468249641808976,1
-6198025232689044818,1
-3539681013254716346,1
4411020227237620469,1
-1095989502080778704,1
5602229578262050871,1
6794562106135412778,1
-1362716714659997362,1
-612794809334653040,1
1222154054172091957,1
-1346933547872246784,1
1431914730937556213,1
1129833234542202722,1
1416157056415872141,1
-1150899689286832080,1
-4859573039086941444,1
-4409548466636237583,1
-1013195834137833638,1
-2145501234560865316,1
-2891478553553073380,1
-2705342857862652079,1
7393382997575015127,1
-6746059092586782617,1
-6051002274285963050,1
-2584261121786860662,1
9137735435427549916,1
5972881895046120300,1
1320455283992040685,1
313055425507222082,1
-6734043909092725172,1
5252682651281048463,1
5318065409212568412,1
8528157027892664165,1
-2898475481146436645,1
3161852047781994148,1
3881227860945670048,1
1729677007375220223,1
7494949474527726833,1
8627062404716739735,1
5185487719690760158,1
7197732944658472368,1
2056672360100402200,1
-3516437752646758883,1
7489856677610129628,1
-1324437895876535061,1
-2786957503622196523,1
3714445511945401797,1
5112647582220864275,1
6739125371778485394,1
3582225283844333111,1
-1865569733662890880,1
-7667417633444099450,1
4087954387466957069,1
4841683949745229692,1
3041300968792561901,1
1753092024251908755,1
7831526690479776924,1
6627406858480650744,1
328114231302273779,1
515228543756974121,1
-5647048104463480296,1
4761790820530345999,1
-1530258737164806336,1
-4896095803426515763,1
1008614782511083538,1
4351217554286209919,1
-4428162177277422898,1
3988537340418046547,1
-5839238867110334893,1
-3646564062734448099,1
7482172567780683039,1
-5425170899934959988,1
-2660473181144933144,1
-6404178638298392983,1
-2519072436099679973,1
7115572806134108969,1
769512008506379321,1
5343966725709606645,1
-5505655087624403336,1
-3009110873836709201,1
2622624319053996638,1
-6750903193936550079,1
-4595495735813401747,1
2474074511152598178,1
3553953108731646459,1
-7915015590632475485,1
1497002937067570833,1
-8156125775064581038,1
9197373764399816662,1
-9197503644035049697,1
-5638202706419063077,1
6959678745775020094,1
6999533907210831412,1
-2808909847763124866,1
-544590058339595848,1
-5462488739556085922,1
6183986874376573570,1
5130065755529906267,1
1364775758805628165,1
-6151242209601075286,1
-855248397286517385,1
-8105185944493993801,1
1350946753933495461,1
3956012669513391196,1
-3908322336296079057,1
-3092187301672601430,1
7130111282419100290,1
4658441244719324385,1
-909620851172858334,1
1895867099053577328,1
-1529926022915325167,1
8536880149030089675,1
-3193929768274542659,1
-7774806542880110315,1
-8312852533094036267,1
3070273326993772640,1
6705055601990622106,1
-782525001655903365,1
-2031612587987456810,1
6041349395577522343,1
-478306256075626478,1
-1762159152184933791,1
7752503339711443078,1
11773030517018943,1
-8629374318891350112,1
5110388464125074865,1
4450939332465440456,1
1179847476562584513,1
1098283833489534204,1
7258383861834563950,1
-4390861202137882662,1
1194447475779996546,1
3126752639884880515,1
-6698594366070408659,1
3501831569846427814,1
6067938919906753697,1
-8406515136846087482,1
-4784071483414643217,1
-6304698301105365014,1
-6556409977373456461,1
2059038051322423382,1
-5905847536978822147,1
-7917988688033433112,1
-2740243517019706632,1
-8277563660389334487,1
-7444510389540527441,1
-1411344664615239801,1
761812462288727592,1
8161471602596611912,1
4332879263798088085,1
-8198142039534134133,1
-1067451514044575538,1
8896635690818339832,1
-1687220669515192039,1
-3141858202404450037,1
-5314461914598286133,1
-250882446661055602,1
-5978172788274780975,1
-7443596539151357472,1
964484355167792262,1
-4288294639666596424,1
7491292474859410198,1
-8358881527750634255,1
-2168020666636346322,1
1463601900147025279,1
-8909114689260455243,1
-4677685926008104044,1
-2140271257593546314,1
-8045047760333250017,1
7602480758726268618,1
297352734668025705,1
-7642063481792075123,1
9146450075229502999,1
3846753823152433747,1
7520647875078304236,1
2912064285418151897,1
-3817635598138797930,1
-6374910051294355032,1
-340906617960857736,1
-4047136955705247411,1
-2789768233527762491,1
-2645535176264485069,1
8049501494076400707,1
3063189191334848145,1
4366217357862981277,1
5964538114845808721,1
3423973741900735413,1
-3208775226667894103,1
-5039951453252687610,1
-3054147371521737286,1
-3234572524753427095,1
8934477505570284365,1
-574217058197320971,1
-3475436167131042811,1
7813097201532758566,1
-4348279109247692534,1
-8847175222674829179,1
8973406708847686181,1
-67584428150978659,1
-7505986142933112136,1
-7012214798331087847,1
6646477266499957339,1
9012632178812242175,1
-5102841583277192425,1
-8327601855917776523,1
8245241495178071277,1
-1552136701146500372,1
-4282888204564517869,1
-4680968022336678182,1
-4083281023908968752,1
2956092821556315365,1
-2333438060494656807,1
-6809052906023376367,1
-2726173964850924086,1
-2197146605262380775,1
527070410704287771,1
6238624103530740721,1
-2341317523651462132,1
-5866170141662335976,1
-1149115377919296114,1
-154773406747667615,1
-349369670211829285,1
6861761893721587182,1
-8845983680035965574,1
-6528394653413047162,1
5971169577368146432,1
-2185527796135934576,1
5975426491819005554,1
8622308588820416729,1
5691435586143324318,1
4753260782608988165,1
7928393396026656840,1
-7269379033866845865,1
5579713779690836846,1
2851317040648736770,1
8459699649074104445,1
-3532299338197549787,1
2422960323911837580,1
4452169739796325847,1
-4279033877335943550,1
4767429882923883875,1
8915926884734508908,1
8357268979086235988,1
-5541996179676866863,1
9166068273496404570,1
-6759878137147676974,1
-709297819825456188,1
4228304524346524288,1
3575538694819147557,1
3241919053707761533,1
5543845731648295132,1
799480869236635001,1
-1620536298909741211,1
-7290477583669400884,1
4878311974786088082,1
6983965594476429634,1
6233146095831697048,1
-1643516028721799912,1
3717955839086248971,1
2271586251041548169,1
-6422360640027854562,1
4119278222619392774,1
3972658577442733117,1
5276302908357165790,1
8595617095378765971,1
4016511782426721362,1
-7234135543887218940,1
2894842218938754844,1
-513559564711149761,1
-2276120102423268528,1
7124837956674220770,1
-1125660729100822530,1
-733909467453734169,1
7659465020128400158,1
-1849326797644496629,1
-1824778055183531501,1
-2322457000604638848,1
-6241956931719467064,1
1837267518413942084,1
1683242054017697233,1
3970564702858311619,1
-3933876372114907559,1
3332640206639708784,1
-1104771012831597700,1
-4036095005813098313,1
-3099794968786840026,1
-7152945409972911317,1
5132223348682729936,1
-3815246026961702448,1
-7346385754386659836,1
5005129713827844047,1
2458585541413587606,1
-3895949553001584666,1
-3672695844544033177,1
-4103520332089408124,1
-1606725921705115226,1
-5932351883696360001,1
9172165262286349249,1
8295843356491178137,1
4428594426181436892,1
1652302768967135503,1
6758135941980378757,1
253389510918305839,1
4446554941246490206,1
4068941176275971844,1
8495170460415415348,1
-3490267066663706122,1
881651214580733539,1
5472061214480472336,1
2732701889200839019,1
6558882603731219099,1
-7577928066021883210,1
3945399275900054487,1
-6385930419301747549,1
7517953415428759266,1
-992306354379357511,1
6565655851065379074,1
-1138633012063074510,1
5579392691583189769,1
8988375433688497976,1
-1224019505146546655,1
4949201923695931553,1
-4726616681419334752,1
7065520565750164747,1
-4645694465032021178,1
7917532209807395170,1
5118416496849044051,1
30411733248670911,1
-4493976775856124124,1
8160180705493842668,1
4943379734776566400,1
6672509239097478378,1
3696912004538590080,1
6811943846107713054,1
-8690031728146055681,1
-6686398470824258524,1
-7409009699486194334,1
-4503455506986242282,1
3141896524979499997,1
-7077770920868242770,1
-4525215614014439007,1
6373286034079370616,1
-3738479209159367454,1
-3994142870908859114,1
-2103462254187623402,1
-5870862971002443905,1
-3603264642490871025,1
8620333763266312936,1
4418138515358357575,1
-5905544485792930039,1
4693773321813383560,1
-3775982498501350041,1
1526723848993512104,1
4974552476497736725,1
-878830261295713231,1
-813639180532866386,1
-1798909869772456324,1
-3088970805902916342,1
4764892107517262551,1
-9129580195676450435,1
-3870023826777577047,1
1732544811021641862,1
2427349497184814636,1
-3818594195203154673,1
9075366834646841397,1
-2631443258143270564,1
3860038830523770336,1
2353435879377098866,1
-2884041947794223146,1
-633897350118970030,1
7793617852223210675,1
-1659291667757740880,1
-405646645704813936,1
-1004750144420921602,1
-4654926339369444822,1
-982270762741250686,1
2074109091683134727,1
7287050782048649052,1
2307598252288220493,1
5646905232322055778,1
-4666125622721595236,1
-6500427539509638012,1
-3016448908697712294,1
3274273817184635333,1
-8075405660060574455,1
906461017007653506,1
1374815461546027950,1
7401169559618127684,1
-9110661414297914871,1
4981031532664001342,1
-8724400067487546531,1
-7285179728295245915,1
-1548793797687559801,1
-6781930662476284133,1
6533730587146711176,1
-1486317217414646231,1
-5216602984066400386,1
7326708181811531530,1
-5170514866577420732,1
-6618566215670130063,1
714273032031010791,1
-4348772157537713123,1
3567333015406815275,1
-3285257341087980561,1
-2565103869935700953,1
8562948067314689993,1
2465978478986260169,1
-5956648925733405985,1
-1391107918023688910,1
-5162099615893212864,1
2909538029319454925,1
7579079052035767299,1
-443458404289801881,1
-5482478946911987086,1
323473242185523246,1
1000357512474024152,1
2654980309367569717,1
-4503098072745440824,1
-782002532126169147,1
5747413613338832824,1
-638697525319725282,1
-2619768553564157674,1
-9153775656940908709,1
-1203839675396336749,1
170906886520751530,1
6683516234853021477,1
3393338770520104641,1
-774623066276036221,1
-3872738414068449984,1
5175985155641784050,1
-7533729691495098871,1
2014242482554180902,1
7464057623183348711,1
-9048138058878146206,1
-8870129167677827530,1
5629357652385420012,1
-7356184654437478368,1
-6194834556163171367,1
-5788553445029734515,1
-9132563650464739524,1
-6270207296999169207,1
-5826693882860909883,1
2724234620571458351,1
1184906529024823792,1
2972667294987031281,1
-4297606443359202895,1
1322470522597984845,1
1724831523788412929,1
2330938220781379921,1
-7821748666186047218,1
2591799931018946051,1
-2044539408412439890,1
5557406732206645187,1
-2534652805004547622,1
-9141224463312308998,1
1393705661617109383,1
6104633472551606929,1
-7263630198730016952,1
-2401325738631386194,1
8573406900982883463,1
-8443014756792539145,1
4105316490032096028,1
6737304448554025356,1
6570888787985857124,1
1608175347933027234,1
4740945674237049855,1
-4319795738952250242,1
5652683055612559479,1
-6002765974915985277,1
1473280152503311442,1
-3854220240430638562,1
-1608511831281166629,1
7345290652120945376,1
-8855504363368700065,1
-2656114528700017578,1
-3238375135859171182,1
2467343812361252460,1
-9155684118089407353,1
2800620816016213633,1
-1862193475910064348,1
-4058640220933041693,1
698549414930461111,1
-8727090003738909403,1
2093696078275737520,1
-5211006138361676281,1
-290386593662112718,1
-4492335752575587567,1
7274916555373417363,1
-5245499673447693227,1
2020341174956365758,1
7438636449939585333,1
4116049681596708479,1
-939238955563066961,1
6471856315223234455,1
-172324008219295462,1
-3146480202216131121,1
9053500509305617347,1
-9140873372086369820,1
-1026935401631466534,1
1022433100257587361,1
-2613085655896584500,1
2921716369401778715,1
2558522190618717443,1
500734521235607615,1
5561267978097873331,1
2917651625612828703,1
3463028255710735849,1
1030319785260652917,1
-1691479564186497404,1
-4823732150377042986,1
1905553315536027390,1
626841889725352982,1
-8904897365360117611,1
2132424857173954389,1
7637185722590257370,1
-1744566697220503794,1
-609053852785001125,1
2659055893906160666,1
9196161515193524811,1
-2664754730011340374,1
2758567647182705528,1
-86137507826886233,1
-8134690702879587103,1
747672550736128861,1
7839682825426133031,1
-6992100302558768852,1
8679213738707946316,1
2127678427014584417,1
-1047173906737937097,1
-1560661686726651216,1
3430647734065118256,1
6929507361321437114,1
-3711175042568928209,1
5941693914819605956,1
5953819831987732737,1
6810488588653055003,1
-4137137279134518971,1
-5872646425142345654,1
-3237375883306059224,1
5627791606759172850,1
1481133232859344729,1
-7962873773691500986,1
2187596186647239369,1
-8811591304000949696,1
4274825644013335937,1
664274942011825761,1
-7168664946933999342,1
8753599368978251122,1
2497673022463606373,1
-1353148413866726111,1
3438999218571516461,1
-7213827608078835557,1
-6046448350820895643,1
-6836903273192736961,1
7220162388525812117,1
8735662451549479470,1
-6789643195315385064,1
-1837131668408693032,1
4267319750589938393,1
-3024738094998756153,1
8449945152726778818,1
-1697246390323711750,1
-2875128941508681074,1
994596393134293335,1
210108491054685734,1
1179091566351107070,1
-5474542886885720493,1
6396093976725800380,1
7741826920097626417,1
-6180112272630818009,1
-1567634211599855547,1
-6000533748541522730,1
-259688548808469323,1
4455042086649365550,1
1577109158169603848,1
266875559957282606,1
1833055412335112662,1
-7413811736373321553,1
-2022569374756657031,1
1286915501154879129,1
7476279886211953467,1
5484210565500537224,1
-8311836021880618354,1
-3102716990201638555,1
3284124345367126563,1
-2985998378595603700,1
6628307386882336706,1
-1276985517178990391,1
-5075957488082427013,1
-6360528912095949072,1
592013755982013668,1
5774976532810660754,1
-8474026184614391769,1
-5289286868996897229,1
7876674896692655867,1
611298379259369019,1
-8010788522380196696,1
7792868588696466152,1
353152349511188351,1
940787418922661951,1
-4714923140608466796,1
-8211673587221733531,1
-7535697474268674012,1
6416886362787003189,1
-2809856611470827184,1
1389699360145600738,1
-8385688171046640502,1
6967677934411734957,1
8556880842919531119,1
2574558630279795798,1
4037441874272123083,1
-7949931837712893530,1
-7972986577989319019,1
5656304555177471076,1
8656343463719949465,1
-1634793648676522475,1
-7658832833752321145,1
-6901959348338269559,1
5063002595127558024,1
1561854266217900993,1
-3639153980891668530,1
272571748002504291,1
-8748954849517826241,1
8608070120583786277,1
301306310432402887,1
-1682852683803065201,1
-7736350883555469339,1
2332976969660014811,1
-7842885081241553408,1
6444177257944750482,1
-1181624884109757960,1
1246328934072131377,1
-3785189457841775302,1
1481754950012870904,1
1543875711749612460,1
3710720821169692484,1
-441191465699926458,1
-8318920508213946665,1
1142179503728633673,1
-2258668711494477192,1
5439446356691965077,1
7655583164168140185,1
6578874138279442824,1
-6719141445056964040,1
-2460253094022111297,1
-1727162798618467552,1
-6319230062531342645,1
6279024641785175234,1
8014804668164581534,1
-4988720074322679711,1
1261316459869182741,1
-5028482945855619904,1
-4154981806588036934,1
3283018141856196053,1
1819641071898340208,1
-6496452308723538168,1
4928099245044604637,1
-4060962746590064786,1
-5982397152081535374,1
6192591019143888381,1
523273117228136745,1
-2454485877649330267,1
-2220324589586257307,1
-6517974961839936596,1
-4588879333011086924,1
7803802276572537897,1
-3131867531131711003,1
184447034616475731,1
-641364154636960021,1
-2734818191838800221,1
832664354314782031,1
-1728501224079965553,1
8810144510387825405,1
3506605681158130636,1
8946259343961762236,1
3591048189202955455,1
-6768936466640753449,1
7211972997247735432,1
-5255796127220300557,1
6518894463997283754,1
7509215511568779557,1
-2524192049955267091,1
-3516241547317899773,1
-7365507875098992874,1
-8156225762243401143,1
3656371483437004837,1
-314514265562305340,1
-24702639729037641,1
4139770487639564806,1
-4876234913048049207,1
8335505980416204819,1
7866957913709324441,1
-4115528811934376313,1
8458603248472956978,1
6809884999312973724,1
-46594148377062862,1
4065876285811958065,1
-1798471304761799777,1
-6734694712145160243,1
-5263744340671536932,1
-96815324343229772,1
5092008367619593052,1
3083770300308453501,1
5162776465666221935,1
8835499403078782184,1
2307758882113540970,1
-3824347367104225327,1
-3297955199005242910,1
5975657709951502922,1
8549071355057486595,1
-6416951695849863178,1
-5161188906137849129,1
-8026723668745912382,1
102531008294273167,1
-4337942233192380860,1
-7519192127007093539,1
6962331986386303856,1
5321323982258408147,1
7199128359456547248,1
1799324304875877934,1
7731971443375497136,1
-3464696937325933447,1
4937042287032293398,1
-1639750114785119905,1
4831753098229127814,1
2375107773412629539,1
-7905351402326583665,1
-3265758393482547123,1
-7072828479710977027,1
-8167259058377113676,1
-1175753686632358491,1
-9149347295460678355,1
-7816962171387855540,1
5386472243399364662,1
7760871577123155425,1
-4759243276104681714,1
8472528616674730415,1
7121262985021422050,1
-618394798227175778,1
9192015698801575825,1
-3373367138613067375,1
7670127304948445442,1
-9139709403430041990,1
6773575372949855511,1
-5790059400086016668,1
-8959706301212028791,1
6796626152779987501,1
-332687387142776362,1
-7578917634602999870,1
-1749977243295552800,1
-1078856053106453353,1
-1089755591481319551,1
-3065690231913611627,1
-1003725082142251952,1
2163060207557147972,1
-2454064237218814054,1
-6299203544995513631,1
5595585642381112241,1
926994819396435194,1
5050187628020676989,1
-6208037221113024972,1
-3781664843150172400,1
7930431264616347259,1
-7532279797223357670,1
-5891136790852804807,1
-6988134894662051039,1
-1578371876514036840,1
-768988499664207357,1
-5859978239715073372,1
8205808877404990021,1
4184876786414984651,1
2916345234474256483,1
-5661304103614177435,1
7898773243304307608,1
-324982281633918368,1
5753253626677883640,1
8084027539014966344,1
-5765237829065907034,1
8000566581459446588,1
-6113786990831699703,1
-6589208141230555982,1
9046950952991005960,1
4717815979638677887,1
-2984004125801584512,1
8332557608103313706,1
-5376134116080433461,1
-4963423785525921320,1
-3555259545335530712,1
569061870821621700,1
4669669512310803496,1
-4694817226835796051,1
-7456859674047058179,1
-6909653061961236750,1
7609682903269716707,1
-6730330668578296768,1
8578053032819237857,1
-3229925122133383395,1
902654680908232771,1
9113967431288402038,1
-7146137059261644782,1
1302154182984899124,1
6081859291506904031,1
-2454040292227654160,1
8734280023162180215,1
-3821781493426824626,1
7053559118034813758,1
-2668841778825320524,1
-8239377474458504990,1
-233624578340681290,1
8357903331012699988,1
5419107262447001436,1
-8336515416825783359,1
-8284051994937754761,1
-9136774120581249972,1
-5510132466972856889,1
2650843934431192480,1
-4883937263023614631,1
2641622575262331974,1
-2771291204039874760,1
6556557823782453421,1
-1585238312322655612,1
6355791149440932691,1
-5005362796877897432,1
7137977672541909822,1
-1312035968478076405,1
727552883564626553,1
-4527662087315442599,1
7071441950639706910,1
-7708568467100867530,1
-6684164048701537209,1
1313132026772679070,1
4133160782201512094,1
7973359722107654830,1
-546644255203627982,1
7356219371642115433,1
-5339556296083587823,1
-1998608204165692117,1
4583456726202794317,1
-5165901694648093503,1
-8716527087383035643,1
6334617515205152713,1
-7943908558051013974,1
-1519481899774881921,1
-4542521100212974127,1
284540425904696993,1
3395902810447105992,1
-4623941079017401842,1
582365329843725391,1
-5516832442402658810,1
4579838529458869370,1
-7615833111604070595,1
8721512678314339559,1
3300662512651291078,1
-660234398078016965,1
2085273189248075253,1
5870812259509807584,1
9045472454777048087,1
8469347486791763868,1
2835845230669971642,1
-2453626173338552856,1
-6428399085699635394,1
8283895913047794457,1
-2884508783235297552,1
-7654937220366339082,1
4598826341296265840,1
-4140871726235379904,1
6796801239931542898,1
-4046038860922318912,1
-5052290758270647846,1
-3250639915958634927,1
-6691290368863528738,1
1281007736010918711,1
-7752378016645334276,1
1492270290258441857,1
-6172592990145690175,1
-2323503495370114737,1
2298720269386226800,1
1856223188758712935,1
3084244484335440586,1
3762122967893576705,1
8020375159706362901,1
-5362557010957388029,1
8738110239242092569,1
-5734821486278453645,1
-7370201032659885189,1
-6533070251431144799,1
-2260756096209145602,1
-3476469723124897742,1
-7799801750533640934,1
2401900612426002489,1
7334694851991745192,1
-2622052797496192185,1
-4392149720170582227,1
6070588545144513923,1
-7255553927041885599,1
-1548328564816351203,1
1373747619563800364,1
-9177998579590969677,1
-4025900469997621845,1
-6335087349818156900,1
-9218009011946674681,1
-3674486083848415816,1
8987628580179739859,1
9005622011601342688,1
7883684501404775868,1
-8827067926579551996,1
1217503834142498979,1
-7028992032679662743,1
-7221769295279154038,1
5839370184507891795,1
-8823377518037307695,1
7432243437158204847,1
8006922074695214156,1
1574855871627727502,1
7541937985908816782,1
-1705763840613295827,1
559328757301169740,1
-3822764384852771555,1
6043622076628135473,1
5236013224601330311,1
1106010660644941288,1
-1433517561202423980,1
-7892436996360198343,1
2307765159152626404,1
8325372138915021863,1
5611388566326918909,1
-428401707590338647,1
587335164593611500,1
-2497088170114655499,1
8450240493006506323,1
-8539737910140629709,1
-5456634241412837851,1
556606841611320205,1
-6298761454114760229,1
-2776435141354290448,1
-5868541582737486285,1
-2995618721459969215,1
-3136282592006468398,1
-2908573130716902751,1
8058979155756680853,1
3730353496927684680,1
-6692700746612394084,1
-5047058210774756326,1
8971889296456706012,1
9186508648652952970,1
408741102978606941,1
7568777810185921689,1
-7513492652123947587,1
-1506722636840420869,1
-7566807991267893713,1
2973933299758834694,1
-6849397413676232314,1
53960215715098677,1
-5997674383578389038,1
1314004672920565636,1
-2741967711027561596,1
2761535523676554381,1
-1486386001491643740,1
-8451759262880041228,1
-7991011472252914635,1
-7760772087309911212,1
7382944126772493723,1
-4190153778520461700,1
-6616027175435834925,1
7322005202039111713,1
6796083101902634432,1
4205595740563502105,1
3069672294767790702,1
-9202975421552897819,1
-386142801374132992,1
-7987288483438588173,1
-1074915319360881738,1
-8898155575846971737,1
1890221587788468344,1
-7292428018814770994,1
4811018831330840384,1
-4517778143971549522,1
6233192217256951452,1
-4371743937954659960,1
3757613741517566654,1
-7200932578284854263,1
5660407880596571819,1
-8840670074113663915,1
-7196723636086758227,1
1405604356586000484,1
8659522676084688684,1
1900645938210100993,1
7464547688262891521,1
421310936035343769,1
1587627013824402192,1
2917006655725855475,1
-527737720265681888,1
-5768863407681436470,1
7115696557475955194,1
7995995911290581829,1
9053900760667926489,1
-7374978473275571775,1
1784123670256930903,1
-1068864927795956800,1
-4387566182931770345,1
2618475342336395042,1
-7120095229055801153,1
-6008184683445698723,1
5121284310179994628,1
6759789072218238287,1
-1907922316156973536,1
5796897885424113384,1
-3455461364971528920,1
-1925330568142094782,1
-4976183353991836896,1
-6031794751604406404,1
480488584645038844,1
4159404663661028426,1
-2324544178762107046,1
4670028119767886264,1
8628488692043905091,1
9148790713813302482,1
-1776399623672458128,1
1937603066369303489,1
558424706201451662,1
5804272664080903164,1
-2288662717180860094,1
1231129110582209143,1
-6511722793079174216,1
-2338998437124219698,1
1724908085825844223,1
5148346148148698622,1
7038867733922304037,1
-3577879687439772603,1
8683699345138313844,1
2543406092056502311,1
5083258519818791294,1
-1780274396712397972,1
-6852962929215815244,1
-7606779360162703544,1
5280688520886430740,1
3891827403994310289,1
6328391370845503149,1
998667504768973024,1
-7583961812534220301,1
7848981662580030516,1
7885375228005678058,1
-3800600934683770353,1
1083350812354166469,1
-3242545290582646368,1
-1242267370074078780,1
-2884532273789686306,1
8678259467659921357,1
1891473975432543811,1
-4188619329463070411,1
4925934058591689635,1
4302570593378308628,1
586964024374546282,1
501806410813210431,1
-1312009479508080922,1
7009471885578304166,1
2625696064923424478,1
3563809734294718703,1
-6710459705709434354,1
3103040933710559878,1
-966386663321302926,1
-244775970121174064,1
14468268316502463,1
2371860110308219584,1
2082068703086447820,1
7094597274551335404,1
-171136287459284168,1
667901852501943774,1
7745592189890429065,1
-6876053875779636250,1
3316335170815382629,1
5531989247135495100,1
7211990825265351911,1
-8936090991500604949,1
7401869820191373865,1
5181512257064730983,1
-4269190804515313975,1
3540156837907641942,1
-9082892932242893400,1
-7508089862263757154,1
-2114592976565032206,1
-131637500508534278,1
5000742104988993004,1
-417708376049686991,1
5204425565398827001,1
4385472514152269794,1
7679048916588563960,1
7599849672426265036,1
7996628938629902170,1
-711956982317877927,1
3743966604192262434,1
8175875041537624251,1
-7552988517932467698,1
-6333220598875131462,1
-6584181851033464286,1
6589465927623151967,1
791834727312516598,1
-4136635787155128670,1
-4489719376835080293,1
-3652061541569836582,1
2248021433678407539,1
-8280837639514192816,1
-4513502010457690287,1
-2087077568593811802,1
-2676113962061711274,1
-881521698309327982,1
8074103184434258933,1
-9041706607082728004,1
6098429479287483129,1
5190940330260957641,1
5885137356443236283,1
1943778964241510877,1
-6597141150989199311,1
-7135545494368792246,1
6754216625760146841,1
-1732767244442528491,1
-3263667270163778134,1
8919702965633391948,1
-855134359866169280,1
1372711751667564026,1
-3155013442020163900,1
9172803879420934946,1
7914055973268319290,1
5541194025705815276,1
-1602846849180282797,1
-8481729741608015397,1
4966926382038656117,1
3811069856834056989,1
8637814993464887351,1
533212186357264279,1
1367925566952985680,1
2833363282349106060,1
-125932530032790179,1
3315917349467761225,1
-9119450499946971952,1
-4276150834619555659,1
-8384739344767372812,1
7918039206486602082,1
4328870080902176674,1
57421387690345537,1
-2682657413479945004,1
-2322349834823407013,1
-4366361196906020190,1
6232837890413091189,1
1645356368104830734,1
-5185915921979021306,1
-752971079357254122,1
6475955962638288838,1
4599164054170533566,1
4365343904451423092,1
-6168482526528217285,1
-4359285220835634054,1
5921953459040906088,1
5077982698151805707,1
4564594378019146286,1
-7639685219480762979,1
-4940972163732622343,1
-7752237357598662964,1
-6028509072161970521,1
1897822949198476371,1
-8015474579792631400,1
5100256746740384524,1
2871144859960140467,1
-6898907676140829865,1
7410475735493627021,1
-7014879300104255601,1
-7362242630183691158,1
-1647755568898740414,1
4768387685750075690,1
-408193298090440898,1
-2919996053848794179,1
-8506377159632930935,1
3356242573986961801,1
-1066232333838178219,1
835739227056399135,1
-3326649152098765807,1
3378015672054018238,1
-8077018610438529351,1
3112684598272933666,1
-2410403778133031491,1
5641794216687472093,1
65960419221103957,1
-7692402330596176875,1
7823022325192865494,1
-2313842644592896383,1
5910733038431385814,1
4143944513959298132,1
4196502579610581718,1
5986906414648794368,1
-3123108740324713865,1
-6681217026258426225,1
-3225059018111324573,1
-6991504528111661762,1
741450281245681053,1
234565032565300359,1
5918371825213220219,1
-5920706202477219144,1
-6803588887666264669,1
-6007272716658591230,1
3345534853538824482,1
-5545316528867351336,1
8849995587227618195,1
-2957540229399132771,1
7961247591420504906,1
584912518828109803,1
1034947632753101709,1
-4703305291351607197,1
3663865681769854903,1
2931883864359467673,1
-2156157251104241838,1
-2570827808355806491,1
2689053155087959410,1
-4243979557277293144,1
5481555149431289898,1
5037222525657219133,1
-4202441588937478250,1
-2086702983488823221,1
1345166315234379391,1
4492189520635325752,1
104289880727235278,1
1055744175957371091,1
433747610538537141,1
-8149619704304989412,1
-8726883582268510520,1
-7673731257951119497,1
-625370676867813009,1
-4298055346631808689,1
-4697217828061877417,1
-7114053886847948037,1
1796776420576869454,1
-4663509764993244758,1
-8391212112904158463,1
8419747436260965500,1
-7022904996691879415,1
2461609953759350853,1
-4740633104114214218,1
-2371664748653899258,1
8382433368661021158,1
-3645300855081633332,1
2481393805334001127,1
-8266098069042549116,1
8019592531484307725,1
5843958859778747618,1
-6351342235697240858,1
9012622734104413874,1
-776053635687528585,1
-8892240362065422672,1
-1507683234352335366,1
-4802693998418815547,1
5548733427892119494,1
4791087130510400361,1
-6587778103975313558,1
-4913841081029186602,1
-4151793461003609722,1
-4262367119930989021,1
-6114478182784595545,1
7068487479660453841,1
-1721103804450962884,1
265154297781652862,1
1024774371810723273,1
6373678815135658642,1
5653192459366681904,1
6762613618836276325,1
5265176494594279990,1
-4095985072302006867,1
144184883977884227,1
296656075349276748,1
-8993416050243026819,1
8946820929534481098,1
3840680782849950815,1
2445130393639435086,1
-3288501828261143836,1
2446257887253864351,1
609783163380951151,1
8519195914833501416,1
7386906831498739387,1
-2591459389115722794,1
-4561441054663649183,1
-6755768570709362157,1
-8140280798469288471,1
-2709436405979835509,1
5632405928955557687,1
-757037095789383530,1
-5073111399535742963,1
-8737622830181424007,1
-2858479081678566636,1
-441197862588922213,1
-4117268043523698457,1
954398337384255362,1
-1435161915464071881,1
-4783595902297309949,1
6616898135041238400,1
-8713548262096652746,1
-5075675169860544393,1
-5160848526484685672,1
-3067406935731878003,1
7946259709899089772,1
-8302144194643666502,1
-1519016772721010492,1
6820548747617432348,1
6179341836253301163,1
4496431656341134848,1
8092307900077523324,1
930304853907122354,1
-6075349206809069411,1
-5742257842045024278,1
-1367461096071386058,1
2201145879913512678,1
7417593267029930537,1
3123599275760912204,1
224983941520015886,1
8226053721998049135,1
-3323565717955645568,1
4802160953154524830,1
1415700178446256910,1
-2735321233937440231,1
-9009977441995766136,1
-4998075364328072129,1
1002560232813105724,1
2237831956385444971,1
4726851612923423804,1
6637834756123038247,1
-7401493317865555240,1
-5529519968482584461,1
9059061137601394724,1
7731459451023761164,1
-1361249197672178969,1
-32789525501763157,1
593869731768859107,1
-5068307290015212870,1
-5779067387838842972,1
-2197122906888866893,1
-3135552125682103452,1
4570387242509343561,1
8914993793395144103,1
5248207005760916503,1
-8392752541733247940,1
-2256116971236035494,1
7830075401673336434,1
2280622905208757173,1
1477885007911916298,1
-5479517562352796255,1
4783973928906334320,1
254600001780870055,1
-2857838669480941439,1
3189197970650978545,1
4720736444686209069,1
7221536796260002993,1
3861591122711998272,1
8205285272043072214,1
3136073677513267384,1
-8951258255817258649,1
9266136828943689,1
-6947311290384778603,1
-7536641552015427865,1
5678919849626209970,1
-2132879703250130877,1
6672470512105857428,1
2313268672254081283,1
-6210163318732412942,1
3098281897312501429,1
-6336351548491207396,1
3096962500089160987,1
5523849070785825634,1
-5676369359779659264,1
-999055536017381699,1
6134782545065665500,1
1038975891115693845,1
913317316902106702,1
2341002701615448188,1
-7794351582106999046,1
-3913447381174678205,1
-4676815362550976677,1
4986363923987969102,1
2582955130449005576,1
-5715116214166301564,1
3220935859110999295,1
5416832041745053891,1
-9023504519663472358,1
4283155779045411039,1
676768226089832428,1
3994586784563905249,1
3075618641914513601,1
3910387886488214051,1
-1997497007458782339,1
-8935827360206187836,1
6998276345424558185,1
-6588724775470205907,1
7558406689822237931,1
-24657666549815228,1
-8774929476260955703,1
2677243588232183425,1
-5587693754316554984,1
4483893746277592844,1
-542757166752144469,1
-4302555982843350143,1
-4001105083702643826,1
961736734313262498,1
-2537125277536952863,1
-3675252793926437497,1
-8228888685820245718,1
2548714524880758696,1
5427747938071548667,1
2664959531074697893,1
-6459519264762676289,1
-3862819606110460992,1
6655797628933221115,1
3475889309795362961,1
4175413980327906341,1
-4742559600270607323,1
-9149515225896900184,1
5786323358988806247,1
5414698801562872101,1
7143927550750582701,1
-7539639232737282199,1
-4290394466939715424,1
-3787710306401069266,1
3777409161431277592,1
7845453805733917325,1
-8512210798321167274,1
156578375932269205,1
2162259963805012086,1
-503856754707056508,1
325436983907211230,1
1296065816195691178,1
-316818904259052763,1
-8682743905908875184,1
-5660752597633472161,1
883821372093667832,1
-4045203948695215767,1
4308132131762440511,1
-292700994242929973,1
4676540811103809860,1
3590633521667248968,1
-4607946066364907465,1
731150490001367472,1
6608842324580527360,1
-2976737504158049881,1
-2384130431578324941,1
1440249145075185334,1
45894981466026956,1
-4327816818647342151,1
-8471664765186023739,1
7534197336027433040,1
4402862857086939724,1
-3187724191508337522,1
5835813213159442294,1
-3643542901981898687,1
3553434694181685077,1
-7576520104910907878,1
-6314920015958062878,1
-5396089982695156161,1
-3077521313811724935,1
-2501340872284168571,1
-5722170718978974855,1
-278177330653816184,1
-7778723372631458837,1
-9132203316423624520,1
8426452105950754183,1
-1570636821432709199,1
2122018852412813170,1
-6649946946077379745,1
-8568881812873084521,1
-5080614344129977575,1
4452119168922006628,1
-3711178872770530130,1
1447489642189628773,1
3155134931219637675,1
6185565311864230296,1
5956842580800197811,1
3794807421840941080,1
7664652988057288416,1
6532625823078014933,1
-2378400606255035721,1
2995388843368756487,1
-777827990574698559,1
-6227022905790809250,1
-1336207723575898592,1
4075583257711354501,1
-8107112681845919956,1
-6705463052795718036,1
-8682915566932652356,1
-5656453017410685746,1
5214688368268841429,1
-8283754191596768109,1
-3378197371669444066,1
-6734738273470458082,1
-7069420095429353641,1
8090358156268425823,1
6312772023282619913,1
2986135094057812368,1
1656486810956813504,1
-4281661014153939533,1
7436038746206597426,1
-5195894317221481639,1
6579437743099505163,1
-7735141336125872289,1
-8602790503090975403,1
4823318754527859660,1
2278346586551829718,1
-7059598183606545760,1
4146705421268434417,1
6630390486297164795,1
-7110806918137753982,1
-3419055411362320489,1
4057386977344552195,1
-4445037521971083288,1
4760899422619244524,1
1338918726264057847,1
1152294042700858784,1
6837620805322092650,1
7160168493545071217,1
403811623272914366,1
-1777181014261826020,1
3774310681577669966,1
2731297972202759760,1
-6456319458104484124,1
3186772180712619764,1
7327160502841166294,1
-4162852787758402110,1
-8285320576373398979,1
-6269480680425138938,1
331752093648760498,1
7477793512375468507,1
336374870044536358,1
-7448071940057252170,1
3532718900979235398,1
5694646780369153104,1
75809152450284545,1
-7645942262899153314,1
7868958141560947041,1
4833740284316994831,1
-6377244712375098033,1
6868361778940001682,1
7116428845964572603,1
-8604080321294657605,1
2215125213961695296,1
-3739566221766515701,1
2390985139531840553,1
-3081378759302141788,1
4290658673864914910,1
-4058918387277463859,1
3500864076682064230,1
-2915361582584214540,1
491361773162192204,1
-7308417658907700210,1
2378675046405225214,1
3143702119854188711,1
5777791187368833732,1
2370697308652543911,1
-6287188913138227239,1
2813970493873670522,1
-2154819792509629277,1
1263417927857572247,1
-4580385154741470493,1
-283168929546155340,1
4188883228595559920,1
-6980521942593694525,1
3609132300349023625,1
768282809653284548,1
1125864034486573445,1
8753851303013806263,1
-5023836086160755291,1
7038430764847081988,1
8223205891515655546,1
-1041792993705910623,1
-5740133679434944047,1
2561664297815500011,1
2688244812202516168,1
-6443660895572181701,1
-8599667526291500925,1
-28448603949445633,1
2849184235982187776,1
-8290141044399171395,1
-8786915121172682388,1
6971627229484794331,1
-9119602654931814511,1
-7057723847455386855,1
-8831902604400133364,1
-2918206826685458119,1
2015560025097121819,1
6835763133461518657,1
7376365503747215331,1
-2761535421833682521,1
6107861049937695583,1
4126198458469075757,1
5512076673682720230,1
4027119440191616952,1
-4314841023217160458,1
8219401560430870828,1
-6563090665459088961,1
2882307050577349667,1
3213969630776420903,1
-8874038002059046667,1
6773613909611826738,1
-2006601802140387415,1
5253017450989878054,1
3050672708481975914,1
1486239252735527580,1
1006500523827822149,1
-7145336628997989177,1
1492714240112053446,1
1953765075099324274,1
-7894926872416957025,1
1134921292802885167,1
6528788618945672359,1
7660707203133270300,1
8583854759614149124,1
-44642387339751465,1
483242076051437149,1
3577933873173028530,1
-4787253254494278614,1
6989401399409611774,1
-6021946047233151060,1
8066857915867545288,1
9147607860963869566,1
-7492433364292590385,1
2959110793752663315,1
7223750225318055546,1
2079099200081311340,1
-3609919644004023030,1
-3663546852685123473,1
699312696092624622,1
-8195793093406858791,1
2322365868107864535,1
5372608150000124094,1
565513281546648127,1
8993961858496127855,1
8726691263185519680,1
3855566290748268332,1
-5190483852110082249,1
-8406451873273201083,1
4534412913357588611,1
-6236747278804881126,1
-4043800581769721845,1
-6804387585611462937,1
584637614424569918,1
8311986803896645969,1
-9022787027102513793,1
-856893645349642200,1
-3520500340991629641,1
-518547596653579825,1
-5125374086856353397,1
8112043701266205866,1
8459285699731135593,1
8496394344838256353,1
-4320392220440105103,1
7864344797500751542,1
-1871965174174397669,1
-1046963624124616559,1
7977507986881764589,1
2051482229782129415,1
-4826962579767934735,1
4814383268173753358,1
387678308169695701,1
-4412310757063692337,1
6628746024509759760,1
-1868329508754600295,1
3688518264910445683,1
457930011554219118,1
-7776036821006072110,1
-8897023862113271457,1
8603778546098397542,1
-8744203679890732263,1
5314830123951035718,1
-6897783997252082331,1
-8571543538842301486,1
-8054564633547030531,1
-9109192936452594357,1
-6571846291658166587,1
8876053506335019934,1
6630557299151819901,1
4753110733723479093,1
-6302446575647544005,1
-4575350346293229598,1
3700151582103901538,1
-866209901660433653,1
-6286585117138193337,1
-7857480114643766521,1
145165593775896668,1
3956499503436801696,1
866426022466558348,1
-4242856925251241329,1
5632521173236112384,1
-5324155150082224726,1
-218500785418577676,1
3302503474837208261,1
4334312747903963023,1
3204971654574328281,1
-4860493411530054734,1
5323620071368966033,1
-1215894150971538802,1
6448725664536281606,1
3928004280290113777,1
5839744215431896331,1
6649177630691593868,1
-3364752083321718616,1
1953014034299330710,1
3479852678410115053,1
4407127121823330268,1
-4825607596678660566,1
3148995866823272683,1
-2017010025337663075,1
-4957474930270003122,1
3268476239141924259,1
-6317858307848716515,1
-6284614547713216365,1
1650952072786339906,1
-7387362409832038723,1
-7144151420845430054,1
-352261058365989461,1
471727366984331483,1
-6517754465579415684,1
63861823634985476,1
-6921611727661874636,1
-3744253099824514140,1
-3343712843782277129,1
1208632942952165796,1
-2841702439291291863,1
6164255448504444473,1
8408796774952996654,1
7144128415698538477,1
-7918113195262975815,1
5210019014747454144,1
7457572673475364324,1
-8435061155773766552,1
849531538117242374,1
-2608139736472156921,1
-1485333782059254873,1
1524306305254506473,1
-5555570517961100381,1
-2451754266272207626,1
4188899950763247694,1
7799315292879719929,1
4194730898847587887,1
1847890694653232518,1
4940167346888150927,1
-4656569386079221831,1
-3570426065309969511,1
1157166419352312706,1
-3811512053699848661,1
2782688201510591231,1
-7045889880118933114,1
5402617204509171458,1
1412175981789516052,1
3519457887946051928,1
-684282058655788585,1
-6208321464820230739,1
7787414587690421704,1
2571877436569250873,1
1182878103393616953,1
3270603054603695751,1
2163395518694419399,1
-8836073108497169331,1
-555715631539512716,1
-6646864556580033338,1
-8966345727552511467,1
5329889263078062516,1
8859856816574704360,1
303267286868509244,1
7733667488519502743,1
1647908395012753497,1
-9006617326731084342,1
659447626470393439,1
-7909085194961196475,1
-1185169757826801197,1
-6734742606069698061,1
7884047709241954068,1
-8548775041926175888,1
-4084597688506908425,1
8407741172959196982,1
6380461478456853001,1
-8220732805560896401,1
6441092886967513796,1
-9112199219010283994,1
-6557305718012205672,1
-2573449634524647057,1
35290797309420555,1
188234877969967496,1
-1896599552333039596,1
-3518953028805424111,1
1217886070444502798,1
4042041323960335557,1
-3119711541888529353,1
5456064554850404028,1
5019099678754972503,1
401636256343107972,1
-6573460508422637228,1
-8432735614782138959,1
-2215688302226782005,1
8906635602745828497,1
-3361551608803204336,1
1748571396375479703,1
8575111023949014284,1
-5525762303848533195,1
8620754439184970313,1
6310407034791536963,1
8655964657020289643,1
-7849279455467700358,1
-6852228308925499154,1
9205395519950726224,1
-1107540183233696093,1
-3221625905173638345,1
-8028028959316066765,1
-2311487485141167671,1
-5511994081212679932,1
-261548402607878777,1
6668956723211372646,1
9201116445918870116,1
6742871887711892025,1
-6748997936884159673,1
1644047844943893638,1
6130370224955219788,1
-212928690815826575,1
-2311751415445839873,1
-7031895360365578106,1
-7973310553328873767,1
-3732275849678727790,1
8377755113204467393,1
7526082813387544361,1
2006546908311438051,1
7730890435695747721,1
8493054527655668614,1
-5402303437194388368,1
5674038135409297386,1
-9028038249842404943,1
-7876208620759086191,1
-6984692429815860751,1
1894694446945234134,1
-2843816602600314568,1
9115547767480778944,1
7679798433217389432,1
7409660375018983384,1
2608666970692848476,1
2352917674348895947,1
-1579374427800086223,1
-6607623981813498491,1
-5574069732090846600,1
-4223070602505215834,1
415862400748026405,1
-8967401549798321847,1
-6118146698679197442,1
5419116340020482852,1
5407450221573257111,1
-8558901493043495153,1
8412289803901176590,1
-7868079544177607197,1
-3554391758057785246,1
-9184347973564453842,1
4388282158682848421,1
-1807109366791661169,1
8549964283896759356,1
1091692436583956965,1
-8787338920986639229,1
6534633483922280847,1
1716072659425225907,1
6300812777467153391,1
8217428200895354799,1
1481045711186596392,1
-276111738125026414,1
2565544912852646055,1
9076362389755578679,1
-7733584440854244050,1
-3494383274790012074,1
1551760674821911136,1
1806541778556443421,1
-3028111386829990728,1
6316072255054805572,1
3397336265799300477,1
-8678400542186572908,1
8038872313609102017,1
-9108500733243818926,1
-7866252068965808971,1
7748603622133230907,1
2523353910239542573,1
-5265003278075024442,1
5310317411276936619,1
-8302652126338492656,1
-3505473745396540170,1
4787757115361753768,1
8330022681781872392,1
1221146599358980075,1
8925084329229344127,1
6059837608170993479,1
-2855645280413333430,1
-5697363518955369397,1
992807213428400227,1
1840509624681337834,1
276059642277645193,1
-1271928895998692571,1
2743106077963885735,1
784796452244580173,1
672650747272095331,1
-4446395665706739350,1
213332767171141969,1
-1760474702690071548,1
-2245325795134095332,1
-5772316673720494889,1
-7605930962790353061,1
2659358211355323070,1
-404633020430986004,1
-3224397350157303403,1
-7349673189022488711,1
-1601236559167144522,1
-2010078466062543698,1
6512551901308607410,1
-678515633370152614,1
-7170512552561620278,1
6716434713709879925,1
5451975158914823592,1
8988522346761730810,1
-1511309638614450237,1
-6341156878303797273,1
-7068120451327144748,1
1024058903374792836,1
-2168527397648645114,1
-1650993790315559177,1
-4490953430561864670,1
-8336798790579253521,1
5011475480475375659,1
517001489617511335,1
-2275216667357063669,1
527663788867754414,1
-2562872777792099846,1
2764003252219584449,1
669740317885049510,1
-6772382304653451944,1
5836713418512436412,1
3030510016320062313,1
-8322618723501615617,1
1639663782476254264,1
3701309559554224370,1
88411417163487345,1
-707467614641979427,1
-9042167185307556235,1
5185524213769085490,1
-142704095767774296,1
7338818474348043238,1
920799508619218812,1
1774001436705591645,1
695626732519490926,1
-3970246637652193694,1
2407799419735250180,1
177735726309635009,1
-5726163160031691561,1
-8912444619130946737,1
8327447174244605638,1
-2819768743876129081,1
5682709059077230840,1
-215923693641117383,1
-1177572400918651773,1
-3447368923940029273,1
3082033746956731727,1
-4333566584235861729,1
-7249392359435382284,1
-4527578322951768406,1
4566332451778468365,1
-950268538085051925,1
-7065108918225740051,1
-8429838432283815253,1
8112970313043489373,1
-5591672589952839259,1
5806505519394082823,1
2791307721403642618,1
5724513185781582740,1
-4337801014755160332,1
-6582369146310562922,1
-6363923135356478358,1
-9088486449527735238,1
-3025515414304272430,1
8736720229728939074,1
-3850190406426815401,1
-5081779154669536823,1
-5540054707651265083,1
7277232098190226274,1
3344323814576573355,1
761201023123013711,1
-8213345037565761865,1
-4493822971877759224,1
808995825333223356,1
6584620670447457126,1
-7689869025235254895,1
7865003012044029898,1
4815792608498873536,1
6147737283796621333,1
-123559660844169218,1
-3062348625807915827,1
6864434946521703503,1
7867106568474367124,1
-7960193169108618484,1
-7803134427187719150,1
-3799503559253949427,1
5830734784926769611,1
8471764659190812430,1
3945196900109093052,1
5600712441967213158,1
7840841686578389986,1
25676093592285121,1
-801539640924084727,1
-7048318539985458073,1
-329248881494617288,1
3041027179261612772,1
-5122779922361436346,1
7871473593171851011,1
-4130636419941356582,1
7937938339423493803,1
3895501773869424882,1
-8695334171281995771,1
6283917232076656620,1
-992793899366342111,1
6517853766796395096,1
-6849550516703013446,1
4923388091150481792,1
5036431251306406416,1
-4494964390763183937,1
827290476191042235,1
-1528687828914664788,1
4160395862340859865,1
-6034557680768432103,1
-1087837696382900746,1
3378438418719011779,1
8412160970016042676,1
3568395792009497165,1
4067844018734862722,1
-4605494431952883866,1
-3951883741698598386,1
-753410396939768530,1
-2522916034561598869,1
1472241105166748300,1
-7198161557115806702,1
-4401311690927940346,1
-8925354731651031307,1
-5530519470097428372,1
759828826006255157,1
-6765187372190559195,1
-229523343185002257,1
3101966587918924974,1
-7568201223403125385,1
200450320448538129,1
-9127696720645225110,1
-4051044859759719848,1
-2543364346527432781,1
-8223961671626737393,1
6842058080473861467,1
1269837135143261799,1
-9126407302634501339,1
5387092707650125045,1
8421976268810840090,1
-7535402137906416720,1
-8450234081291315279,1
7904126650116760177,1
-55455393548671749,1
7308900752144914105,1
-6094011525036929936,1
2936702100607697638,1
4616874239400713917,1
-8870568957657026359,1
7356078674172108083,1
1769555979881892071,1
-6926459961369318267,1
247752970016585815,1
6163852282103600063,1
-504333905743941150,1
249650629290289763,1
7637548203771686489,1
8060695287686926024,1
-9157055989801251393,1
-6018955135023349629,1
-3368743340623768136,1
-1551475976525130112,1
2984758920314525508,1
-6347778752580780526,1
383843756742224936,1
7158445575336013406,1
-6211540303186000833,1
8350881484218841375,1
-2335713198151151886,1
3529080773448762240,1
7232262774273828067,1
-3556488116722429838,1
4490651015229670772,1
-4118203215236628076,1
4133421255537552129,1
-5669815234323486964,1
5876257024050696002,1
2138814794190392643,1
-3669020126039658035,1
-4949283401406113557,1
-2772521348972448158,1
-8227306665838332609,1
4823950340937415661,1
-6070230804068060435,1
-6557061854726888119,1
6677975795833836551,1
5681236797001624247,1
4197980650771255817,1
-8095178284027040616,1
7789319710873883473,1
-1891788773080034777,1
-1363853946635348266,1
-3680985183304334390,1
-9014588390929414628,1
-9045747524788064980,1
-1415043051386621452,1
8073972313594884386,1
4095121514977281301,1
-6912715678828821267,1
-7399249063227113752,1
-670585426445626337,1
-1515221563300565199,1
-5722146354323406369,1
7796194335476906451,1
2866416088294222332,1
1024918564794288011,1
-3974014651242630235,1
-352606210210282148,1
-4596402083897405753,1
-7610558141342176045,1
-1397413543542131725,1
1497504522545789979,1
-7106256719141437459,1
505483754357905063,1
-2506874377901421611,1
1704701735547663429,1
-234287487182892150,1
7965395395125994674,1
8973122068432769066,1
-5298414729597300114,1
-827103350101731439,1
4906997479852997278,1
3112169770245064938,1
-503592591537918738,1
789183629646385167,1
-7163753549001725055,1
-8102957374645462798,1
-6563425012736911665,1
6585298867764817909,1
545255706937227628,1
770649237521175283,1
6026017614575077553,1
1224527793447168665,1
8477966701967493408,1
-1425484976960599208,1
-8023398676540953940,1
-2195037532906179969,1
7034328889616463101,1
96604684655913652,1
991661148032011469,1
7981380082615033585,1
-8923130327601199610,1
5132079804747612500,1
8521828365104549801,1
-7848781109843277393,1
-5095450852549428253,1
6079864200163183912,1
7468575658757574438,1
-3704711769006974864,1
1121534687330244041,1
2575399262594059917,1
8056797044259722893,1
-8321139666676258601,1
-7618801355874944827,1
5785732861457678789,1
-2895383716390535528,1
2921448042006016285,1
2044159828459136432,1
-8468750134773886015,1
-4728639522408577883,1
-4145731735028675963,1
-5568074476452807148,1
7432536283604656411,1
-2374508357653277449,1
1225770131516950884,1
9057565158680338894,1
-8570458588667648499,1
8740505194028071022,1
5308054954719909080,1
8666850966611116872,1
-4632102260082151411,1
-476455560864621163,1
1452423340248744161,1
8951736772787221857,1
6498769916424025855,1
-3840752822913198358,1
-6950794664030014576,1
-1722463161784473036,1
1959674164049621855,1
-8230921700130335003,1
-2076399245546330707,1
1298078371440878630,1
-7505631036177928416,1
-5676908033333342981,1
-4144253029956825728,1
-7503380981625579942,1
5671558840468174587,1
6834877491636916460,1
91397842038773144,1
-6005808608477945945,1
-3687304555502544702,1
-5473963016099160524,1
-7640734226727261016,1
442043141035469010,1
4893122913089845432,1
7777137542177597728,1
5317568736044505174,1
-802029020216229429,1
5199653978340908046,1
4208880247433394272,1
-1040979361841389286,1
5865447446481544002,1
4659485734894736011,1
-9190912282485218760,1
8697249715537410279,1
-983772175693824114,1
-499696892596440938,1
-3959489319030330883,1
-9200068682858195954,1
7899537053395387897,1
6534053763029984495,1
-8254881046750133830,1
3141921544996829288,1
-1954469088958982191,1
965636058799490154,1
-8664381978263365232,1
-2788146806089869393,1
-7537439529240459788,1
-815945392184732507,1
7377008660386546643,1
-5795345232865201756,1
-1513336417732938299,1
-1805733448996199417,1
-5397607179206305927,1
-1749375448660642928,1
-8307184173769951989,1
1536501954825148458,1
2657766575052930332,1
-1162371382001099465,1
-4117396635271970614,1
-4747524371891380704,1
9098312267347193236,1
-7215933382428788971,1
2334189536490962812,1
-4210735381011195726,1
-7228372954380472557,1
-3834554029793639831,1
-2635653825801540580,1
4461680901792830689,1
5145972189458076082,1
6597023936096175907,1
7794071059905934502,1
2909393726235759064,1
-127263469981837044,1
-1547338169552381131,1
-6474870415598156439,1
6910593225238754703,1
5033343943157839057,1
6608903151399781644,1
-4441960458320122347,1
-5476349208180002182,1
-4235737767402825852,1
-1157372749061975158,1
519424696120861220,1
-3821454052345637538,1
3639495529145937862,1
8850813501718425190,1
6618265282707537140,1
-6526605460155968524,1
5522525852854678730,1
-9147241560571150308,1
2205814606848805383,1
2980758677548862239,1
3913919957323418786,1
1637637440212560472,1
262827936686630050,1
3436011864517183806,1
686353762251477717,1
6449378784060047280,1
68375367947250371,1
2152664221176130235,1
8557899470365542119,1
3505966117974461982,1
-1300360932689272413,1
5545906850271012088,1
-476118521661069439,1
-6623976503714863477,1
3357096567347884443,1
2827774168883748380,1
-8792315980763585876,1
-1499148981391676915,1
-6876673968406610891,1
876271505770936191,1
4783980265174263772,1
-5728278759488959772,1
524988034513832677,1
-8544187097373138412,1
-1502435869649481684,1
2696089921425871971,1
4803538302896185442,1
6152871945903256080,1
-2226597665036868663,1
7087620249623274845,1
5351893478331268287,1
57522189671997443,1
-8002853126053185683,1
4551668685201250853,1
-8402257812360157039,1
5714262059563308161,1
2783368543038354681,1
-6250115693544115840,1
-3111640025442519098,1
-2438472623573498169,1
3329490456206115751,1
5039048850142209950,1
-5602354276106714961,1
-9122579327427989330,1
8801055621489583839,1
5084139644448107360,1
5327223508627191285,1
-987844905320334744,1
9212142238970556845,1
5799014713757901596,1
4065167078166571761,1
-8210627139277047076,1
-4346769564585319758,1
-114037647239387185,1
-2352320145388808861,1
7367171030228861631,1
-6582473847062974188,1
143680912036351487,1
7381230235508491786,1
-232732647364053845,1
-1869243967013352126,1
-6989466061945578697,1
-1366808369416705138,1
2795117951858222548,1
8840458504691368863,1
-6811269890366277057,1
8405063831903581404,1
-101804936908086887,1
5676017705141626096,1
-4431560696267079580,1
-1009894797555697731,1
3396969904873419519,1
-7739719055566159107,1
6631850832092201479,1
-4713156527804252885,1
-4828763470206355571,1
9158157927858065794,1
7466505927850815764,1
3992665001431584034,1
-2134541752136094658,1
-7782359880690869179,1
-238279242748036677,1
-417190456083690855,1
-1002398574606964985,1
323109972014777847,1
-8763540488394911229,1
-216238202592631299,1
1926159080262894136,1
5803511114318967090,1
3444364071178893717,1
-7550186499178135582,1
-1704082754438921002,1
8730200818313106239,1
7339260475307908595,1
5440055740454002909,1
3432347577565441795,1
7985162042056760747,1
7274278750974653706,1
1835934221888535725,1
6976779875062133109,1
-6717083686259166432,1
-7527740331134798200,1
5527609360089036604,1
1471489123846565686,1
-4889941742249187482,1
6736281776161067595,1
4035894731576373466,1
5411306767007548983,1
-8331291244130023750,1
-6514282626057303145,1
3391876682863524481,1
6949057271707697584,1
4205615578492277390,1
488334850113826874,1
2801070922010254722,1
546763755267839601,1
-3705943004713915456,1
4995306129586904827,1
-9156104806230003455,1
-4521112970326691270,1
1109894614168317144,1
-215262744961021683,1
-1460639814959161881,1
1649855174294253198,1
6428423318957131979,1
-3539714292864958369,1
-5570556948398239516,1
-1439702281250464969,1
-421733866529026011,1
-4320096511929984855,1
7482515111496969106,1
1773309421010314725,1
-6340600910242635949,1
-2920834846870300662,1
-551034192470982219,1
-3140822180911067016,1
8441554662260233067,1
-4773922350049609984,1
-5613848178590691498,1
-1459236565782226087,1
-4904857989615641787,1
6720376308203727336,1
-1707262008898745844,1
-8963502706276795697,1
-8813000881601813376,1
-5940176375109367947,1
-6744260463646283027,1
8679787027128119652,1
-6140371294789630724,1
4569242387670861000,1
8892675026429616581,1
3209714785710808352,1
-7492746923534735640,1
-6373828707290476712,1
-8423183054539108522,1
-122696975178240480,1
3168813245903706856,1
7432721571319351064,1
-8826555749151803912,1
1388512973205876402,1
-2215921126170665094,1
357192983517048952,1
657346384835613162,1
-5541105841823445708,1
6653172369983400604,1
-4832454909994439528,1
-1379176289230874998,1
4642817828269141306,1
-1923169242008301272,1
-5484565545656505844,1
6559947427029928950,1
8735348119339525857,1
-7712328804254767125,1
701457330410082821,1
-2881085256350529388,1
1060030214040962388,1
-8352298548017326316,1
4246249102980166278,1
-1935874854536691511,1
-192558115010126832,1
-4251736308144449885,1
4037347018726880807,1
-3656704534009805470,1
7374787287387916690,1
-5292399070761303927,1
-4805042276953423262,1
-404199613166371087,1
-653896170227266386,1
4518878565136288654,1
-1557560997537483679,1
-2683250469333187040,1
3350908473255411712,1
-2093782588432955192,1
-5511989218175256012,1
4142505093639629180,1
6832428720842286906,1
-6742641024620578751,1
3379423371880008150,1
-7038950716846647245,1
-7192744279479980638,1
-299682101181715606,1
7752359291417396150,1
1391718411339143380,1
-1336019732735364178,1
-3944133175951683588,1
6666962433023834392,1
-5203846311231314104,1
-413306013864422481,1
8371689375414606465,1
-1780563491887343386,1
7317332153502457370,1
-2571924939923196616,1
-1450089319249545083,1
6258936965585437263,1
1026691668373342472,1
-6972337259313261925,1
5826716393232826517,1
8970475338933569170,1
-5004071391630021533,1
6903152364420695939,1
-1686807949552015532,1
-6136387408825431167,1
-4701076441867903563,1
115125434146759170,1
-72731773274573545,1
-6274027824780520932,1
6709286717275048522,1
6280176660941332192,1
7238490065123220089,1
7998662629831752251,1
-2014514829535447472,1
-3487872485869759585,1
-5782627912093109524,1
-2697622746809028047,1
-5662700479087986281,1
-7402012480779682274,1
1818683928276037135,1
2573610275927727447,1
882056913454188714,1
6481061939830326262,1
-5315235794147658073,1
9137064795636921986,1
-252147676982631938,1
4766480810156883950,1
2676373239008950761,1
-69381246432854191,1
-5627734793961826360,1
1979420839868621642,1
-8329344537471440392,1
-4532238418742892036,1
7130096856836159726,1
8468098543295993483,1
-5208787284662108171,1
8750593380023185427,1
-9160855619901941640,1
-1143059847126927423,1
-7161537054917970722,1
8039745897066944090,1
-290821850178008325,1
9183204865532899517,1
4944734073429477887,1
-130510982906181342,1
-2997068089798191911,1
8550602094402305261,1
-8156914619454076271,1
8345017009823157925,1
-1127196671170131240,1
-7781565825064651707,1
25422236925425288,1
-3703441182939928875,1
-1442679594276968042,1
-5803988896635528954,1
-277546407747234530,1
1308555189863656122,1
7129172237637436309,1
4300323625835660459,1
5369068165740591752,1
-2626833300334257450,1
-8113089576150388412,1
-2643901513312375866,1
-4147467076307378592,1
-6907150372280982456,1
7765301385891646080,1
4077348542420418447,1
-8620658752700718330,1
-7381860510807871998,1
3307586516080670580,1
-1794678729502979602,1
106480753640723492,1
-6886512117313314364,1
8666641507323039392,1
3569993613582663699,1
-4408969986168053740,1
7162361709402342029,1
-2583369221474905748,1
5780360192929588391,1
-3957922578243506776,1
2870394317312603498,1
-2977613877783596443,1
4463894916573042662,1
7056009506270005152,1
-4393779728200100850,1
5854321508374675822,1
4380147210685041161,1
2645319408716985631,1
6229955951018476719,1
164569827139694256,1
8550523838454834901,1
-3321835459247529244,1
4520276763521737906,1
6700341249239963869,1
-2355598264131507122,1
-744788630442383976,1
-1052286406172774003,1
-7409480840829742880,1
-668312452970163686,1
-8438591627168762192,1
-1900911924552522866,1
-5790577885034739553,1
3458574706981320977,1
5406300913597971291,1
-5525196303091185265,1
8943338843132100355,1
2485765751934777201,1
4610432564778142418,1
7108356447568967131,1
8682681387833589474,1
3815645393244897300,1
-7145313371071303450,1
-7247688640631853222,1
8125070848722750640,1
8619559431564280450,1
6365873558217201462,1
5490899197012804645,1
-7595175560398258173,1
6877578382512336562,1
4898611786248320685,1
592855963600341585,1
1337256503813228835,1
-9210734061581894980,1
263878178151309345,1
-2359113460408269047,1
7113323683284427184,1
990774961343212516,1
2205654716199010937,1
2058473264121396861,1
-5554530365370554604,1
174908444765010815,1
-7527745870135358949,1
5017434975625080719,1
8798849280795441708,1
-6637199109686549212,1
-553432640368855322,1
1098074373585100445,1
6350193444231810838,1
-1737356358445398873,1
-2375991760234173734,1
-3875480832171795768,1
199158639086434976,1
-2240490264603202063,1
171205850642604924,1
8263093831984145935,1
-9012089596687874874,1
2038525298685118306,1
394952504479180220,1
-7280806585007319586,1
8314655119434986606,1
4506418447700827472,1
-3650291945004768556,1
3952333653563677058,1
-2895929399224574374,1
-4712473609567507969,1
6227048999559425167,1
-8024960339247984720,1
6071054762608757385,1
-6951695324540156882,1
-8133072842018847425,1
-4921758354998054683,1
7537160646143901389,1
-6644983418160414967,1
3158099582951815582,1
-5984676405354748582,1
9056603940870564948,1
8280425278250630593,1
-4697401705901473511,1
3074349902699539372,1
-945981838610313803,1
-1743300148548539889,1
3440494980281220802,1
4501596404132484701,1
1205098926398569720,1
-8168347717499898017,1
-6500551446933387080,1
3093015099604965450,1
-8977918203432619940,1
1528953503079729231,1
-7055226802020128311,1
2710257477876500411,1
3682531485405534023,1
1547503829309978230,1
6064077644667606921,1
-6483876974420766324,1
-6773715994622774197,1
5033919180309351528,1
-573230336148424444,1
2713317250300099971,1
7873850816188041662,1
1997977358440090005,1
7446035815801908814,1
-8963959426956966311,1
1618084279467076009,1
4781037952607180526,1
5780069224576413293,1
-9198420260957760509,1
-3353542414314840833,1
-8693217770563465170,1
8778330039218921409,1
7409900707603225267,1
-8453428680531677860,1
-2484806276495301351,1
-6238827214112775347,1
4169303958723458699,1
-227219921798762905,1
-7705124127194503968,1
6905932654657748077,1
-7979385243008671690,1
-8420498336686331461,1
5048742134594206611,1
-5235366942457068721,1
2586921764620274043,1
-3407114121451948110,1
8009196751964301119,1
6724176700529775731,1
-4711451015748358744,1
8954168398953366221,1
-9219488826189601622,1
-4750833213308075963,1
5331785157512709222,1
8589238237380122148,1
3546047049089661525,1
-4304466601697815206,1
3784895329477220141,1
-6629457257188262147,1
6501547420724663991,1
7859812161904431311,1
-1776359191590119835,1
-5717274923430754624,1
-2270147974562589730,1
4185877937663913158,1
3429176430140078748,1
-8302516558171968955,1
2874225179477532423,1
257137463677198224,1
-1048185450572357050,1
-4338981228060838857,1
588558312618735556,1
4567310077155812689,1
8187217025942486947,1
-9097363529494389402,1
5392657975715637938,1
7488791203783052631,1
3809692117775006374,1
2200166179309193786,1
-564979340320892805,1
-2867059532119196028,1
7866326939198737508,1
7416579957816764967,1
910882995422147806,1
6403158973645204070,1
4039769811714185192,1
3885083795182525661,1
-6564804479200144723,1
2504032941171135855,1
7895650240652836275,1
5465584222483169394,1
1155607726859879497,1
-5120031468723100172,1
8838593301352471361,1
-5399605520950257375,1
-3006352915559080613,1
4847915174779036405,1
-2838811920741274162,1
6883480883769216338,1
576526144289282389,1
4768139773538363956,1
-8593674142287884920,1
-2588009508574278275,1
7435213217538876489,1
-3798549457029884492,1
-6278335297186014838,1
-5410630083962323243,1
-1715501103386635743,1
2848727951244621324,1
6005097817485868257,1
3760360422363638176,1
-216586010384516740,1
8313541134973930642,1
6537377167500701622,1
-981638168854468430,1
9015798980809103839,1
-4373853430105557111,1
1140765862125273296,1
7960981364256903333,1
-2122526498014270232,1
887778715505413652,1
-6616228343096899226,1
6639399263694838852,1
5100287612448538559,1
8489978094950727540,1
8568720038637489121,1
168866562332105256,1
-3536623192804826135,1
8164641432793979589,1
-5553564121727043433,1
215449781292046448,1
6005059801316377273,1
-2012291427496208972,1
-7423689721060469995,1
7502282427979384917,1
414716383095670299,1
5851458319198346098,1
-5692779671161176591,1
-2709340568938606903,1
6510677788896620461,1
2211359569451314104,1
1997236989720920733,1
-5369086103379055800,1
8450717208215731718,1
-7331358876717019695,1
-8691532232816003578,1
4591582516556136142,1
8683926733711949048,1
7688229627399554775,1
-3690283457204006132,1
-4104560474905592955,1
-3599349614217924340,1
5561559007400887667,1
5795253832392053130,1
3335473737855605539,1
4979899418731855462,1
-2019781937887919177,1
5900961933548731437,1
7888247771875449752,1
-799307197352083867,1
5676056640541424470,1
5760743161900783124,1
1739248363963698795,1
6463805460712138337,1
2376840770608739198,1
-8320294820620106639,1
-635935304178569729,1
-7317827943532819148,1
-54431471482152103,1
-3311318326761831980,1
8913484864694134477,1
1235009162295453756,1
5841895065011355155,1
7097755296613803333,1
-2303374679205616955,1
1278833269093435097,1
5142352357304224954,1
2555259486798925324,1
217363341161204949,1
-3643900648629161340,1
-6908160391202341230,1
-3190362131207299623,1
7101883171587933773,1
-146262073425098572,1
4086275769985310680,1
-818538467152537847,1
-427538744979665413,1
1415013822344881364,1
4872338677691149597,1
-8471032880760269046,1
-7565337221670287642,1
2131896820702741679,1
8597309625590822619,1
-414619478602099849,1
-3486774743625158056,1
4318784564251223360,1
153912590296337297,1
-84792661790704190,1
8792458635082926872,1
2856722374559838266,1
5828893345145907335,1
2789173037128512314,1
3802118452982558267,1
4219703481731778437,1
-937519032352543982,1
-4735479383899047176,1
5789874629544827118,1
-9195524992300402006,1
4098931002304845449,1
-2222833477419081995,1
-6454937988846417110,1
3165778079513712440,1
6383803814887117493,1
5190008645164644787,1
1438775808738308391,1
-7603865539330044482,1
-2501870294773015485,1
2828023749563746368,1
-3657430229383751039,1
7515084208890350127,1
-8226683478053957285,1
3172061831977357313,1
5643787676271911126,1
2278885535022064252,1
9103555549681796420,1
27993038045469162,1
-779461391226772624,1
3980949099394377868,1
-7885191427730213270,1
8361423322536080142,1
-3965632990802800177,1
-1467202923960267312,1
-1451503623320808744,1
1717899769531816006,1
2126876162538329878,1
636040703674415890,1
724848249947962367,1
-4189457287963448571,1
-4075506426868354966,1
-6788727403519664677,1
-4473556916970699100,1
7305959969116747024,1
-4739731160978010503,1
2765303154891947448,1
4495783113382584046,1
4099393385454858411,1
-8923755295317094681,1
-8657068057235821752,1
57182649640176737,1
2442803272579657604,1
-9116563328170909265,1
-8178770896775224788,1
1520038983367350832,1
605233075139127769,1
-126480191295046809,1
-8063558361035826985,1
8135711994125357667,1
-163305521693307284,1
213544322202911950,1
-1630091182023391673,1
4909860475626106627,1
5879221525673266050,1
-8513341114892152148,1
-736518936341137081,1
7088839097006244286,1
6263262937110429025,1
1131102094124745689,1
1752451833645960601,1
6207793396988627571,1
-41003092524616921,1
-2006294201486419637,1
-932541179748182451,1
-2290613985883377629,1
-34829076706897441,1
1374143290205176046,1
6949261263760105715,1
8672179327756460901,1
-2127335044544907001,1
-6273388754475906710,1
3308911112816059806,1
-3155922924024248712,1
5828283481968698088,1
2500852126679377321,1
-8419051726571190610,1
-6489510716120273891,1
6799164692498958996,1
1399260228315596947,1
-1387642518453549853,1
6832480771947380574,1
8314592830451060714,1
-9063345905152721231,1
-4545829428502743928,1
6932713481391907052,1
-1314317319347321304,1
7896597120328741586,1
-1220894753272273552,1
6064875773075044079,1
569375245306260566,1
4298616354815578557,1
1697623810329878398,1
-2561348620288932223,1
-322542359481739036,1
-6043581294457108546,1
4732047168679209660,1
7417005239390999831,1
-6286857650415801923,1
-1813758595715082345,1
-1310788393727402710,1
7324801292731842056,1
5902868830108096834,1
866876604245866674,1
8700208779962761592,1
-6904259572102121326,1
-5510486419433179936,1
5893773094902656024,1
-1113582139564769094,1
-4823315152442988205,1
-8232506475807930507,1
-7327798300031355016,1
-323239271866553771,1
7159556220548246972,1
-7022295302383550840,1
-8230146463357044246,1
330287136360606651,1
2077119029826478287,1
8753554542762671704,1
5036142770373317171,1
-3477464359741704212,1
-5654802900041102369,1
-8116630519568436360,1
4310797514468488384,1
1580534445850886447,1
-174500909213998968,1
2925951067944245361,1
2958748892225174840,1
4599617233601997253,1
-5143728384550917443,1
8881050851956214938,1
-4573532757595896414,1
-5026139584212028166,1
-8525494696171420140,1
-1839207381113495897,1
-2850709165759167592,1
-4389460261800049315,1
8523302113041300306,1
5996335203257174661,1
3805620818095000299,1
297222873860921729,1
7760784075360103228,1
191772976821758088,1
4142983927822075642,1
-2140919376717368940,1
-2164406690320058551,1
-4885409684386574627,1
8474868142244485707,1
1960217518013244586,1
-1537201998661050911,1
2744991222038434048,1
7660826917672609144,1
-65376714031662488,1
-712770144688199833,1
5023016205907663410,1
-1741566196475651612,1
-8498217104303086825,1
-2074836386019991414,1
-8671238427911408478,1
4769527310027306964,1
1892709881023570804,1
4974049441016076721,1
-5918944641673715553,1
2181971528448644192,1
2076378788460264268,1
-8072413483026312242,1
-3162472315498316333,1
-664112600468155912,1
-8983389069274605521,1
-8192318416853156628,1
-209884431149223536,1
-3787837353816698666,1
6699230964886932599,1
-3856969463462838780,1
2615391274584224503,1
6957247066955056176,1
4154362795639796166,1
8359905065293296092,1
6552488484772895719,1
6750434781006083442,1
-293169374313462309,1
-3690973268227869191,1
-7408942662142192940,1
3958541073524296400,1
-3833821748635494362,1
-7248346145586506002,1
783652189516691987,1
-1063261290621478089,1
-3620034418903509559,1
5742839066609388625,1
-793788882156507602,1
4881109047427401512,1
5882703079243288346,1
-3922645244160570700,1
-2411348874097089049,1
-8373622094334682781,1
409477980104826773,1
-3757388952075664179,1
2069505348949110312,1
4325204340766413560,1
710220899899621953,1
-1459886326123559003,1
-5342012788329486276,1
-2717873003017852415,1
-2762863146597967158,1
2242129867186991854,1
-8508704744897307143,1
-1058314563414518547,1
-5147896638643816631,1
5362190959990270640,1
7343344693311820619,1
-1055656675975056224,1
-1948954445223102960,1
430842651202342257,1
8947187530954328994,1
-1893902817801623787,1
-2120382911682729198,1
-5294643741351354131,1
1526081403755400328,1
1811687227785743318,1
3371181275067850278,1
3222815051072350166,1
-8909967433414598592,1
1206872552518988975,1
39575857016467188,1
-8068973119042172164,1
2990200207271637068,1
-862284990592273383,1
-4902130889892891110,1
-5728291686612880012,1
6649405248838197025,1
-2549870769901654850,1
5853650404221673958,1
-25014388231684606,1
8871722023213931106,1
523968782242146476,1
1292229574110967230,1
-1312563622064850654,1
902670769518139994,1
7246751658183548954,1
8391336993827955800,1
-3244139637965949866,1
3669807815531515294,1
-870070004937697385,1
2235021113249782518,1
8838588484875188678,1
6755596535550658948,1
2394609315567114023,1
-5154373485784583218,1
-7472476841632576262,1
3009349085242638433,1
2047375596183891735,1
2138145429778031004,1
-7570740794987892723,1
3771631022006525594,1
-258079868786614629,1
-5098069973848901095,1
8467056866101424678,1
6949987574450164925,1
1091975222427991011,1
-8629361537830236460,1
-2125718140385793958,1
-5119611542044918602,1
-3371909055336399471,1
1958684501746809968,1
4706224817970030573,1
-2604864877537897626,1
-488205902693290179,1
-7760297633252877072,1
-3724671247715132357,1
-2459704562590917452,1
-2663494561781283154,1
3540155451485941559,1
-8322024650337258007,1
355279750271838893,1
7980538917990778079,1
-6946216023771070603,1
-443093021734647627,1
-3210729807419640241,1
812656519941718967,1
-8998223093209398641,1
-893652544705814845,1
-2754024403192994268,1
7178712428710010071,1
5449286721144609787,1
-1685774725230409779,1
6014152339472685153,1
362412629152328795,1
-7095527570411142759,1
3066763809053651785,1
-8950304189842954073,1
1478964638572862754,1
-8739152577083766747,1
-2553829226379681212,1
6515245800813684619,1
4695148114622496872,1
3604090504360836418,1
-8662972540179212901,1
5787278685673177441,1
7651899982008471211,1
-3668212858331480304,1
-2292311200887529541,1
7130850000478251300,1
-8906920501989385466,1
-6584989552765201439,1
-8174272528420339307,1
4192252019660313389,1
3554486630426391335,1
-617557079860467851,1
6460039678464250324,1
6506067939676894769,1
3606034164283765525,1
7918164193438069918,1
1620432215802803809,1
-5532666555289606409,1
7324282535969947692,1
-7792927623410558291,1
5862081171161186832,1
-9222285514068687182,1
1911427209783775647,1
5884462398060330618,1
531910451622978513,1
-8792001902147202764,1
1059898911492058420,1
1621318231394688445,1
-5548985560851527244,1
-1033265307502077371,1
-5734771761812379435,1
1950154754205414048,1
4330732087359842148,1
-1652017041282610509,1
-2123638874025831030,1
7484977069320389247,1
-7156398045418558449,1
8801174867600939805,1
-591816003695424558,1
2388148840351990945,1
2633766725365975094,1
-8139843564715311166,1
-3573202708403797200,1
6164929248755826436,1
-4480477128678904872,1
3432422396669712688,1
5585006392779247648,1
-1147444989253398786,1
-8563741669980368694,1
-5227904504330041281,1
7847392032670412946,1
7557284778860769759,1
8941327561372958927,1
265817669671523210,1
2066919836269815534,1
-7050606684264499194,1
-2262207572853288582,1
3100834918750042021,1
9120251818533030278,1
2947606617485225455,1
-7605847581086412827,1
-401567133080574926,1
-5620699582160055463,1
-7565156081831552136,1
-3518648442312291088,1
-2093058754821528863,1
-1311477782929304286,1
1452122233928397467,1
-3180548701223174647,1
5174133576903787937,1
-3528443417491727429,1
-6314290358178601835,1
-2756202334918401807,1
8802782385109384813,1
-8873357715286590491,1
-6547056033685738370,1
-7161512867381008198,1
4958520907502258621,1
615545315380885339,1
5659663591022574437,1
-3976565664313445011,1
-4583897841896055707,1
6171612037929375189,1
-8331696613803580293,1
8831390173821831264,1
928974094709216781,1
6196337553251788727,1
-6547004395119532742,1
612379254153017789,1
-5707697642085706118,1
777287601254059815,1
2414706675904812391,1
-810824311266495085,1
-7103996302391488810,1
7132957525869371604,1
8964207214918955615,1
-3379155343196660823,1
4452117482558567756,1
1341225488144238381,1
2993400114746241736,1
-5961482317224381925,1
-4967289309338383220,1
-2652162681822810874,1
7279200308361399372,1
5120275218987207732,1
-1974151284113142201,1
-8595325321346861306,1
-3862958318530482807,1
-8951502885267636041,1
-1895094917673212470,1
-2527636077831056159,1
3966845697394901340,1
-6143560907071222758,1
-4770917566047592395,1
-4555046905299665086,1
5535279693836210312,1
2135510780136304641,1
-4071164016415636786,1
-3047110827612406247,1
8730473996905464639,1
9183440424749037117,1
-526499429652059638,1
3834755363775459300,1
4453850853710971136,1
6976803145526833501,1
3676580704190427479,1
6286665628329526448,1
1965582463997350261,1
-5472971898066429044,1
-8061536672408964910,1
-6035276276433556564,1
-6667870689278395134,1
2395622539113429394,1
-8353449295826027504,1
6807735258284650999,1
5370637679739016048,1
7949441152604913405,1
7188217061693278836,1
-560005780342018044,1
8156946460381039744,1
6853317655547760792,1
7271186083981160050,1
6222783243065017576,1
5885077518156607236,1
7841337565230282250,1
-3124555006711285995,1
2381787028469798656,1
5206085802226893459,1
5204530830978794906,1
-3476224852232684149,1
1606209507712258790,1
4884584266527588969,1
1301139874361548653,1
5222884713673128818,1
-8608925330021568066,1
9111076785053553389,1
64508858999655724,1
-7559206881957420688,1
2816280374506663746,1
7053578942115431474,1
-7297393969085634170,1
-403847356607914815,1
1644162036297607882,1
-4542543411644315221,1
-8596088769378972228,1
-8706901564214865397,1
-5356864893616050837,1
966871162431891120,1
2414994374782172565,1
4114024130193017470,1
-6451487058570203414,1
3684265170703856316,1
5380349683010267052,1
9165604885365551194,1
-4511536611530381754,1
8580498298586259877,1
2038464682108544762,1
167013235257013574,1
-1725320260095540236,1
334549696326609616,1
-6889553474431053889,1
5417725859551405994,1
4375559114929896379,1
798107691082586189,1
352308676137791046,1
-7156369858758119356,1
-5286974865056594397,1
-6691152212930003146,1
464645505176038693,1
530799034849178548,1
7611334213183777246,1
-1507728590793570750,1
3440319959997576511,1
-2269441800891804597,1
495023040771892776,1
1053261365270493368,1
-2083707162831959062,1
-7170747839643313496,1
-647630018427407926,1
-3204592754015151415,1
-9055817256011985389,1
-7059750074945263667,1
4226207753946631390,1
-6783911290249705757,1
3910048714097645128,1
7954345251575406885,1
913343883585672257,1
3628654986266994862,1
-436069075705817179,1
3618644173123695120,1
8995114641989591323,1
-6676571068705146733,1
-1271430348564967247,1
2460952052293407927,1
-4144403829631493390,1
-579455388256965848,1
614437347721804924,1
2815051808477832823,1
-9112471870905880279,1
5453248268231910637,1
244521632976709937,1
-6445059683952094137,1
-1283485580518227912,1
2873560842764039731,1
-6453174192201688374,1
1541128469171010887,1
-4400042592568779272,1
-3245788323214954992,1
7344462131873508691,1
2944683415193789771,1
4802730363343918806,1
4582181671984102942,1
7788372499864131320,1
6740476158219891956,1
-361661407673893900,1
-2609792235582255306,1
-860409293241489259,1
-8819135407762570282,1
-8335690810845225572,1
-707948967268969570,1
-2830955487412844213,1
7294103796394162168,1
2479339030737039301,1
4122917127005924638,1
-2291175951930458196,1
-1330618614359632794,1
-8881831262804913698,1
-580741719212793106,1
6709541702247506854,1
3429510205329838916,1
-8165818756372148143,1
8728178103850005607,1
-2893266724244048579,1
9057089073397612743,1
4095752072483703313,1
3875385907152788078,1
6791587581731675700,1
-4053191322129846290,1
-4859481426098729896,1
-1295426499185713409,1
8525233462946254300,1
6777622113855275013,1
-2882516846507710850,1
-9154493064642122933,1
-8805254035452509271,1
-841041569351864756,1
7267453137344708867,1
7976945236073365190,1
2492948338924519266,1
-1499623258950276846,1
-6757551464790794448,1
6518936682709865281,1
8033115239611843240,1
-404728023911240163,1
8917879803084998995,1
-3179529094908823463,1
-2318976231915628116,1
-2644507981782953453,1
2943284165759622491,1
7598011561044627051,1
6350797231823850085,1
496153308870092647,1
6731842651566067303,1
-2339556211040227546,1
-2371032245257392848,1
2779094906842856478,1
-1769916468710875451,1
4689847535794538819,1
-7469460562004452483,1
-6237927341517372501,1
-5740706008159704322,1
-9156145670954873051,1
9086500358011937947,1
267139251842618733,1
-5629925731235970510,1
-1024736448058928312,1
-7256161227554322954,1
8788094161528692305,1
-6743626186645675890,1
-8502957061612804922,1
-3814484854056355273,1
6676437026606071649,1
2342879221159187023,1
-4309090123342756484,1
-7270528746506280939,1
3552496795623876696,1
6801660854063638124,1
5169478883158876790,1
-5836899171533574137,1
2664998422620145702,1
3697202860959919935,1
9074074739397416312,1
-6573061122643503025,1
8424535501287328602,1
6591834012894756532,1
4580875550146918182,1
-7097769155890222862,1
8755236823730145139,1
2516916155247702788,1
-4478672727133072675,1
3063460548539769890,1
3436912560306499092,1
-5683095156721511336,1
2593815034402472300,1
-5142860308426203305,1
-6288134356743632592,1
-3955758210846715065,1
4536371103643695945,1
-2664888725758084849,1
7207583813471234619,1
4224959610881709747,1
-6205810034690201653,1
8409990646963911400,1
7622361978559238304,1
6940032770306887637,1
8503120035765716744,1
-6652067850385350377,1
-382688191058472921,1
-7615956924595376301,1
-2217492587721414287,1
1059594347913258461,1
-2388224913672967933,1
4090317291198041560,1
4175185893639861003,1
-4567604650095375773,1
-1365061338120934595,1
-3741566245807820088,1
-3988455455043451582,1
5755790385537983898,1
1336561780249320455,1
-8876780763071347013,1
1784875573753116063,1
1689405513778878442,1
-9009191829596997485,1
9126084891803870410,1
-2599439750669064308,1
-7399104217097191422,1
7700402507306931275,1
-1432598794932615606,1
1684090783632862850,1
3245178651027967496,1
8200043667949134664,1
-4638501591469636734,1
8330087217349936090,1
7645993723501229605,1
2891192909960083410,1
4947536090226832721,1
-1205215118074162927,1
3685735780764799298,1
1838910132329386886,1
-428369441754475552,1
7611232627525123281,1
1963292027822715963,1
1703758149727515674,1
-4579685918092898817,1
3465447830165524944,1
433616252955351128,1
-3440539811100484704,1
-6756849039806626862,1
-6371242863174128605,1
3140480827922576580,1
-3848901489791266001,1
-944643793375070696,1
-5538640775036832510,1
-4302515655392282869,1
-8243588741569767861,1
1851403299821192282,1
-3711468798695730169,1
2954021242188513657,1
4217493194684620859,1
-3195897015328350184,1
-7819983062253381464,1
-3358225228190884723,1
-170258648291745802,1
7862635929204288522,1
474001225189729979,1
-4426099383583577097,1
4177852841452216473,1
-4740948579458665764,1
2799937453030058631,1
913526175727022482,1
-17693581729997584,1
-9136245062529087912,1
-2803536020775806873,1
-3642195201273399998,1
-96186914707956028,1
-1079630737340688195,1
8532721938990189532,1
2629286596003821992,1
-8153982374870360650,1
-5133157268080755548,1
563389021449506095,1
-4525415435936258636,1
3626401465397245277,1
-5259232874241304162,1
2413724658955545282,1
-7947525051414353876,1
8633625465293970318,1
-3553825637682556746,1
-8337728967656444830,1
5405971260176374298,1
-8545412010722815969,1
4194692119680475161,1
-6884126820290067805,1
8909605479817228835,1
6953101315246808771,1
-3440544934490379206,1
2150383374559420616,1
-2100868369822004633,1
5281303841730675575,1
1743343273820792739,1
-311828039180283141,1
-8324601820251118697,1
1389591002514823037,1
-422793170738662909,1
-3843309257169308412,1
2876601506053894649,1
-2867960767290471208,1
-7216567554798635823,1
-7438515720199077890,1
8098063155125277865,1
8474133035713372778,1
-4093084444195906241,1
-8507968907139283475,1
3333695621031825233,1
-4723990038941391368,1
-6998623656482562211,1
320285404200547728,1
7281491864033153177,1
-9005964764103224413,1
8072920480403124044,1
4244259715514006934,1
3704344658929198305,1
5839452297131428730,1
8726799078581716546,1
-7578627269967142510,1
-985175994001525722,1
-459536443739273197,1
-6470381520527675927,1
-7485425552616578267,1
-479752650229465898,1
-587232947286700391,1
-6644915121003160101,1
-6121102412403258757,1
-5164952790664891084,1
7109519966861456273,1
1936726235647817890,1
7285670161143683644,1
8144820120135792747,1
8739495614810696420,1
-5038112661389251234,1
8651617867362578652,1
-2250055243327026232,1
1055617236419162113,1
816422358583035869,1
1289628752044286838,1
-5403911886503638902,1
-9071816099759901219,1
8263042836808468164,1
2498274721407828468,1
-7291194497968891532,1
3375299715150420373,1
6546472098531210357,1
-4405494658626452524,1
-7138484962264011116,1
2973900751226489271,1
4548606158441652996,1
5120761002305140840,1
-1276445196453363467,1
3979284741852315454,1
1831151984452358991,1
-103667251388070280,1
1873850894555595750,1
-360555999374632486,1
-4260295738439403755,1
3617958689732209282,1
746141125809417714,1
-1182498714072093584,1
-7839626273020607104,1
-6756940079296602681,1
-8816232722377297766,1
-8475839907734874538,1
8139583242637571999,1
-1395770997282385402,1
2031677771652219530,1
-2773348100722147095,1
-4138942118011719807,1
-3807419105143622342,1
2924014566131897728,1
-8943397801139214659,1
2586263125959257903,1
-2817306651594795978,1
8418904818402453675,1
-2833184777098561802,1
6676011704855687436,1
-3800023794415861593,1
-875722166153755094,1
-1031801098726726787,1
97100853586764522,1
-1188142387236763043,1
3457286087631644024,1
-3123960777671922946,1
-4248020297978279659,1
-1465240079439868924,1
-3900993066320340400,1
-8595518058722472395,1
-7868696856457622077,1
803262981993850198,1
-7437474175188142517,1
2592993375990473865,1
6850487050493803697,1
-1506575863570861984,1
4871199116108754263,1
-4857306226824377533,1
4954589630812664493,1
-4832202773780755480,1
6496703084703187529,1
818287190982523691,1
-498383891473528192,1
-6083272067438814574,1
8575509811930866546,1
-2108540803840067521,1
5497412314097379997,1
-1414079472559331771,1
-6391428230254964646,1
5914619850585073250,1
5675081722419851041,1
-1826846488479315402,1
-6225000786715024100,1
4499070640698070348,1
3445535251628780750,1
-6401173495369556547,1
-6917036067341185322,1
-272001825075093049,1
-7283719350872176641,1
-1326889354322867132,1
4894897144440046000,1
3414514098693781013,1
1372778876049015384,1
4024305071138024482,1
-2006809527224508262,1
-7577483331677501240,1
-7384846299716388788,1
-163898830594006503,1
-5722606661014063576,1
-3398233653377405194,1
-8977296565152921402,1
9091903766545122483,1
5210577752537134615,1
-8124552280869174195,1
-1639411568841865782,1
-3406530272369154274,1
4358205566121162103,1
8554844641234216426,1
838789882336192763,1
6880241613140697259,1
5749370445068721285,1
-5046259911184520596,1
8304348268948300506,1
-3414084473393854870,1
4013279672917504308,1
-5669657421030626944,1
-342979472855486109,1
7816698808604355166,1
667214811465514207,1
2565524391329182957,1
-707517294601505179,1
1078371341042968757,1
5734648711158893300,1
6875059133293834878,1
-545130696506530371,1
327772785283279731,1
-8621824311924815460,1
-2838676122597014236,1
1888274838320664064,1
882542850595139962,1
3996607435556003759,1
-4813427604137632489,1
-5669620431470180883,1
5520236483415046580,1
-5413587752015475341,1
-6855783861728090471,1
-5515812316156032815,1
7149478383190673275,1
8221303587048646241,1
1297080409476644526,1
2114990597463875247,1
7340065771192795002,1
-5910274691086686568,1
-5491393935677102131,1
2431333483119700419,1
3143227239952277129,1
-3692433898286701123,1
8667402671712292537,1
-3370109916130218291,1
4210638578828349382,1
-2243225305125183880,1
-5997247932590754926,1
-459615256351530242,1
2397564593233728866,1
5288883229151125861,1
-3752637765025557719,1
6318297915090323690,1
2691730557296543937,1
-6919396922029425835,1
5970620782191384841,1
5551843614782512041,1
-3367614960662518582,1
4423074487405359814,1
1638956568954818244,1
-1472148890940791546,1
6531741162077680959,1
2160713991434679884,1
8653920113351741062,1
-7514593518037602700,1
-2323165670857957406,1
3716635727539330484,1
4383840283420426285,1
4091052775569475962,1
5376280842632590246,1
-1891382397018893304,1
-8070918154024260842,1
6082887940651644288,1
5542246385232945795,1
8074816561834016152,1
8663380475889686921,1
8488216482352289435,1
3025068128203644311,1
-5996314184343498963,1
-1137996586258724021,1
6139883739425781994,1
-600773484705766491,1
-8478752603543046241,1
-1561460453290739595,1
6818285140082628015,1
-909696894788453729,1
6002582269070783062,1
3193667357048258777,1
-6346711074765246521,1
-4770188898575724230,1
-7822401181536386801,1
7721512023984577515,1
2174127712387087417,1
8779048773792604915,1
1000412344827673017,1
5791737416892878496,1
-472946804780473758,1
3025458903604811635,1
-2735229783813874456,1
5340782425072756669,1
-1610185777354247464,1
7140650661245025658,1
7743667035520185039,1
812475915360665490,1
-7953374300309915137,1
-3759694834336640174,1
-7959138437047457474,1
3812127553934323695,1
-6417548572876970746,1
-8967110407450029023,1
-3199344131431437634,1
-6466022937884507564,1
6514627179174272863,1
8390564787070395124,1
6614213623153790763,1
2579037107676805873,1
3385313625579351946,1
-2438349165020090816,1
7669343490813777502,1
8024171399940941436,1
744293575349288355,1
4505194323516720797,1
7030322972997880325,1
-5215347534339785474,1
7270157518308184109,1
-7052259842617319406,1
2368893127778762065,1
-6948296773728105002,1
-2271393773997226421,1
5164739815058139450,1
-3824117093025835559,1
-4442045580968334614,1
-4231328996023026156,1
3461563481262107944,1
-5598513306385336362,1
2405371403958743881,1
-5046707913853505347,1
1618060109132374916,1
2770878845126446417,1
-8738683147837526783,1
1390260341429943356,1
-7973448353032523390,1
-5799136656497785979,1
8981970252350712184,1
-6977180106069939975,1
-3343552535989051265,1
-4582954723763008025,1
-8043117095381686984,1
-875007098509695358,1
948269591498060631,1
8943082428052017201,1
-6840171849145385026,1
-5510120016333609671,1
-8440371926843047460,1
-3978622112771050299,1
1419959802148283318,1
7489422266710596336,1
7123255412550067478,1
428231953658201322,1
3662684784849898470,1
-7421839545752500812,1
8650176268416816678,1
4525119569811065686,1
5360878806377759039,1
-4279589733728216095,1
-8879808423288534274,1
8103854057265086437,1
8797708788566775871,1
1412693862348520450,1
-9117825869774809359,1
3001795105568811066,1
-5307974304906444538,1
1513076292781100021,1
5780512768493243984,1
-1916663876773015391,1
-5154197794911212901,1
-5190389853564078096,1
-978044386850107585,1
6801345378291624329,1
-2083740108776022009,1
-7592189627900001146,1
-575128466220519222,1
4408843142253401659,1
5167637978745863735,1
7441100043449315336,1
3156796806486853274,1
-4977150580080578661,1
5939625125315306903,1
4221959778857248453,1
7589835541479843209,1
-3286319898391481130,1
3923280791109260539,1
-1441546377266164083,1
6679510090846512047,1
-8839651739337262904,1
5681065097853383325,1
-4679574333709798504,1
7873944643535458902,1
5835321748439259603,1
-57967014088018750,1
-1951840231695035021,1
-6063205379266028809,1
-2060951521552731192,1
-3035911785957815959,1
-3504065175214887208,1
-338988200338980724,1
2836541895134366516,1
-8360537944677824619,1
-5152717739656130725,1
1013995862833699678,1
9048777434569120890,1
-3520347761101161883,1
-2382668780782529090,1
406070674496006628,1
3300808261070895933,1
1209447327546895884,1
2531547085087467258,1
5786449854262369178,1
4549603263447903965,1
5391849715731710427,1
-4075185287554538270,1
9056238231488658762,1
-531785447825474220,1
5854054468820898231,1
-6202955615334680704,1
-3289544182030776392,1
2723454202873003266,1
-1851522238691927537,1
-1168951006804020453,1
8326037799081554048,1
-7301042325785174075,1
-4126814437324433816,1
-6844396155313967744,1
4647645440459267673,1
6752582656632105083,1
-1503768402600744365,1
2432110834668356917,1
6666432716760436692,1
-7475441784783044261,1
1161985508632643275,1
4587253223045971980,1
4036508043679408978,1
3189864178212697453,1
-4291167118564581515,1
-402948995303109225,1
-751178197472623747,1
6894686804261634967,1
-7583632965358581383,1
2885066098199663646,1
8989920792110029608,1
658656858883888278,1
4063952935539742038,1
-3487582179858522103,1
870650018631413583,1
-7745770999548041364,1
6695349468816036380,1
3104665623544804847,1
8593070864669980018,1
2218702766216204374,1
6942806591096102069,1
-8177028068083445942,1
4775153643612517812,1
-7372419571780227199,1
-569289526203971495,1
-7805096123732872970,1
6917980936219498915,1
1486282442886293570,1
2399952238510441995,1
1134772260870983070,1
1793316310988141927,1
-7219720382116449715,1
6196100887962492076,1
1671061364588579247,1
-4533822644274132269,1
4497160269362642169,1
799267171529797597,1
1166469220189405580,1
4931577959228195292,1
-4175187327455853444,1
7781181347725996015,1
513731095472502915,1
3406495327429929993,1
-7912577743121691831,1
8036396613107317269,1
8112216470375396010,1
4253596942722942957,1
-5171238871569288855,1
-7691229242810170411,1
-1619761214002954043,1
-6012791037552472329,1
-7787943716204185795,1
4682228593700361570,1
-5146396626359592267,1
364422800727279566,1
-5956306536989345837,1
7284895725655218630,1
621850262161509919,1
-3961924014756045284,1
7468171091494156935,1
-6310427428552883087,1
-7342024714448445124,1
7413564683181340415,1
6570903100586563080,1
-8948933471026519000,1
-3642466533172253459,1
4764530998588193387,1
-5121698779046283686,1
4596924039404591763,1
-1301374289948806947,1
-1740288797399807441,1
8315266748374255408,1
2793112929362337205,1
-3759422946019820624,1
3196439238389553886,1
3066036883300554816,1
-1349464633392420471,1
3849066719340242675,1
180174570873982787,1
-7016043338665449749,1
1189809201187802783,1
-160929122181958826,1
4141220279516968491,1
-4211773085452963636,1
-3010615509816442258,1
-6641950778324903721,1
638799277939140268,1
-7305421408217124373,1
6118776520674008108,1
5788960076222490097,1
-6826268286865698076,1
1226747975417095613,1
-8903308324760555709,1
7616280124643862631,1
7438341150490793453,1
-5390044338482880565,1
1170856043474455593,1
-4003382781497471083,1
-8799583703612058709,1
-2379093669002947955,1
-4936432504136163249,1
4332071224742852106,1
-8604530966222599081,1
-3813096598909497015,1
7559279054404054134,1
-5385799373557951811,1
-4094187302090442482,1
302995794440070612,1
8887377013274905270,1
-4353661097922960210,1
2812755992334427680,1
4158912407136443827,1
-7133330745664357774,1
-6598416248017804257,1
1233134173747293675,1
-9016129263166275972,1
-3884253477891272666,1
-1884777997493680173,1
-8670623351374166129,1
7331760978385411110,1
1715577591426456714,1
936084808629489860,1
-8813619291334190067,1
-7400285166279380985,1
2380644966974850402,1
4368305233477614744,1
-7192858733622239106,1
-5796291190790107506,1
-6647103393472853752,1
4138358303874494902,1
9141436936469032789,1
-3853305592057733875,1
211957268979973618,1
5055114971694104151,1
-196653698757093158,1
8104767027842594780,1
-7109261950336839898,1
-3306438896635289820,1
3907779083304820927,1
-2470425521523429416,1
-3117111560258791642,1
-8616335868706320000,1
-4674722378484430820,1
-6443618013418238995,1
246059338499168582,1
8604413452926775879,1
-1337791711043630437,1
-1301006325316777750,1
5539360424699475466,1
1892170264084302513,1
6467091790690189892,1
2103155331023324276,1
-8283916987940329675,1
-4298611935318977237,1
3962587631076161134,1
-7542197431152642701,1
-6782822235196460575,1
6827682426648226989,1
-1700948401384350077,1
278333401844950015,1
-156840420096270548,1
5346421208625254181,1
118567286511953718,1
-7594005055346739213,1
-8285727313232475063,1
7052676141607380917,1
568261667647362083,1
-7548685192015432979,1
4698935912969297890,1
-1055603154317580422,1
764658982104755535,1
-2514974840518446310,1
4821349311368571723,1
3746916376567244914,1
-4121019458406062262,1
6149668308718806941,1
-6854722668165776905,1
-3730212871778579644,1
-201413103298309814,1
-5255814741726422942,1
5982513871892500201,1
-7928887116584975143,1
3222955976589593096,1
-4302747282088270085,1
6941800519625697144,1
-8141695245587978718,1
7094608907195957209,1
2862872115523699247,1
3507256875565397890,1
-8722898536332582318,1
5583602819845462227,1
1544874163054577149,1
8841246132620513471,1
-1142671519274611638,1
-6484992151211600478,1
-7759091603695084151,1
-4378577286994399857,1
-8756549524805412937,1
1756516478104874066,1
-1393774886695186283,1
8105807606777488561,1
-771799467192944548,1
-5419432762561577162,1
7192930680395396776,1
-734118637085569629,1
-4240423802299682516,1
-1505530982099791428,1
3393650787926890125,1
-3173663993194147944,1
6422334114185358896,1
8935800265907913953,1
-4922249725030528764,1
-9217898967410453273,1
8160115866707760399,1
-6729997120994322474,1
2180303408905878388,1
-9029816378983567545,1
-5879006768217144640,1
3789559512918070409,1
-6056170041453757282,1
2872265429564681902,1
-1672800217274929393,1
-1579379911347636593,1
6042905129066695982,1
8311968774284144979,1
3244980105199418252,1
-7700976800835549578,1
569053803718745231,1
-5360132991591166513,1
-5901503524570670201,1
5262189639449572984,1
-3489062539789184760,1
-6231050377490951847,1
5715721432534130433,1
7085128231848184372,1
8917849741901306121,1
-3526944246363233023,1
-6101540333343488650,1
3119363058072028564,1
4638751875943953550,1
676886080719318481,1
4014765981099268679,1
-3043464537386674462,1
241878196997758676,1
1184656119691808839,1
-7730829584334230221,1
7733122028127082862,1
751178127250329687,1
-1789843323631191469,1
4489209269492191611,1
-3071342075497627830,1
-4145700852887283841,1
7040663040779881541,1
5202747061915437892,1
8971748194194396898,1
-6901317222196084735,1
4987584332109493372,1
5797093928156600140,1
-7321344924446491153,1
6809793974173746542,1
-4949341924491558756,1
-513587667996582374,1
-2157310662067099519,1
2352870365650892038,1
-6452291766932367496,1
-9209547177594137103,1
-2402005735715037934,1
2154927912953694495,1
2053415050756532678,1
8175409681368334495,1
442688502489871875,1
-336661982928305171,1
3802383003038049914,1
3059744162716418946,1
5173279828299359490,1
-5458301155102630803,1
5083652638323728822,1
797899627900135598,1
-7973069650698887816,1
-6877023556141776886,1
4747309363807674033,1
-1455643637115737138,1
7498045568656831798,1
-4694272458337854498,1
5935832113819569790,1
-3652340861261198681,1
1966148480605353976,1
-4312720810621345969,1
5230386776447043235,1
-401665043192562349,1
6180198488526789679,1
6983408467134396998,1
-6588944142854713231,1
-1744663813473660076,1
-1539780918224822973,1
7934182310061456437,1
5177073908935165335,1
3684447362287951041,1
-2094218241990569469,1
-8771071841463488814,1
-718936215995838155,1
4402692360496629122,1
-8891032596433024693,1
-4675376478967366019,1
-5591931412254477248,1
-5319385840527733457,1
-4262575519841845363,1
-247237769039168381,1
-1713888424381172326,1
-22522841674179191,1
2946853190267735142,1
3633165668004730239,1
-5523627048409660461,1
-807339713325850501,1
-5950345452960190817,1
-4654719699323886306,1
-3268207067260524998,1
6795046856783959691,1
-3391775181439097744,1
1528951504160384562,1
-2975745490456456262,1
1278899422517337296,1
-4421809346262802043,1
-641733782584322289,1
4442444515854827475,1
3062315846065703362,1
-5472644869200132881,1
-4394072595289910394,1
-3571981848011708016,1
7456063944904707796,1
-5648179221222897427,1
6961328566538962230,1
9084296950851440123,1
5680538571249672792,1
8449225370969994521,1
7778345848351611314,1
7266734286215356319,1
680023916951333756,1
-5416063751007965728,1
3815659802815447146,1
6741862651464470992,1
1235955087682333101,1
7791372933980306442,1
5520072284772203622,1
6398611331955041510,1
-875393288097468403,1
8149759705318510507,1
-829707085530389550,1
7489211180139632743,1
7504045497680055662,1
8270417627941802783,1
-5559014942150885225,1
-7264353829127768867,1
-3375536393951752448,1
-4514567417528249019,1
2290898629442729530,1
-6900175452752727075,1
-108737871807959933,1
-7847159008959874869,1
3012002684968831245,1
-8964402048620327250,1
7990873367436387459,1
6360107481973604527,1
-4036630527828494564,1
8606037922279536989,1
-1043149263310553692,1
5455742635938418368,1
2277239955612713037,1
-5473402485205958415,1
1007095272707086460,1
810287421891349664,1
6557889386616231198,1
1538952126151744161,1
-6036784758012789683,1
-3286876029395590496,1
628501588161530156,1
7704663887659765835,1
-1945318178609293002,1
5007456616327485442,1
7908749841064932009,1
6123974005749667748,1
-2556147568385603674,1
-7997047847906466030,1
-1899406856734242153,1
-1356286996070690635,1
7098018398400451182,1
4006699956836201730,1
5667418503196522249,1
-7329903688687750853,1
2134366720049421552,1
2347739034493010181,1
8730991574020251993,1
-7728281902123346504,1
-5472442000023167031,1
8423159632808154307,1
-7363435616688937250,1
2012289691004579300,1
-2037285092242799567,1
1418077698553770277,1
2327307894507579583,1
-2003143259330614198,1
6498326160351793685,1
1239226759340905348,1
-8596475624495262867,1
-2006175108344086542,1
592329613327547977,1
-3915272180346726827,1
7253438222453697577,1
4031000529631563548,1
-2204813467367766110,1
-169316375867994190,1
5935806791558112218,1
6572904171421943208,1
-4796722461381918817,1
-2702189260900745656,1
-6225605615272045405,1
8657574752262282426,1
345353758215254764,1
4830366453546354283,1
-820823401663278462,1
1587161899293710400,1
8077212729505196598,1
-5732980141098813712,1
-410776862489826081,1
-3955751835869610380,1
5991953244723596085,1
-2834003187384216515,1
3741547437281016244,1
-1541526246866558513,1
6758253411823223884,1
-1350698296326756254,1
8298569027030047206,1
-9104267695576540282,1
6524906181829807087,1
-5509241166268972418,1
1311712409936687272,1
3832863189451548852,1
-8334915753036221529,1
-3253484369384129832,1
5626272874535472016,1
2900987024147069669,1
8036111614081231730,1
6867581028697716033,1
2968792924712367321,1
217326983446349368,1
-1860179922062866199,1
5430418930787482486,1
-9006873244770448852,1
-6648104761210691888,1
-3859788867815088418,1
5248200221471763023,1
2364745310699714067,1
-2155796386519941055,1
8584008187622620883,1
-5492873772146260999,1
-1011348758027808156,1
-6622167860259681649,1
-2073283491190389845,1
837313779167188970,1
-5435545520633704026,1
2402284492672122872,1
6944502931697550911,1
8418367337858525956,1
8847740623588368275,1
7378608993716125287,1
-5628185982181534517,1
1174352507934534497,1
6689806285676771123,1
3565847517003108430,1
9092058832381919979,1
3721427606554009354,1
-77313438112699966,1
-5812890551027289599,1
5065933333983600070,1
8579933247708144271,1
-3078302512971099503,1
-6315948758682575630,1
7690936876437213600,1
-1630124174151865384,1
-3961477202955363325,1
-6736371170075517350,1
-3177278274497640019,1
-2596428308753394086,1
8890778786375095889,1
8123172464297485528,1
2348714856537490363,1
8378636936927300787,1
-5770302845706666904,1
-2608073723632897685,1
-3550001747887294736,1
2210508293692190604,1
6044636324821509475,1
55943601202648187,1
621637512752688481,1
-8594586260518980805,1
-5389912773961141646,1
-2678012707161879238,1
-151414956532070858,1
-8213960133572526633,1
7890606997915168252,1
-5559242377949935649,1
6362336724122464253,1
-5790680297572456084,1
-7354587897859930867,1
-4937474065318668977,1
252130199772072697,1
1385298052174520285,1
3456912145593818102,1
-4300792397779632357,1
3971460635594460067,1
-4087336105545774793,1
8657336419138822179,1
3613929632272710918,1
3849892939220922779,1
-3610041693004992727,1
-8383742384021141133,1
-2505137354959002301,1
8317756875868038581,1
5780156387226053504,1
-7953540193996246342,1
5009154712857397425,1
-5045173790016695370,1
792401868588400341,1
2312222001193196023,1
-6204127896395998144,1
-8609189997139776690,1
-1595030327087215573,1
283988969589555883,1
9105459471594245272,1
-6065131466696062905,1
-4473746879707600295,1
7181914447142266777,1
1828678537847365112,1
-7755561794281737411,1
-1132041250729768617,1
4900960350191247654,1
-681249384965148849,1
-6088000960507573522,1
4608623432527100177,1
-7424142427409408095,1
-999333762683938361,1
2771772134205077930,1
1307551202599068450,1
-770627069182488535,1
81692682149067010,1
1607430678233897411,1
2859683861275833281,1
-814834447544237461,1
7946559644334525816,1
4999045965843401929,1
159173018080222612,1
1336630730097714993,1
-6430885239382903541,1
-1750083235952077521,1
-2842122673273650025,1
4141779646159109642,1
-3910469563125789314,1
6636118096215213796,1
3725718122926392651,1
-9175828718737687803,1
-163121669104146915,1
5577836519089316533,1
383003018870375828,1
-5949483792458486241,1
5732432069628584146,1
528800887629256936,1
-7845389527976220172,1
-3382560663772612950,1
8942357107474831511,1
5275912656545806461,1
-8608695028944998622,1
4444640797989354669,1
1150819104206048946,1
3194061638361916068,1
1095320573097632519,1
-794441032149116771,1
-8114956144706075438,1
8213323474183872795,1
-7980254529278166731,1
4133021068708714466,1
-2292009258490890719,1
-4546699923138935290,1
-4996072907467591544,1
-7802606125222682558,1
-8813559223060450746,1
2434878739603295146,1
5944056219521901744,1
3700238900822733074,1
-1391377624852524331,1
438311346620119513,1
-6573565630924607354,1
-4390948026404243174,1
-4325704916635088537,1
7046776748170707264,1
4906039742970063038,1
8869693894208984000,1
6975032591127695229,1
5496426098525564778,1
-4387248102513859792,1
-1415395487700528775,1
4040215222363301667,1
-1003720469181365652,1
-2167055859219521958,1
-5912728091630171855,1
1052791918085028667,1
-8242227220299168460,1
-6950319393603848278,1
8355484961596885737,1
1187307946567622500,1
-438643482947862287,1
-8730285091994291557,1
-259666639733484682,1
-5163943682007461860,1
-2231342718205700120,1
1409911770287442169,1
7887519782855865187,1
2259797439748802876,1
4348533516576319385,1
6708731771843668149,1
5321851897545150165,1
144751800121905884,1
-604719426383287498,1
1880558177648314470,1
7137107662707550004,1
-9089770235059095365,1
-240212359575030059,1
5440304896303052468,1
4170764679453208480,1
8021319057512341424,1
11863618635182069,1
-8558318213259991230,1
7978816868990631206,1
-8616602872465711448,1
8552018019206080116,1
-2614923569549280364,1
-5291809286917015774,1
8324087818248908496,1
-6357014483030796903,1
4055990355436029542,1
-2897684341380679746,1
-3580361151531794616,1
2223043557025459987,1
499075017265430713,1
-5736681875385635136,1
-1117189462886783784,1
-7128787946457726683,1
-7500788995643441774,1
-6880057960355651657,1
-3889011986535661417,1
6521088651324176172,1
5863086001141370611,1
-763000555269137851,1
2551868347237243948,1
-8326385114163336934,1
3421385586387556608,1
8320939983698387832,1
-3872236868557735278,1
6999642257926167066,1
-5652485347418759415,1
-1682955104555483394,1
45966877149009131,1
-4480690858274125680,1
-7073046339240125134,1
-1705135086070830362,1
9139513701977454586,1
1459239719449430982,1
-6658184403073772095,1
-530287435519943715,1
-2773258197057998642,1
6642776567327615824,1
9014211361835034858,1
-7332460885914346708,1
8500410297955119699,1
-5701193086243114082,1
-7126978731123142170,1
-3039280887398700951,1
-8860730439352867127,1
-5614580641147513854,1
-1772532927691737558,1
-5622663912648299383,1
6615704308781599532,1
6822604096117107585,1
-7778362844351546153,1
8394924946526715179,1
4342975923966961647,1
-7447674739068794576,1
-1446013469996456853,1
4023180972186362073,1
4724941771982353109,1
-2233589321410921330,1
1316156132680394705,1
5701352566754808108,1
-8733295562990100786,1
-5834846218826763133,1
-5468681448072165894,1
4050566714869296524,1
4912886263594421410,1
-2189860929310554269,1
6114849164056990819,1
2497883162465609054,1
-7275749507984755209,1
7092960461709239503,1
-8513084526898088105,1
2972479652194345463,1
7384970569439147944,1
2889604617616817690,1
-6422934937887987110,1
4186576033864461173,1
-7167684512885485931,1
38311800347829853,1
-7944741339196993290,1
3255897532503168875,1
-7342922593565228791,1
-2667113743114735022,1
8883985560266632975,1
2065929925674798664,1
6121568465519593984,1
-8286052321313405786,1
-8792637553968211058,1
8358373013735221461,1
-2748478357369467444,1
-6412985268533520153,1
-1036246878232244183,1
1291317573287990968,1
7673602492583873896,1
-454324550419971312,1
4693691415428800430,1
-8888853689550080813,1
-8351657863923076929,1
6423334520688742167,1
-427000661252916237,1
-49569426782145044,1
7203123629873380203,1
8842071523048589694,1
983333165090788324,1
4114415601570206579,1
3425878718636883638,1
8158174005829139734,1
-4089697927779145943,1
1155043034631722831,1
1817498017378141382,1
-5203214387162553164,1
8432347303599059649,1
-1986576005001776364,1
-3009705254756718459,1
-6763250850973916182,1
-4079055014982928497,1
8900661521649984612,1
2342690249079147870,1
4768841508899033725,1
-2461223837661398046,1
-9212951989863982975,1
3598759859694148774,1
-225840125051865641,1
-6818802529907603001,1
3284766895576419465,1
2009514798268996045,1
6362328013721624392,1
-1547691512082925720,1
-7306371068906549773,1
-243452986938891118,1
2807343849676176911,1
3123143611699527214,1
-3680682751963915344,1
8741553734884935473,1
4029911239177013953,1
-2730341760355210268,1
8432149163647914838,1
4067560879712473707,1
2080542880789843806,1
4625256702925480093,1
4963409269837530601,1
-6580968402727401865,1
-7025353854410280993,1
6849790348080335228,1
-4071606461763261579,1
-6963679026177775239,1
2443818941197324001,1
-1933226549442504410,1
3794808040977411407,1
-6158381259091897152,1
7571370478794719813,1
7264046462599171666,1
3195580424821819973,1
-6579851659917008484,1
7902292731390650962,1
1895245693402723469,1
-3992093327442274499,1
-775158757231541587,1
-3996545238885927318,1
-2590796350292326856,1
2963728439825949701,1
4630904586331952923,1
-1207215891286446900,1
6232761799824573487,1
-4690901507807292552,1
9100099806583539565,1
-1378116955095120429,1
-8431387534240572774,1
-6034643998881840324,1
-2320048775791654361,1
2748141524962820984,1
-7541895781387443681,1
4445374624936764494,1
-8533599507585576272,1
5651656778583438816,1
-704972464924851810,1
4674515630056397307,1
5721015082450740790,1
-4303470925931449930,1
5568024015475970284,1
741932215491080867,1
-6322066428342655523,1
1610501047257493678,1
6480369477412011927,1
-1942546602421303821,1
4159315634845544014,1
1666803812050262898,1
2514285703438055488,1
5813487225854869843,1
-6465858741849743051,1
5653007304239898807,1
1906124511175638518,1
-7818080669316176579,1
-3244734277742853139,1
3936809206332767571,1
-7606067905980242642,1
-2339472024085208410,1
-3235341854892470556,1
5801941256508791087,1
699483446936578581,1
-173512330539425419,1
8851784358271292755,1
9112989700203977091,1
3840226365589012116,1
-8441006193504257318,1
-6562708683290083237,1
-7602591651995754578,1
-4276180315751175989,1
6686925643398598956,1
-5557793934108635465,1
3456422081983756176,1
-4410048858285695919,1
-369082904863225102,1
3740299087811264146,1
-2759806438183993433,1
-5107235539504994041,1
-3578681999651057861,1
2388247898739226079,1
-2954980751673830771,1
-623968119629704265,1
2908809706914424504,1
-6103518395296473632,1
-5523100874662011693,1
-2790198444652256901,1
7724386283207769553,1
1536499564038605719,1
8588068844048330818,1
-2260569891407566323,1
1046602008304507656,1
4436708048351737104,1
-9195499041549206779,1
-2563704994147541711,1
2312104931277029417,1
-5315707325645851232,1
-920580806030327689,1
5373104719394479736,1
6952750947796112815,1
-7757887020430734903,1
-6383419730149168498,1
1794210923088101715,1
-6980621425100979112,1
-1449627045768166034,1
3647288202271471927,1
772872754406425767,1
2326669825228866324,1
4995203071320226182,1
6542316422772439023,1
-1174222397854277477,1
-8433989222852447354,1
6689601630750596971,1
-423014897685334625,1
-1261245952963521014,1
-2331580665808546635,1
4464680480832966734,1
-8936690385327661745,1
8552386749697500837,1
-1920108075433619699,1
-4141079872180140172,1
-279492417861893474,1
5772817627277510364,1
8338553278497016737,1
-6786315117640541302,1
-931506965629055595,1
1544965079431027039,1
2968476414516531860,1
-1031177393651811180,1
6107663891680413835,1
-5896800238765449023,1
-7883428476549770112,1
-5103684464282180497,1
-1439619897220933144,1
2440256132357874125,1
7501397286924267770,1
2131477836368811628,1
-4307030416698807801,1
4986949157368484193,1
5097265077731314653,1
4886590598394273033,1
-5686178670845186962,1
-8325213351949861791,1
-5393966139843622130,1
2033351854937539451,1
-5513403857328480818,1
-4960031417377550152,1
5447147723218903641,1
-6339248685484633693,1
16661619536328615,1
-6199189395356474445,1
5307716130308237308,1
8732827993508492435,1
7190820955114104061,1
881085729057387644,1
2881361262108131339,1
5819282523064252420,1
966829281347874852,1
5267444755603193511,1
-3165843754769024738,1
-1855696796161229918,1
1896344817576648428,1
4456514035438468986,1
2031566530393914432,1
295400208629411029,1
-4617842703727081053,1
237254760866714206,1
-5396956239832994329,1
-7194515073682739701,1
-2067655389263761006,1
-7194177630305691248,1
905981897470194618,1
5442797037340835712,1
-6913280616166584252,1
3425907354512398854,1
-1415037935138708250,1
-6353792026283940683,1
-1168451222916122441,1
269250875796955372,1
2501123163942896837,1
2238554257242865737,1
3531719260389837130,1
-3089082744647270479,1
7737347182427166325,1
4676388286512076107,1
-4964833850026699105,1
-1923646185105018987,1
3565256203253543373,1
-5023831331822380686,1
-6793565915942952595,1
-7149093586996491653,1
6546651152022514888,1
8347347340350962615,1
5866631940436919017,1
-3438260149223991139,1
-3787940328184268988,1
-8004055491757086342,1
1342032172163084764,1
-4907014507210364824,1
6880669811042357074,1
-4937595328814219484,1
-9009476933054424814,1
4709944000043857881,1
-5262506974971309461,1
6950330322281292551,1
6316485982056073443,1
-697065208299249954,1
-8286075485623125584,1
-5499852881936363375,1
796425460359442886,1
-5983286738291526683,1
4495816005370379006,1
3704380074005201042,1
-6542568342352561738,1
5675723265141718825,1
7642758459266080045,1
8770142199761322417,1
5315202735725322172,1
7699009843500921882,1
-6616554844810128722,1
7950221617770108006,1
3342502866629124077,1
-3710868629255286514,1
8381851149128325637,1
7386956711511351312,1
-4484226436433771803,1
2191881115736229380,1
-1597668440854470686,1
1772881729752605547,1
4485707261987396461,1
-993529494415014375,1
5048446347090648385,1
-7874338449151821708,1
4853726249108995804,1
-5068692764588907650,1
8986189025023350805,1
-4080451699582189011,1
-7761816287658456953,1
6589489301256833216,1
-4019163457463891833,1
4238789820014548561,1
-3631269042513893994,1
-1133070027948512627,1
-362667095029706257,1
-8789604241884822350,1
-8489732144453155928,1
-6796214156438375699,1
-2914848356800230621,1
5554203897185080861,1
-2603067219791005037,1
-4504929437537920165,1
7162734515869900535,1
-4224833616084550516,1
-2226838094781234173,1
-8919524745445595688,1
5945079665591461950,1
-716195298916735573,1
-4755290802788447892,1
535439670185774741,1
-7771377815993178110,1
6914296343746173905,1
1031503659572312066,1
-6903963837822982889,1
-7970297995757274361,1
-4514148150362338326,1
947830563213988363,1
-2639577976314841693,1
8024247670633363524,1
5586813469865397524,1
-3254755746542348979,1
2380797276155619736,1
-1356586906014055915,1
-4286732742892533645,1
-2176874301691980269,1
-709947381945409720,1
-7472128209526998495,1
3850295408336652128,1
4864785846765729787,1
191413992380736788,1
-6723149300495764872,1
5453020939074919241,1
-5206218082321662834,1
-7819947417877227294,1
4932290668314566077,1
3531965730497129645,1
5671608525834598318,1
4772578194668173846,1
456568900131815397,1
5044378166635846252,1
1740092659778559170,1
8369211009387974624,1
-7978108727930086698,1
-1639703520422097729,1
5831773802429371602,1
8470568044271326689,1
3602724892893049270,1
3994719330036103940,1
2253468463733205218,1
7927484488710427845,1
2438361240185234937,1
5681161119309709870,1
4572412595890496320,1
4403312165322192130,1
2855195953410357021,1
1608854343964059551,1
7620304666519866186,1
9181211865926621580,1
-3740757256162192758,1
3599572197351767753,1
7226711221363223889,1
4017231375875859724,1
-5300081030759549295,1
6618614678977171233,1
3789354479946038215,1
2456569429153277044,1
6949188925962554558,1
1161436624667814062,1
6116898544574527535,1
-6605681088924955781,1
-1736732826345222298,1
8163561409903794345,1
-115135591746404795,1
-2043360232084661610,1
-7811342922547301223,1
272711840106526481,1
70190880655431740,1
-5062694475968645913,1
-2141281746305676551,1
-5582182088475663777,1
-5955279325529298684,1
2482013368065312088,1
5623239446286192209,1
-3098207575730698776,1
2908933039625797109,1
-3929361495080036773,1
551085793118921088,1
4572109746107778083,1
8883592421060364140,1
-5369333754660354502,1
-7994679073695507588,1
6030809012385983339,1
-8064336142230859416,1
3307498676139592200,1
-6787087182115575500,1
5116174018074037218,1
1577677923818419566,1
-7767653116802366425,1
4835786039537483348,1
9048508278887818504,1
-4897831505071368260,1
-4640958315265177919,1
-5904673319848775567,1
-6396973174312643046,1
5799024196433834147,1
-5791402758745487787,1
7559010955120587753,1
-5697927993034482727,1
1731183246705210039,1
-3100207355041585117,1
6324081166538810071,1
6984433615754591475,1
7667758659494764931,1
-1555321203837998277,1
3330071397041836582,1
3008408122156412487,1
-5648488330983985450,1
-1856509338697280233,1
1412847245099485388,1
5927745170821209847,1
9129418955334153526,1
995307826479941587,1
-1235535948036290797,1
2015466593749914231,1
-2318585407720076531,1
-1872226725376496860,1
-2821826160969280113,1
-7544500959984990757,1
2892600296412406588,1
-5911066784036871183,1
2123160246947831736,1
3697277079081093862,1
6367316958122477028,1
-1372899580823155603,1
-3169227411470994435,1
-326230260233145151,1
9081741935303850433,1
5991609006891407640,1
1593798838725938617,1
3447535086821657338,1
2549121976559243493,1
5877703676631939588,1
-7998743833813700793,1
2775985836486116685,1
-1888183624002624257,1
-4197357828286686656,1
6956825392189174660,1
-3598407499855341545,1
8677002134483308099,1
-3584193006520718929,1
-3355543893052392759,1
1492205747157830260,1
7450688106081238976,1
4727341023883055246,1
-7867039823465046903,1
-7229991063167655771,1
-1447162431675167858,1
-6662016448254436095,1
1521935461671379923,1
5822506541071311095,1
2104647488179770396,1
-1928987761209734011,1
-7024249122705362926,1
7047571822285061208,1
-3099039524883937681,1
-6158119593760757477,1
7888919872806618132,1
376747890470538187,1
-7912957298071210627,1
2930854823224022075,1
2269290374493523926,1
3211447074967555689,1
-8196292368454605169,1
9218994231171395524,1
7319721993244620110,1
6080177389362069316,1
5674805405145972899,1
6412506189643502811,1
2892077221466045892,1
2734256135401927788,1
2480825717079516617,1
4744051352552591651,1
8495407267753728209,1
4398719213495247032,1
2631252606820121686,1
745549124944280075,1
-3081314786936800906,1
7032762143755335966,1
-4075711091060125334,1
6074369008371359779,1
-1707231533409540354,1
-8875896961021372416,1
3442289918500894552,1
2050153806643947291,1
7784063871184422254,1
5969454198004964227,1
8487921373704676276,1
5302067711959787204,1
-242310542851253758,1
3370278831157616163,1
2141513789385768164,1
9196398638266372750,1
6148109994856788259,1
-8894710692295986135,1
-5518860020741084802,1
-6019617101789064441,1
5580532665198389094,1
7415103466745808541,1
-8849296374983756823,1
8702015429550021959,1
5160686279606433350,1
-6136036575787396689,1
7592966849088207329,1
-3573465600612409821,1
-5907473171262258718,1
3853491804615892170,1
-134848299120610131,1
4790342296209111146,1
9222692531306864631,1
6838057030892851817,1
3870238464866908626,1
8084118686028745193,1
2511365094628333445,1
1879770701309437415,1
3719518216974481532,1
6909365698051965030,1
-851191107216171064,1
-6109055193908734184,1
-7412983232817832329,1
-9023442397427422477,1
1646770014739268565,1
8291843809573877855,1
2317401973845954360,1
-7317464062026331634,1
6721493183751456197,1
2038103819806533781,1
-6638773003480489168,1
-5075449230809246790,1
3912570177974266313,1
7069041859762730850,1
485550241414234219,1
-7359529753525315554,1
8435243592238892105,1
-9159591679864793618,1
-5745867113365829237,1
-2271418370913463995,1
-2762402916998251145,1
3645857682528467667,1
-6156931907553635498,1
-7068527781900345377,1
-4286810833868283959,1
-2829607822917980022,1
3956822294316452498,1
6107413571053069866,1
-4916991025633077569,1
-3697852039769170544,1
-2673916093871218551,1
-2550915361656681659,1
1650290370674232891,1
-2380919125762915193,1
2390201041980439616,1
-8435630083564049475,1
-310742251418324037,1
1214119713075331070,1
5814926757659021928,1
1054823634683114126,1
-8389395041292029828,1
7553699452444353601,1
4653376714721148691,1
-5414610307452822938,1
2356437218362582439,1
4585783135191321462,1
2837461987205854286,1
677050396497150126,1
3057357877016543498,1
3682474466299866612,1
-2440903768930675755,1
-4950014368133794450,1
-2794269576690220749,1
-7534975149039992911,1
7051623343292701731,1
7718953226474382109,1
3408063802518263975,1
3204467427354356739,1
603936158643198347,1
4199117519414478882,1
1635665315650634200,1
-1677268663962852027,1
-66863606040343065,1
218232091021623439,1
450992995524189595,1
6656061524265334591,1
-4671638257515796783,1
-5870331869571239557,1
2822878951558282419,1
4305389779983591630,1
-2398026234637380817,1
-2911714216235159743,1
-8603638317279750748,1
-1173820834424590458,1
-8563362292126815535,1
4368412742277202973,1
7927554634256779860,1
-5716963450767402132,1
-2873215064726857443,1
-640401914525883430,1
-3974858154736009054,1
4260564181707071322,1
-7235910814691878207,1
-4725463203267149068,1
-7128543420526047941,1
1862847035560897814,1
-8069070768132630556,1
-535582890338811339,1
5455182263728728331,1
-3776677629384832985,1
7886098659719438394,1
-3358428229696113152,1
1642348625084329968,1
-1069656136283713990,1
-5537445088207865478,1
-3807953621733874077,1
6614718796607245521,1
-1275587853504911633,1
8700104887187889003,1
-1388103557088230919,1
3846567348960295414,1
365899813765083996,1
2938691794978299438,1
-5043925895875121577,1
-7556088429167494595,1
5038013328519000800,1
3629037674102220805,1
6999149149111884770,1
8323503322760404987,1
5550568465162262502,1
-3111326710101064785,1
850338762225052863,1
-6984829312651020838,1
8736088585322965496,1
6922009325223361792,1
-4451602405266438927,1
6777918893218782255,1
-1449839317005644845,1
4522647653598758611,1
2817050998319514203,1
-4911476205448543673,1
6926892683723888403,1
-4575088322416889898,1
-7633720971373307187,1
7780124991209000703,1
-3044071706978691162,1
8764844079680814967,1
-4465628437204264457,1
-4326171790469723555,1
3547056105352591010,1
-5761385849420698167,1
997028698738954802,1
3518269620393526453,1
-7109521274625319152,1
-2588300767778684340,1
5392056148323394368,1
-6790551221435292832,1
8065475455993076258,1
-9017456393089419823,1
-9064924573873893447,1
3547214384035409789,1
1522793812652554002,1
-3257283082568316022,1
-3811787089851043810,1
336200364885699796,1
8637512238112699225,1
5598198694293308707,1
5423758446486607269,1
4992024435917991820,1
-6738684948147614569,1
2393190023640121678,1
4540796802108617861,1
497720960313264945,1
8136874982601645519,1
9029087960860821331,1
-8824730430330375842,1
4548553031384970663,1
-7060998916930388613,1
9202417485355099502,1
-8440368641599456954,1
948057316199001151,1
8748416303569284386,1
-7102100009972641710,1
7560857829934278458,1
5379365828733355320,1
-6092679443233182569,1
3562212110839021889,1
-8769127222639558882,1
-4491798023591944113,1
2175137133212888229,1
6296787364806478678,1
-3342162084565831307,1
-7529471756005823266,1
-8304040317397356476,1
3361504956287484688,1
-2890088165300985600,1
4184865771737586805,1
6037908143581898256,1
-651069838806352275,1
8845550063382082863,1
5987796857007407206,1
-3465318508217581964,1
-7058197357894782811,1
7094042713817184429,1
-8644623923128710007,1
-8783468163044508595,1
318323646763445619,1
-5838388890280796060,1
-3601622933483270540,1
-3522545756366740301,1
-5191416826889165828,1
6901200052480320646,1
-1237796331144170253,1
6670389133249356615,1
7165206173012439166,1
-7023657014138325590,1
4891668364728806723,1
-7215567816331585214,1
7405893913842782877,1
9069039841733100423,1
5763318295820310553,1
-1669834681528203726,1
2440776539427449393,1
1526308417334581580,1
4687435999111871813,1
7170179657003138278,1
-5634582251383002458,1
-6842337633740405250,1
7051127035702892627,1
-6922348785463185787,1
-6813724941471605973,1
7233301042147297068,1
-5974871817091544906,1
6270802445301486256,1
-7085557212579041721,1
-5895119074998151948,1
4871583152672717755,1
-8899881203819193980,1
-6782059030589826474,1
-1168598981434190792,1
2739949378811457666,1
4298697230101126633,1
5569993702035556677,1
-684121044039483359,1
7192278995095134508,1
6041899317064680944,1
-4849744476552325204,1
-6966641641271663538,1
-9057862093220461126,1
-5448072158831246802,1
-2329906932282208882,1
-5595382617761855018,1
2941388525911389228,1
8733479943655088736,1
4815616666092525375,1
1919893929414160115,1
-6891900059295646907,1
7915565078644115690,1
8670884591091854278,1
-5520175601303533256,1
-8891986493656968796,1
-6858008517022552290,1
542459750639683216,1
-8519393888437336667,1
-7885409085792477135,1
4162319522405621867,1
2951891900215015049,1
-734706259995874893,1
-2778860462744151118,1
8315726535261082047,1
8413453953354310153,1
2229020965711654613,1
-6853518813324965897,1
3589288471025700836,1
-7199260844933889910,1
-1610945465673415909,1
7190063273158896579,1
-475171180528705847,1
1615849394107435242,1
-6837391110533971733,1
3727346364566866994,1
-7281304257495039968,1
-2236091619142198796,1
-5263588868546834157,1
2205061075786873232,1
2487264974982327745,1
-8760628293336662024,1
809620961406160219,1
6129327228005163717,1
-7109257470423591559,1
-7169596418948242236,1
8821115409318391972,1
-2974915458131546267,1
9207426949110966278,1
2490020208443574825,1
-7071643290110586558,1
-7907498024625835596,1
-8209013159785282847,1
7027300159607770300,1
3475052037570700417,1
-3098479881212909759,1
-7992080694517577461,1
-5690203312894557844,1
-710500620791825686,1
1655025907883144475,1
-583024941667107834,1
-8102145656417945428,1
4607115303311894738,1
3944238498440680566,1
6032263391259172958,1
7021192554891405439,1
-5367954976079939113,1
4860355854435244634,1
-1525035604430129388,1
-4719429086871111048,1
-8671177427170401552,1
3635785803142571485,1
-3553978227556437437,1
-7679549584285806344,1
-3747506019930527806,1
5628640472789548424,1
7114894641859928184,1
-5055489848967882572,1
2933235318069732733,1
8096520287176490499,1
242175542297020931,1
8920212919897483718,1
4375131569997837623,1
-8821804354254443569,1
-8884969357496058300,1
-6605444681959925011,1
-5002294894082593806,1
1805596529266850208,1
8469393990436190322,1
5510871459725202913,1
-2164177836134432186,1
1999986094822928091,1
-2651589209497267411,1
-7068950905518256369,1
6736473533701802386,1
-2563393696013760491,1
4430964712254306483,1
-7301902648754969110,1
7222644416162867504,1
6195993454820106455,1
-4637292351299520813,1
-7949869533172391445,1
-8943517731166095997,1
-3242875407227224522,1
-1638116229610848273,1
4825885758228603223,1
-730697060250034760,1
-5448879459609609789,1
5184506928706427006,1
-6463507875752252568,1
-2773327249607814359,1
-609817433427987245,1
1959412692691381314,1
-5837054515375614285,1
-5236214700928633833,1
2853089627424437428,1
4322343380508293768,1
-5507533897683233560,1
5207838248438449283,1
-3544375482890543814,1
7081908195551809595,1
4141070963329321976,1
7424441113022432039,1
-8461337768231113005,1
-5355385200652899856,1
-2626409341634450286,1
149554412181472697,1
-3602236834615835346,1
-5682642815326184121,1
-224655790398477318,1
6037526587486305594,1
-8452982363954173975,1
1980416856487381056,1
546000463033568245,1
2373613981637632625,1
5612425937606260026,1
470544354646916042,1
8099394157344577470,1
-7750534598985593767,1
-7960723389093679668,1
-2611738732807894445,1
-519843985830024800,1
-8269476415707136099,1
-3798438026510799596,1
-6531297741686504139,1
6850603170865019016,1
3219794625229307555,1
-1528448002452521287,1
1154421776676088116,1
5484835800818294510,1
1901871941925239602,1
2917735935470149566,1
7614180321598749673,1
382454980502020816,1
3186377920152225093,1
-2308316822361047182,1
-2719852735367295682,1
-1789554018882595909,1
-6549011986188789904,1
-5210007213746784493,1
7318115835473332989,1
1684193809695145505,1
8095382586534002689,1
-6854323381081093445,1
-1572263470759399126,1
-8336610533223277021,1
8196985220110597698,1
-4428664221299493926,1
-4917860433898002910,1
4492049591929367920,1
-3823707482620412537,1
-66974569062288057,1
1615653570570150359,1
-8670596309230907431,1
1054561836994062103,1
-2944759286306167208,1
-6854914771729245095,1
4122653914124259556,1
2505813750412609586,1
7440259581229817731,1
-1875951925719436411,1
7640093382345235783,1
4101971222690533531,1
-7198136256587017539,1
6195613465832943467,1
1076459947597775589,1
-774331640384044463,1
7335898088927615805,1
-3390279529513934203,1
-6592672334755730643,1
-7197346552858248558,1
8902225669751628078,1
3763499725634593981,1
-7168388723249267086,1
1732202202265660786,1
-4010575480604450917,1
7637941751895169050,1
4268488464431223926,1
-5371044605735577223,1
4071257421172446114,1
4816111967062204745,1
-1159008371841723653,1
425415758096997422,1
4096941373607233857,1
7217967558460032412,1
1410180188830976785,1
1700586989332748141,1
7852433955622628979,1
5975427173353889375,1
-594692726213741535,1
-4842773745037276628,1
-5875705494879427406,1
764466974929582289,1
7454151904690145761,1
-2675020547130600312,1
2966356414283685005,1
-5797040585202208376,1
-3694354155643981205,1
-2437465979524386531,1
1466563813773640933,1
6408490165106398509,1
2808354856077242097,1
7697739087036743161,1
-8937549811800013179,1
7812501583628740922,1
4246315811613716712,1
3148322593308642928,1
-379335047292934469,1
-8318197022228348865,1
6791036188792570764,1
-2139391707376225993,1
5262013855832564565,1
7494869731784534154,1
5115685133454176818,1
3888317970915455463,1
-8387841191405888415,1
6343009654735002669,1
4214173008770495666,1
7846583419291286258,1
-434811377197955469,1
6697498973590410350,1
-7351114374229586351,1
6426594901598091171,1
2678849417937993286,1
6892404874296098476,1
6963737260230387813,1
6768419035087632239,1
7449402327256257711,1
3205889931099970378,1
5483289258768894207,1
3608117700159913885,1
-5550087042456061870,1
5046308171164247952,1
467365893469180392,1
-7059064135194402683,1
6397290760534838057,1
8600808654735764996,1
4954419788460290989,1
8530459877711395070,1
86854378089607668,1
-4085603025955972499,1
-1129264692335034610,1
-3155880633574526188,1
2948361973636709914,1
5563993385512712343,1
898978046667497840,1
-2801070646903417824,1
-37644791981577795,1
-1860122296219046422,1
7338055523411345756,1
-3290703883155356068,1
222663809685565686,1
-4771453879973425261,1
-6854215579661118621,1
3881717535387503286,1
6283444814350882250,1
-1426634238304352365,1
3153197670669423446,1
-4923085881226137218,1
-171806698824996928,1
8666737306611996694,1
6569765402267679559,1
4908978464233218514,1
176764359467594883,1
-4654234785841340667,1
5567287052016122238,1
4662383344544000787,1
8848764286708767660,1
-5217007080119392757,1
2108303658051862918,1
-5411372135377497161,1
6121335526696641092,1
7592033623690768897,1
-1908174038131854202,1
-3300548730026876408,1
4127095594954289517,1
7392884187186645080,1
-7414145054407616659,1
2020011232482967281,1
-6528880091659515435,1
8303016836940467299,1
-7264182951491720463,1
4862783902491730862,1
1012235885501565262,1
-4885955392810355577,1
2161459175868158134,1
1261255896971887329,1
-6152577253419235067,1
7740558943609149215,1
-3929597071277947140,1
-3165236843176238466,1
6314852208688579974,1
6005228401922378326,1
-361111058368825379,1
7045753030209764641,1
-1169941975991672400,1
9051429885342646964,1
7025512113192514726,1
-9087366459527534121,1
-1324892558757443690,1
8190288923356254884,1
9122185873896683237,1
5539895249874532973,1
-4588111275583765142,1
-992956459881926838,1
4442595506884359096,1
-5924546999092479070,1
4398492653422977393,1
3793253968048856286,1
-3469614772197990990,1
-7355327628692159951,1
-686824317875233667,1
-8844779171158833085,1
-8841736269060825853,1
-6629702771524629582,1
2965446165411197787,1
-4834100692525900800,1
6960331709255823736,1
-3295285647582968084,1
-5002623468728014044,1
1341239096466493399,1
-2129855943494682574,1
-1073420156536404291,1
-2463965909230828019,1
4558719796811078983,1
-5562046092913157897,1
1141477232224672047,1
-4645981623639557360,1
6639291417039434515,1
-3744214827962372692,1
-7872184745119049061,1
-2952554876233261840,1
583112613390432593,1
7872611510857808446,1
-4250501281716501893,1
3810967332347655521,1
-8617139020929831579,1
-7669584478324820440,1
144213901500915868,1
-3674111308327299968,1
-3941601630446645335,1
8712861074917041894,1
-1589739697939404580,1
-9068291818572183647,1
-2160565474427790784,1
6182422118862799295,1
274410688659541658,1
6624065776935513286,1
-5861956984540489956,1
-31354081886833002,1
2846079829854756970,1
4452307459880074136,1
3359534096816873273,1
-4144087785032238308,1
-7330021969587556658,1
-7014153510606826800,1
1072857755546959820,1
7549131125712966399,1
7385595529394781469,1
4906751444674811993,1
-3293472661470516770,1
1271449934447898091,1
1968758734593943110,1
-1153785487712543537,1
-6298458178231068912,1
7058791189694303432,1
6297998246829041547,1
8061621006455942731,1
-5762943593984698340,1
-657446471893544211,1
-4102197492776847111,1
-8895173714492578536,1
1052642990437443638,1
-5895707046843935321,1
-6763023307148661330,1
-7885065279586456120,1
1810468983519365488,1
-2858818827421092566,1
-3336657618091550231,1
-9091339134142058174,1
1559265216180418921,1
7001437980955196102,1
-1536317116717747381,1
-3180517991744262858,1
-1338915903122792307,1
2056869120515307081,1
8405708302898616777,1
4654996431170593619,1
-3564395026302582269,1
1428156222908642017,1
-8041171597846058491,1
8963446263880965064,1
-5370139133220162833,1
-692019164481066631,1
5761911216443020191,1
-1573384997494140424,1
5991494624143511164,1
-7630925583977779394,1
5904648176287432673,1
9113945925089068343,1
357312111664750407,1
4780170206865606569,1
-883365692464956984,1
-1798540841012459059,1
6685739656156705350,1
-9197419007298841775,1
-657394153370437605,1
974912767601345745,1
-1589160898027513028,1
-8019602275853356982,1
-925972362926034846,1
-1252895925282159308,1
5677266402353205220,1
-427388429589943965,1
-5815240129501611205,1
7226693641241514532,1
5549999165545789436,1
-7366244429460591426,1
7631319222666477052,1
478051077311486942,1
8317459749513786530,1
-2323452196805710152,1
-8413560128986090361,1
1853023934880772686,1
-5809029829062836101,1
8428809073543105901,1
6159713480705024790,1
6173277904853101230,1
-6882746334248054933,1
-6693345039493504401,1
-8057015822979814437,1
-7004457145452038439,1
-7475449705170346251,1
3377419281945458335,1
-4641461663695994509,1
3111383113903132404,1
-2345235998418056798,1
734730800513774731,1
-1466597991389267775,1
-7588811838816840650,1
-1544345296595749852,1
4235091566491264106,1
6307155239917534820,1
367315423374240646,1
-4504618051979517816,1
-3682701302094895612,1
-5383119785034561548,1
3649346769911783507,1
-880868737111877500,1
-6067153818938560807,1
-5206173270617729518,1
1937729733590935068,1
-552484798589587836,1
9133004904441760719,1
-7723870390684045047,1
7662606934255656501,1
2442632296944878541,1
-5511078639836448263,1
-8138355010202859737,1
-9024371933001176467,1
-6907500882170481905,1
-4182298540377190479,1
-8619195343851268060,1
-3806579862255431791,1
-5385672462466485794,1
-7774724040607359833,1
8617270244229239157,1
-6734550101134198350,1
-4586486546590109169,1
-1129481054515863577,1
-5157629457003526547,1
-6394606662770890213,1
5019491223038556626,1
-8175122778149523098,1
6451225696188634222,1
-5386739830333247204,1
2472241425417208027,1
1505753374080013154,1
9139994895575010535,1
-6145985602591785083,1
3886176347390893652,1
-2647577888171056888,1
6780202230876881340,1
-9200691778522698704,1
5712819210096254256,1
-5588535461920035575,1
-5601246139954037258,1
6437376727546237376,1
8056982699432342754,1
-7877877967139726965,1
-6251946367950307710,1
6249174393376649666,1
-3803334289122674113,1
-8626586039037562862,1
-4041131679975940928,1
8402018892620458740,1
7708445163720841784,1
-3014317412665195897,1
6753558097054496396,1
-62822262564276300,1
1634521202320871197,1
5119891998632603827,1
-6968908977386401045,1
-2892130175250645002,1
-7367068616804955264,1
-7161843116413438427,1
-6949987329090204995,1
3696732103254218025,1
-563552625371121306,1
-3748452322400160510,1
3159852789131491225,1
248012282970766574,1
1603184877565696713,1
-6102696354208998189,1
6134309630816433964,1
-3437414690402999096,1
2197129999145304197,1
2558281176059703137,1
-2535063782481257876,1
-8579094497040742961,1
-6138324850193135255,1
9198087753370119123,1
367656619520508165,1
-5914579303563793111,1
-2706564546647767661,1
-5290160887208163749,1
8140844439537127423,1
-6772946849451272917,1
-8484791813157692626,1
-6124488167900703255,1
8264425666649193290,1
-4814838868241525447,1
-5755845987913120414,1
8328838449530971694,1
-2108019465303165911,1
3163951465904961587,1
3196833485903821890,1
1481897244341177151,1
-4910585751763711474,1
-5380489194565639101,1
-4165586155023971656,1
4339032658245409839,1
-6965364383319987162,1
1471850531307964761,1
-3215678554325707273,1
917166041497293101,1
7115126751980982992,1
3913813596927687772,1
-4074180985681710693,1
2517308728735242231,1
-6767736145986837237,1
-5437137429982595984,1
4728915253802869483,1
-3586644034353359551,1
-3794624688664893094,1
-7587218423014721525,1
1205720912255126338,1
-446482962664414405,1
8796478919668221176,1
-7923979622534377444,1
7476325079932309138,1
-936265801293631392,1
2589198276065582365,1
-5889310517728859129,1
6838236546753966502,1
-7464822474384363788,1
1007970942522188551,1
-882416185035207602,1
-6801394180886260090,1
-1553158013547305755,1
-3079676839294385523,1
-8888794804286355501,1
5998006819195596495,1
7492743759025882174,1
-4126320263276032880,1
-353430162792310163,1
2605564035405574990,1
2432909385801986619,1
8506715211108965422,1
-5418473935159799331,1
-3039930647201873768,1
8834540052772783363,1
-163777954203258291,1
-4317059243897164528,1
-1782487810989534837,1
-8902347985573364957,1
6084637579719607826,1
-8298608270862366389,1
-5685008316210960446,1
-3071510680264089421,1
8556130842728116174,1
5894849105087685820,1
-5955482449782578471,1
-8761002411178990056,1
6143617106077496823,1
4056364551459867185,1
-6519424532053310912,1
8185050912153554276,1
3698241323771319326,1
-8396093065929506650,1
-3748695523949069187,1
-3968471454533528996,1
444050812709609523,1
6574341353319013349,1
-3672052424971707714,1
3939154109458356790,1
-7085181579459126472,1
-8484887856866748993,1
-1557317384907610550,1
1178446106287170889,1
5610707400003426121,1
-1793167941620160440,1
-4247399338082417319,1
2809908657510445559,1
3892386672093913364,1
-7673511062582191718,1
-3605531378552601033,1
-6087826441341749116,1
-8804918499152470515,1
-1051890502275030210,1
3092059026095592118,1
-4022966429479883461,1
1526673440684311537,1
6910989980986331689,1
-44744999172806549,1
-7549023215132347869,1
-7457299081394171659,1
5623032411432192387,1
542865818870349304,1
-157527946283700487,1
-5255179367924807264,1
4312991675613955360,1
-2010210383764556981,1
-5132754682896328091,1
6280818555284949514,1
269661114635882362,1
-8230034686369779267,1
2719876030452317421,1
-2729209329542631540,1
4280489010279025759,1
4433686451622603268,1
8671306887484916649,1
-3462439603957197233,1
-1318859220530975695,1
-3697715138842598924,1
6299082189771294274,1
-7122904747297469074,1
4531980539672255596,1
-9106028448476703989,1
7723212863099147257,1
-5761740788709591132,1
3773890084909560896,1
3910604012289211128,1
-4890371073862697378,1
-6413374277710340951,1
3800404404190686326,1
-1798357123009057832,1
-9047515909861769490,1
4654037409731722158,1
-2931625502663454698,1
5078247970383014708,1
-7838908881528104510,1
-3187224774910833136,1
-7061027779543815046,1
8452560349121480982,1
-5567261051540626151,1
4256931134384559153,1
-7449043757055282925,1
5791970838578773985,1
-6984416054220202119,1
2691945408397895951,1
-8746264263352274683,1
4670225301388383443,1
2343417324906118728,1
-1657196271067402629,1
-5066400579571137033,1
-6250878953548725226,1
-2683572255970509709,1
2472533295945793270,1
-7885442911982238963,1
-2085836817496792962,1
-9162363192340225027,1
3699329044219699187,1
1863673004594167994,1
-7136828381370536483,1
2546063515760192455,1
6601211653438402003,1
8893849924286849657,1
5904651997396007792,1
-1231828500015487871,1
5423416204669999915,1
-8760350537089362094,1
-3640855931687420136,1
4615359349965078173,1
5801204687191658610,1
9096596105753656239,1
7388868475245067291,1
7197912397962428815,1
2565760330919748517,1
3347554903096286942,1
-2508640274977924991,1
-4121148390059416582,1
-4695240129950268042,1
-4437575015931826190,1
8151411283545714094,1
-4832646368982010876,1
-8689186538506036263,1
-3352652816113422839,1
-8100233905159204133,1
-6079004974912718036,1
1247727246981753377,1
-1734725792684023700,1
-4148910616361327404,1
3405696297495060745,1
6337849146725951033,1
246051514158624288,1
7479793648698547727,1
3962172925858637873,1
-3581261107970610371,1
7035365371348300991,1
-3669674755508625950,1
4128701349193904969,1
6601601350957609376,1
1005257310348108565,1
5333124957271547479,1
414342040442058059,1
-1983399679013561334,1
4251821452493143229,1
-9109828028502984670,1
7183067917832372294,1
1763026106393895379,1
-127503167182894479,1
2650044583328963750,1
-101668282276826385,1
4053706895018509404,1
-6464798298757090718,1
4986168716410103920,1
1920724059163457581,1
-3012392885004417297,1
-1900607438707465182,1
-3209419515264467432,1
4102731074142522432,1
7549163344447366371,1
7875230789198038117,1
1867817892062615546,1
5019087408037096801,1
-1191377065423592896,1
6180442715165025338,1
-1722736383063403,1
8043290077366271385,1
-162085117697072252,1
6156394710420122582,1
-1395311660671292566,1
5426674190368098646,1
5840683302623242538,1
7322844816015879637,1
1040526823546747164,1
3897413049738626286,1
-2410964579997435609,1
7669779926334960090,1
-5165926341269605666,1
7172043151450047197,1
-3549361651353918299,1
-723488547817227524,1
6911510278136268691,1
1332705119806800351,1
-4297462514199860661,1
-6971780413378675623,1
-7435158203054863612,1
-1912976437056521809,1
-3395819986406554309,1
-1477894626540580492,1
-335580589317085003,1
-589163349425749016,1
7362021520066733908,1
-455519396033543784,1
-2661932616378835757,1
3679887899680950277,1
-3505598504821507314,1
4331222735342565281,1
7575330090275341747,1
5141563187226240254,1
8789009027207419088,1
-4357550077401348060,1
-7211466294208818747,1
5722097209998627230,1
-917096308680501809,1
572896688000210110,1
3870808197342312150,1
-443930621027695195,1
-5911764060810277306,1
-516375304204761684,1
-1555515275303700754,1
3359859276320677658,1
-7970952509953444910,1
-4479961428058258608,1
6722476403345995465,1
1950679196939833364,1
-5191755425313275996,1
5459535487034417049,1
-8650107523509862617,1
267984714338653961,1
8591700292468370995,1
-4809704067044999962,1
-7513102298847477406,1
-2753912837307536296,1
-3521402409734052305,1
-2386568036684692365,1
-7497969167087232411,1
1573356502667649946,1
3816635429697990330,1
1403871201837105205,1
3646910063327000695,1
4268101865967010330,1
6593001121539318542,1
6677185965601837235,1
6850417778715175432,1
-721644393591403438,1
-7543685351029983571,1
-6954695924298601204,1
7783743444789943935,1
1488372342967512069,1
-4150815479193501859,1
-993987575191405330,1
4043241130932028821,1
4886688081425862413,1
-4971739592083595996,1
3510780473237672714,1
7658267312096738205,1
3122659496796893734,1
-5102582853166677189,1
6434536859781150675,1
4053824573251941137,1
-2771675509968172709,1
-3798134473704718397,1
-8502261408990840820,1
5093571986379986874,1
4121754144600123731,1
-8244958214394715591,1
8931651210909615439,1
-6704644424280993969,1
4631164224197873905,1
1863184371796377268,1
1761267151857232702,1
3386839446656109927,1
7657643188536194697,1
5902616292536274872,1
-5343518371268305908,1
2206421467903423711,1
7279511891848675680,1
-2992143779823850497,1
-7023736038953508065,1
6928214866980776904,1
7733327459469592714,1
-3360483405941710866,1
-7623517378657739833,1
2854571046417769915,1
-530498978145402739,1
6853161883570992460,1
-8418019956962511419,1
-5865317398919978696,1
3284115885934000697,1
-3356252004688743741,1
6338400017193252926,1
5683805420155768071,1
-1293534551306284329,1
7508531851274639668,1
-8323363053892148732,1
6080306661740951636,1
-6685184528613869427,1
7282252856460336006,1
-5188565838129417926,1
-410272155193345258,1
2436488798550634056,1
5850353849579444663,1
2051876280694988490,1
-8546895379670746377,1
-5950092055617579354,1
-1051237648853801843,1
-4663309751025219252,1
-1538052877734976274,1
5178942341384498312,1
-5013924906844538559,1
-58838673474289749,1
-5552977933012818878,1
5225998944061728937,1
9067139498046448139,1
-1494539298640344486,1
-8138283031139493628,1
3193161896551863009,1
-6812304421095354528,1
-7648442134344301378,1
1307202554652438313,1
3764306112295333064,1
3284269155236563812,1
3120163045912624944,1
7791553707201852147,1
-2683260054711978397,1
-4427838635001075972,1
-3951171758602193737,1
-628177922586051253,1
483345795590911242,1
6637235317709504595,1
-8471498737974530176,1
2355529594030234084,1
1787266080027596411,1
-5787155304457203222,1
-99054579074002112,1
5467757449549027830,1
2102559794833925597,1
-5571212522927491941,1
-4187771375881089077,1
8489837599711462445,1
3782165961626430054,1
-4035646749056996687,1
-4809238475744696511,1
-5920292377991976838,1
-3856849616690214651,1
-7640475415496358116,1
-6296937084151121062,1
848124622309800372,1
-306480655646225051,1
2979972371772840473,1
-4692494797695736535,1
1372663051506730544,1
3014005799197055211,1
5239234376863797073,1
-1646486774931012700,1
2451486430450259262,1
-1004063982314976680,1
-7150923505839761678,1
-4374201510740949738,1
-2281062421837080241,1
6710913981601735643,1
5915832878710346584,1
-8099213541476707329,1
7676496534926953679,1
5147242292045628054,1
-5176460904638790914,1
7693673159664323257,1
3603148402035090799,1
-7417063953039851734,1
2869523524325526435,1
-8527931300839812364,1
2217483950308954762,1
7922441993421062618,1
1030756728799382691,1
-6068760165309770780,1
6174998145464095571,1
5772967032931044805,1
6808203813815416630,1
4139630349213692462,1
-7569646329338943213,1
-6519785102495137388,1
8690292452286056886,1
3749260765033302922,1
-2483608123469108230,1
7570008360246927557,1
3954389976117926457,1
5870904469792503208,1
-2441291431053450344,1
7010817514336613313,1
-8100404498717063459,1
6609749934918912484,1
5008007890110355750,1
1149829095385558124,1
-3410966834689079701,1
1867449221262098951,1
-3834693123543013907,1
-2669391573019735094,1
7663984299863269332,1
7250348525085692317,1
-6415468845356754311,1
225758762029994691,1
3981489441271006979,1
562757877705898283,1
-171482074463474908,1
-7232178510542668264,1
1746436453938593562,1
6501930010626842406,1
-7203000972698109594,1
5426435251811691538,1
-9020232487548650265,1
296175888645006181,1
7886546676532720636,1
5843037601867800322,1
8620365124788721384,1
6618707814932516662,1
-8543415043886346616,1
-6515393368199787076,1
-493333420088377961,1
616310702329215968,1
-8116272640474645371,1
8049294875672301533,1
-7150061000565915896,1
1823256371436539189,1
-1753720956118354808,1
5730606480171391054,1
-8455028931829796755,1
5748279502410700966,1
-5560335680504937783,1
1006287905764467895,1
1433646845492856219,1
-5930630416095048649,1
-3725016481898274732,1
306920037081604236,1
-5397169268275868123,1
-1108938033426247291,1
5608130898584619215,1
7553320621688585120,1
1027975015037562214,1
6065399101507499096,1
3122477227048445404,1
-291883761455934715,1
913520096340048139,1
-968650036029341447,1
6813315895355272907,1
-4196556465399008622,1
1165717796625817641,1
-9144376612827369357,1
2871497112327133039,1
2299708585261968404,1
3715215834675862438,1
-8430206510311762989,1
-3254308466856155784,1
94522958989216578,1
-4663529568065622295,1
8849681819372288828,1
2328168203486744639,1
-1526625396969931497,1
-3884048084664693488,1
-8876456127553731866,1
3885568562724591649,1
-2644978914933576478,1
-4544249262710291575,1
3957837754252298516,1
-7207740899171744895,1
7522546862839145383,1
7947849497138788262,1
2154873543782027979,1
3679455911324573907,1
8114108807431978901,1
8975461102919695100,1
1998305508249120914,1
1615182566750057339,1
3533691524965420839,1
-4000389497826481574,1
-43420597453160058,1
-4575488283922428437,1
-2701951951552079981,1
-5810146577364233423,1
8234715434034388846,1
-36428273473515049,1
7006231098312169007,1
-15385355146499877,1
7374567066052494368,1
4397156563335830427,1
-7974385065157303065,1
-5446935902954638473,1
4996016625770905121,1
6038424379255135949,1
-8855614467915687616,1
1514161733348033954,1
4051655557795358787,1
8213446099208123798,1
502130045692774073,1
-4332598830528259047,1
-7754740410536363028,1
-5070974206267382913,1
3372596654293604286,1
-4392309359426162580,1
-7359955354068068678,1
-351271529290988711,1
1535399069918616247,1
8075755399246149932,1
8742266551485931320,1
665920447487675287,1
-2239990201320018767,1
-1805747654117043209,1
-2097803684964106901,1
2733543053504312122,1
-1951524674882453575,1
1734297513866134512,1
8625871578115335470,1
-3011247900777181639,1
9080900768377362691,1
5383046332592242196,1
-5012705754563433544,1
-840203331167867459,1
-1562484468084897527,1
-8339867745710015466,1
-3243727266692451678,1
-3037960206903369640,1
8302581275105197993,1
-6145693746747088638,1
-847051899789005251,1
-490512613707361153,1
-418475268432127822,1
9042781520077942987,1
7579649283097433958,1
-518632088966953544,1
3455619089650257322,1
-3401611649790516592,1
5420911899295386058,1
-4159624881658221968,1
3402277498749455755,1
8805168371939710606,1
8995190080076515323,1
-7486220336417082899,1
-2395149752115424375,1
-1487432872985105183,1
-874201533683604321,1
-1604071252255287961,1
8277890211337265033,1
-7284292166092029878,1
201410779667172363,1
-2701747123872772672,1
-7356046896834278497,1
-888148862508691343,1
-2056890727438223621,1
-4407532458424627247,1
-5204969316873143635,1
-5000007690879687441,1
-6085040969288713319,1
-5755476368225039151,1
-834701007075140403,1
7541094899973237332,1
5178997350979027503,1
7355639728871583914,1
8959631977771545188,1
7026113746450237907,1
2876172603870170401,1
-1440201284405962266,1
-1252113171536797213,1
6193382797992165026,1
-3990299661769328068,1
-7061210712039417735,1
-7042025782147868501,1
2967912015812166460,1
-8561793787642561150,1
2344292177934748591,1
8819109160376663731,1
1555760972809905637,1
1839765278374551502,1
-3862237481839266322,1
-2258004847163111643,1
519790639183147683,1
4292002145112497164,1
-9029734574545300845,1
2667199551478208972,1
-4054563554918323916,1
5994520947049041393,1
9072735414681871892,1
6450908082577405069,1
3648909736341570484,1
8208467094147838792,1
-5770892701255416975,1
6948551905412513993,1
5786749441336243137,1
4533081225356062833,1
-3438227489305077633,1
8314703070094894376,1
-5656787795855891865,1
-7921883011844083610,1
857814040106311648,1
-5823656438866076468,1
-6780979749373793116,1
-7549207301569556942,1
2670753795795653910,1
4387429050099688416,1
-8068520668749179006,1
-2449283611779687312,1
4048697748901707405,1
-3841818312304574102,1
-757014149746390010,1
3784070350310830216,1
5228880282533773637,1
-704422743949377697,1
7208425441014697315,1
-7999075403253676227,1
842185061786664577,1
4029966165829190553,1
3455104585487480075,1
-1812328622442017398,1
4861895825686863909,1
4427372498413267031,1
1436952228782736097,1
-3712769670451549788,1
660759605244241111,1
60373371131084144,1
8332050158625478448,1
-7148036645166960725,1
-396124577840330045,1
-1017617715273647817,1
-5549700571913236762,1
215703781175209580,1
-4576645256094710448,1
8669009463034922185,1
-8258982683385460823,1
900297753672432211,1
-4130165204515833083,1
-2982095446776646049,1
4425670204656550655,1
2915554094499078685,1
-3056264615970867851,1
-8892893065768437991,1
-877584282503148088,1
-6737132689255418545,1
8618265091115887115,1
-8056056882857361430,1
-5224589339236475321,1
8616824174405546537,1
-933106593071427049,1
2264014961736302155,1
-4747753872015203466,1
3842442348348562881,1
-4915867113711813709,1
1639543931521137966,1
-19244672635458670,1
2500375984079271852,1
4793213291339943086,1
-7652146544130088179,1
-4471602258397619664,1
-1311340224760457572,1
2921676610889443262,1
8628346696425902137,1
6545673310638548613,1
8215327202734973135,1
-7430515592301417231,1
-1405916347942478351,1
-5545519719161284635,1
-1297616679684617454,1
-3311135663737941549,1
2570536986448868904,1
-6519901202478609605,1
-8840593380233894104,1
3190224761340919214,1
2095571921886459495,1
-4707413972949871892,1
5398898762933020005,1
-7698096810884683627,1
-8213022805525155579,1
-2369230958454262491,1
104388769854176395,1
-8638341795880747463,1
-8318404620010712495,1
-4009265066059643087,1
3571888684740053467,1
28755029674073333,1
2013341707129175460,1
7476045112203974852,1
8915095103329649711,1
7465484246881637368,1
2379010665071497833,1
2181017747873155832,1
9190910035033486578,1
7386700560568660581,1
-6526310236078812849,1
2721452839818464606,1
6014272767565558043,1
2690157340366364565,1
-5759471655715575631,1
-4127440493164844318,1
6093436426130299127,1
1089097198501407780,1
-4074730487313087981,1
949974258624287100,1
-451266522044593104,1
8974588190287081910,1
8525961912154035304,1
-6318896980315039292,1
1514652385354951806,1
6333020596538480843,1
-5995641350388154071,1
-7686859416443581528,1
-8746090979269299205,1
8699595838471736041,1
8782526560389218337,1
6874856806689887576,1
-303260933626000432,1
-2902392934106049474,1
-2160092146578093146,1
-8352642852520256995,1
4563387395658537525,1
-1997223825928769436,1
828541421999293282,1
-3587044358960927344,1
-7276006435312287682,1
206555753805839478,1
-1699908492303150630,1
-5823171868995402409,1
728806424426027987,1
1174008199545043702,1
124699679777854699,1
-8672780002613841118,1
-7852943761203905786,1
2399939720125917197,1
-901393164757439638,1
987212434179626742,1
-8731127837544370941,1
-7298793931558972509,1
-3602813322776357516,1
6855605963136870423,1
2464501979319250968,1
3526954886271195411,1
8794476081974567642,1
-8629811610031378699,1
-6994904374217757785,1
-2165674948500168443,1
-3154638512230758295,1
-1975846782511331253,1
-4550185735132523963,1
7354435737368343764,1
-1553142545888815903,1
-2451809821465210818,1
748197411857368660,1
-5868304927425999103,1
5333895527423242195,1
8248382591140539280,1
-1973876487865746034,1
-4785878706886075412,1
-5731417595233217763,1
2606110420028895291,1
-6040900840934368764,1
7201996281273496622,1
-3590685742291708684,1
-8251865335472316681,1
-8595804790439632875,1
2232107027910987005,1
-2771464931262236104,1
-1744414594778424879,1
4910776461720133156,1
1224082581902454291,1
4623532386978529404,1
402489908223817640,1
1996908421310005063,1
3223692307630962903,1
3939122561988567251,1
7197874775993654051,1
2310951437027946634,1
453169870423366964,1
-3468133309990442552,1
1306305764980007576,1
6575551137874550800,1
1378399699309080629,1
4624040442643000628,1
5860092291423637732,1
-9029342439127153451,1
5043533249469701772,1
8788148411250998043,1
-7647375410101863345,1
-5600638849726451349,1
2702890464705267527,1
8561320327860053791,1
-6258488891299550985,1
3158824123402229237,1
-1540638811713697063,1
-283439563290828830,1
-4175809197191611396,1
7695998685479748220,1
4754505986441882047,1
6167199714579538180,1
6619051647650498644,1
2021292817989137307,1
4630013375875028754,1
1793437178794961036,1
5176861498894953763,1
4452267303455133242,1
-8472840846819492514,1
-5185374517951260608,1
-2919631434322601858,1
7015716529469001428,1
4097551104134504491,1
2134502431016071266,1
-2519318844442530469,1
2162544065196358367,1
8312721933353382703,1
7234871988953154793,1
8032462205397913265,1
-5131722023450389522,1
-8156674909231290337,1
5112685243574112651,1
2224965335787541273,1
-3696653130991915348,1
2468348523211231344,1
-2999993383144959495,1
-8596474999249235141,1
-6453193964331496658,1
-908674001027049764,1
-6384128649866299166,1
4858912977312287307,1
7466892301773142413,1
-8747818884952062558,1
-7691250469345381916,1
1646561775558919720,1
4880947479875198579,1
5831749153429117817,1
-5185227320263306524,1
8187389596130997353,1
-7672818861851330141,1
-9139561781449412103,1
6523043565801665225,1
-4365850239616442127,1
1040688055294470923,1
-3751873163102572205,1
5000683772727676333,1
8296148721659128629,1
-5341060954425231438,1
-2445459443395489728,1
-1173269753454284095,1
7357805504864710709,1
-3018062929375028511,1
-2113245041809060843,1
5270244526812491141,1
3887247382130402709,1
-3173188277019710981,1
-7409161850544563529,1
5198186333323020482,1
7826401072221264993,1
-4613746563121926585,1
3347815348403054695,1
-7184308137503652270,1
-5650735301936816327,1
550698967547100775,1
8656467217658487323,1
6714830775932785686,1
-7931879776911835644,1
-746600156338159169,1
4450972007206521944,1
-6926873252257777416,1
-5921873072219576072,1
5422867632197130036,1
2269037970033756393,1
4070664502674576575,1
3390715898920449599,1
-1946300049280101654,1
-3668776363827270068,1
-2795794745368426905,1
5080652559919264951,1
-6234154183411495523,1
-3762368212224335006,1
-401823449468920314,1
372212028569738843,1
2648677959480018202,1
5148966363438928641,1
-1156125299387217451,1
-7770864369686845534,1
5533669970414592717,1
-2358573538785914122,1
5289544378658131912,1
-6748734395458444425,1
-8818196565068690853,1
-5235141403711183456,1
-5043431556828517618,1
342974107546418678,1
-4061193654558387185,1
-3015708538041395798,1
7497889580002724230,1
-4920764818893110526,1
-4126363001814372623,1
-4077228330634922475,1
5740241717844105772,1
3503923819245481359,1
8041027395141826358,1
8339487044997843644,1
5041043085159043002,1
7971249193192442083,1
-8321623197479560435,1
-6142762716323080709,1
3187975445732740452,1
-1491925385707096505,1
-1919391281163580383,1
-9034172975651987585,1
-8884427193714709977,1
6548954159819527638,1
-4521610033813971913,1
-6110354760703225654,1
-4545885652044365900,1
-5677635998284162612,1
513478276269274076,1
-7964160565145132091,1
-6717524438146294045,1
5614610172535163444,1
-4109078462060598255,1
-4571586659105496597,1
3182735196194407990,1
-4144830060911335963,1
4497383965847540067,1
4552912474027976326,1
2024601048911945240,1
-5877482197898316628,1
2148308517674917854,1
5801753014954679,1
5002465016412806113,1
2746747083698327448,1
3657408695833082472,1
286436685885071370,1
-4447953452093096553,1
2701029256289132476,1
5033743707197353027,1
-5672120896394930005,1
-2122692666835794911,1
-8607569067736113727,1
-1122036115597192287,1
5758025068334264863,1
-8055879589776806981,1
50915008485606694,1
7558524660251062842,1
-576753806724946696,1
-1077499295780028193,1
-1046330753874012738,1
5032978595778807628,1
8127393758759002157,1
-1828199787510567039,1
4844207280226977144,1
9059796953094859118,1
1364402701488828003,1
5698378044047507717,1
-6979905590445523478,1
5265851505922141575,1
3279100243595236384,1
-2009105180402619851,1
489306126087023775,1
-3346808975473049206,1
4510898769731193027,1
-8687731039689355792,1
-6213122528872066161,1
7793333685486475149,1
8793735001208637645,1
-744884966416318657,1
-2947014788137222397,1
7679740428679307525,1
-8232444887796589435,1
5235019903602429859,1
3882036368384979779,1
-1905942701684960036,1
-4667670041884537673,1
651533348171383394,1
-2642159073391996012,1
-5417760828775034308,1
-6029220809431614747,1
3729912850672463740,1
1918176553294619168,1
-497680441388099001,1
-1555770730778037335,1
-5957941798780990049,1
578349513793669046,1
3237964089934587753,1
-278688544855900604,1
5504195152302272556,1
-3083453953808473037,1
-4916935446168053394,1
-4874680490873846929,1
-3491652335051375854,1
-1031914888729506762,1
-7009613337260074505,1
9165942511660440938,1
-2103514954764406771,1
1337692684249948676,1
-8362007578373298641,1
4101589340605752850,1
-1467065925789188958,1
-3153157704464327318,1
-355450243290447888,1
-4189428649576073682,1
7947150357193702013,1
-6816269737408913907,1
-1996735465719981824,1
-3468013699784050733,1
-3593345421770675186,1
-2830625760752021172,1
-7990350400332495818,1
-2237153039252011855,1
-5672314191691599345,1
-9183283571605780768,1
8420764368395046273,1
-9135641116517084900,1
5512598252205382325,1
7479900737899391938,1
8541259944064092438,1
-8203522528019053358,1
9012256875475248379,1
3107744159065019983,1
9126927231844671260,1
3249972538715773871,1
-3425787103497019171,1
-413277477449232442,1
-1642064270684571234,1
-2770054683206744985,1
-1110090189042357508,1
1079494149185404222,1
-927303801485848484,1
6443218585778705961,1
1079323790123927613,1
532495929938326925,1
7023983095688152015,1
-927983698717443239,1
6633357631801804991,1
5006476244177562000,1
5865050147772785208,1
6031688606762819909,1
5533781970719094906,1
8257152464135085810,1
-569474232321645793,1
5941643745364197371,1
7522587626422126805,1
2033623673651105896,1
3118817256615428746,1
-4819028587143557925,1
7645023070034554537,1
638740241105499653,1
-7651118761508055875,1
4461835321032574182,1
-4501044670519291133,1
-6364652201648617660,1
8587723918873587836,1
-3772699269719639279,1
-3024487571803233627,1
361756939493871530,1
8400156182842592891,1
-5502992175433929507,1
2544561361050496190,1
-4530274797984067674,1
-7258913636779771377,1
-8033591872857991991,1
-2299009807563066417,1
-2928797341592713405,1
-4917602753166972176,1
475040606308147763,1
-7189058394692025085,1
-2499964178569417792,1
-7006309256031049267,1
4133981136558274650,1
-2033801501226551997,1
-1680548094551415325,1
4817862950941327565,1
-5761815679808903817,1
-8326836183284103289,1
-1500534535465873470,1
-6444246112267718717,1
9215838981400070147,1
1757441808024887884,1
-7409764806830587084,1
4772174203236699926,1
-8808110974042342985,1
6759057361919279805,1
7144471993951002960,1
-7668229883103895859,1
6454666422467751558,1
3068684349398394628,1
7402224096578194621,1
4750159114938088855,1
-1359992084772085168,1
2359136842407437183,1
-6445291495131455174,1
-2454500199020385323,1
-2625641990783998316,1
-7956169073005566221,1
8654785280389578574,1
3914987917683261749,1
8318097128959621205,1
-8447808157372810227,1
-4011489024285766634,1
455845156650039967,1
-6326003266959773150,1
-5339086821316436390,1
4912953346245668706,1
289480140521384910,1
-7541950881536418621,1
-16688985812126247,1
3786092216424188667,1
-6999033161003411687,1
3874021968012231194,1
-315725805822217299,1
-7950493829713110921,1
-6154282813293110839,1
-6888763417435206350,1
-6129465714069473631,1
-1286769403249511287,1
8900821685768147287,1
-7439762704023237648,1
7990051828995967349,1
3938058709359125803,1
-2812212852224158242,1
-1694468750574911135,1
-5736433553149337668,1
5984363230679085722,1
7469310344923151860,1
-9113679021375077621,1
4782509278242656841,1
-4690640500383045155,1
-287484370600103392,1
2199162147404368118,1
3375195078170193900,1
-8003360022820562145,1
5821572803300899294,1
824392127913006351,1
2341532307585452086,1
-6494547348217663211,1
-3826985799931171601,1
-4726792564593297005,1
-2740005469773458978,1
-1083763260872811200,1
1288043978369005729,1
255878360175230726,1
7227083387389838403,1
-7944763631746374221,1
-2341498369438711657,1
4734614946991994327,1
-5068508991502224209,1
4718628410208333192,1
-5721998699204982846,1
-2516270743379683103,1
-7304023237566551921,1
-2287678698200243216,1
1205114293231189220,1
1240243249856482212,1
-865417775221336311,1
-7841007105863843520,1
8698045679744228851,1
-1694154452787257946,1
5538117966089825315,1
-4825580697752992007,1
-7018538957440386591,1
-5757134821350140916,1
-6583857173942053035,1
3652211645961051853,1
3862547132291806381,1
-3952409060468326380,1
8684031629530396481,1
-4355193123761737358,1
-2802384033954126646,1
-7914106526346930334,1
8678990505146251105,1
3579528847561393476,1
5212766815329799077,1
2669647622040216477,1
-5787841975422589267,1
8492589739091611142,1
-5641584169938565225,1
3041771762759980465,1
-5779033304993724770,1
9068222055024266704,1
-5027594923538425260,1
-7179176068576300193,1
-7688761990556423229,1
4245656074208677506,1
5641377655892081843,1
3573663842391154818,1
-6185233632463941464,1
3835682387204273972,1
-8756645577049322896,1
-7813173621213288638,1
2799127816709205870,1
-7430669224022050824,1
-6688868353743718229,1
4763500373464857476,1
-8373120433689311889,1
-7606371238915015530,1
-2123759929505329696,1
5472189757206195337,1
6759231421014371612,1
-814360337387879062,1
1757156112004953760,1
-5041455959976388577,1
3358967101968649694,1
-6419149105936230665,1
-1825920431970750901,1
7782783995716729425,1
-3052539088545542612,1
-4425887042601218439,1
-8064879970857303552,1
5674816846263769609,1
4560325758049293256,1
-3651747224335570916,1
5343867708560829835,1
7877950665637328068,1
6971902537695832172,1
-1871230111744066824,1
-235686163528821033,1
952151072233268048,1
4438629144941731727,1
7070769040358166831,1
6783302486473228911,1
-7545659164828867106,1
-8120108639581186662,1
7435347623750927273,1
-8623866852662798382,1
-2286752693219227201,1
-8903355365475117179,1
9167537006535473792,1
1343790181333116091,1
-976343956905631715,1
-6356531720828507243,1
7757080032794577525,1
-1578737236477392776,1
-3510727949745680685,1
-5387346506062603904,1
4033593360323213532,1
4948015190271665205,1
3986065732425409422,1
-7271640667384578590,1
2241190498991029111,1
-1693623427034830359,1
-3234702524945862702,1
-1674132662862863393,1
7438752745594728961,1
4072075862049909222,1
-2030404165967588057,1
-4632438732899405614,1
6323036040399106629,1
8940827370158139853,1
3754398178398968959,1
7807457115134421917,1
1903147423158231550,1
-4039337053369106038,1
-1950421584757065466,1
4630789149919887825,1
8557091100494436570,1
-4575614132841342735,1
3940413621078360480,1
-4395181075940195004,1
-5850231370419436431,1
-5649334442057288888,1
6257724519130036007,1
-6805619304582733103,1
-3639450221281855819,1
-4396745931028350144,1
-856309554261248708,1
-1551991253691081300,1
-5485597075419252522,1
-1706312960780841350,1
6361006906646384993,1
-7989609681853194063,1
5849417566780972723,1
-7981851785989179985,1
373931442134377166,1
367102386419467325,1
1428702631360209437,1
-5889500579066282902,1
928942110531349354,1
3460010497729811449,1
7536626744680169244,1
8416996443407446390,1
-8237179533683612509,1
-1031925709652644645,1
3445836424652944478,1
745201267064083381,1
2874430308811027258,1
2113362026786274516,1
751858634427734483,1
-2199177625340599141,1
2407436172262332102,1
-4999369961984859755,1
6756583567669271892,1
-3501638110555057467,1
924564168961454200,1
3937025561728737274,1
5468173555319816587,1
-2107886069121296666,1
-2822616062303602854,1
6357264262376000428,1
7973909163606793445,1
7877696518149881716,1
654584590519308303,1
7379915737060139402,1
-4031975680200723127,1
-1056665629584746605,1
825698659647809538,1
-8016836860220924796,1
3084186368413972822,1
-2339886947732172268,1
-7504117912860631986,1
-3727144697053207030,1
-5472307965421411431,1
6944937190434669943,1
5628846974657476389,1
7750503421994535546,1
-5469011380416013543,1
-4130467752813032803,1
317890683884169639,1
8414188894307639573,1
-5666646350259504495,1
-3263057428921137097,1
5882070454799535045,1
-7816571891790873688,1
-8348463810966406001,1
3043296503905433203,1
-4483181928232926547,1
3410537438049449338,1
6837559898740363318,1
-1961204110050110339,1
-8354058495492729391,1
-3230457775655566850,1
-2751254945831436922,1
5037230090175715968,1
8959968017090222204,1
-6247020974311203728,1
-2409095725144377063,1
7478087863192253166,1
-4642368894285496636,1
-7823805990035036855,1
-3456718939613132899,1
-7232017697642338326,1
3622197920318632723,1
1795844230901385269,1
5080610086067453997,1
-6749788697427787992,1
8308391544019338753,1
-5819134049753682365,1
-2245706838047731820,1
3786184402281890790,1
-4226819988180913088,1
3527824486071420381,1
-4116603647387182613,1
-7056295658141794954,1
-1300787133252631815,1
172497605170980636,1
3333678843071681668,1
-5461482195838277252,1
1878104863928399048,1
-3926118698787614173,1
2546280256303149322,1
534731059374575830,1
-5052829290287682218,1
-8864824954871537921,1
2471943709445827357,1
6509508169452310905,1
-3988827949995948231,1
758219114253105053,1
8577179563035265253,1
6081392619575003043,1
5847585311723098408,1
4805636599677283919,1
-4625687600861686765,1
8013509310677382732,1
-8617575023486334735,1
4704458024839575510,1
-6353536640920416768,1
5107385700832942821,1
-3587888516637861406,1
1908703772859846118,1
-3696080057214883290,1
1933404652069579820,1
3270060462151314078,1
2449763845208414028,1
4874753483473167686,1
-8858319474093549537,1
1483067792574196142,1
-6556106780496996042,1
-1709607238381289022,1
5840131242588657928,1
-6942605712837382359,1
-3069859200027621810,1
4349891467868757148,1
7146642944811273017,1
-5079622342337526182,1
6554042140240018410,1
3449312523054690756,1
-2796177305337372864,1
-8051638224003154392,1
817186913241901654,1
7992236280476153356,1
-9190637218199605828,1
441703998904918400,1
3774108055048116945,1
-4302439510073131668,1
7464682745498167319,1
8312935610792240303,1
-6836488282032145596,1
8995088710770715459,1
4385001251373467419,1
-552954834859247999,1
-7159917824067065471,1
1956036421674537178,1
-3111941008689120987,1
251204201805971618,1
-1792414244291948363,1
-1341568958183357984,1
4586361431851872528,1
-184791757544835199,1
5247759759667589376,1
7979609639782493581,1
-4334769809309771490,1
3205295619597950833,1
6018524052433393935,1
9163763030969208932,1
8332307558443995761,1
-2954084833907301404,1
-6675267615509430646,1
-2555182552801777985,1
5488687143659439392,1
9063907771850004145,1
5306332256875968814,1
-8400781874381253209,1
-6230934840159373456,1
-9137795687337292755,1
-6112436008124143449,1
7807306997858713451,1
-6000238054386887506,1
-5655272633540943833,1
8123141662786888684,1
7642936415144593327,1
6060859727000127873,1
-4736460985107069439,1
-4691948041921646783,1
-4415416820874031431,1
3323852735091158699,1
-2025174121168660461,1
5403898518930350972,1
-2808917679541107144,1
-627825059277468341,1
-3623195275216377270,1
-3421411230964709191,1
6132727458189712982,1
6731400856510345506,1
1854264862131826385,1
8411247755144966311,1
-3677537491998744264,1
991678820445549917,1
-2861862685952999864,1
2210111138346636995,1
-5091214372167243563,1
-4471982309890844861,1
838888799764000614,1
-7604437105472566824,1
-6731720559001270089,1
5670424359655602932,1
-1107044681200019222,1
1225912601973886413,1
-9181011681610522955,1
1334859275186549898,1
8908768011183185178,1
-5837081593709904350,1
1403381271033171268,1
6402684660693705135,1
1187272025120474187,1
7528503308576375526,1
-4030176271245557524,1
2454296363021829801,1
7467020160072694067,1
8806361380303003421,1
4808816509153328785,1
-1838116118149903661,1
3917026926878925742,1
7202465750582377558,1
4380348453162916154,1
-7569160940233985116,1
2179575739259625528,1
-2405330939663932080,1
4412068049161249372,1
6939864007933798935,1
-8722452395671689331,1
-6123839545419509146,1
-6274168374792596719,1
2410901292518399282,1
-1912689914799884454,1
-5609695980541061689,1
-2840709586565629156,1
5327362735723019177,1
-4678085407437904451,1
-7005439122689146496,1
1599101733811846022,1
-8852971649530436197,1
2148470592969349375,1
6093765826599691834,1
-2339408073927371248,1
8345510364309549413,1
-8548407518562219345,1
-6113781063581150706,1
6399463801105670564,1
5951459913735484258,1
-6487225346115619500,1
-5824047472398703122,1
1073282646673895043,1
-8789286211481615781,1
-6960416267887476086,1
-8056370733075636325,1
4034916455390260218,1
8904737750634145096,1
-8190784772424525831,1
-3178645143816183342,1
-8872966465593918278,1
7036735105281223819,1
4317080550659152842,1
5075143826114025170,1
-3276386101163462773,1
-3227241430693162539,1
8412476091546483444,1
-5526473729283402804,1
-4524888559881788605,1
-4760500189766396522,1
-4841202177382238756,1
-3642295512795503440,1
-4994111784028568571,1
-7537892596586757040,1
5814796563972335382,1
6266500238716949970,1
3972859764556172326,1
5389251074545402292,1
-8690335825284678721,1
-7705559692756008110,1
2080660490807096353,1
-5555392417518941418,1
-2958902882106749098,1
3132788276264804194,1
6082810459790527494,1
1457165580617787297,1
3302588114918294722,1
-4242431487127384310,1
1781182456851067275,1
4569492675202915319,1
8741311403018159397,1
-8474663595320641381,1
-5078553707071887692,1
-3221558668946512899,1
-605899778527743588,1
-6009336337575861263,1
2046895009434043657,1
-2206946754854697520,1
6688685539292285488,1
-8044651837384320285,1
3510208775053397596,1
-3808009390363102584,1
6854551309973124724,1
-3129903676489908740,1
5373279176514851526,1
813444177696380152,1
1200550821401188972,1
-1839968067559743352,1
-6302591344890864737,1
-4581824724384810763,1
-4073223756702090690,1
-1470327129794951804,1
-2180167290349865227,1
3422680343164450111,1
-7545396405135900175,1
9064764104310388409,1
-5077563758852090184,1
-1421305877382539888,1
755075847366367085,1
-8096324443097252652,1
-3465919780966553712,1
-7266669467138434296,1
6931398534097785683,1
-9168285792729109805,1
6970801708630023196,1
-3921287517851350953,1
-4180061254051441759,1
1573032915808382980,1
-2419984068790621159,1
6770969865978552242,1
-8548365427923712210,1
106651001588012457,1
4342829823625831435,1
-4828040866089312553,1
-4074119371413393048,1
7447510509028505802,1
6318093353445624200,1
1952984139259970272,1
1698220286838841082,1
-6982039099276809448,1
-3462637546871184694,1
-5970513280362176163,1
7702962771340657068,1
-241284203801241924,1
1363786401570978131,1
2991965442194411195,1
-1932056063297406853,1
-6759769567289743911,1
8643302543150933374,1
-7822705789906978837,1
2461497391500034844,1
4529261533181533497,1
-7977429338443047864,1
-7200798610680372753,1
1940019248869861631,1
-2642034574130663548,1
5781803097615017646,1
1921309772126767133,1
-5820699391930291653,1
2055996905155684114,1
2875000066330878125,1
-6266148456927061163,1
-5934890415356475351,1
-90713604037802952,1
-5804733935647790251,1
1801877405166864134,1
-204530052471716594,1
-7888018823007788049,1
-7491239064968409113,1
-7023084450822549442,1
8066699236994620429,1
3886381901203010007,1
4249213060209738847,1
-7036781613407150683,1
8871092506477037237,1
7145924686180984263,1
-3788769312634142359,1
-1892856452533122189,1
5822228415235132266,1
1084344904001580684,1
8804083600406863135,1
994667814270195436,1
5879395445580623692,1
-5305731180563720637,1
-7478214589088089622,1
5200558322694270148,1
4414928935986902124,1
-8920044217154604532,1
8838207086434965467,1
6169005312102075378,1
4981971474032397360,1
155735643205205853,1
-9036709403107208861,1
8004160867848929051,1
1271702377539944640,1
121039172487515250,1
-8832427469204919390,1
-6071918060457978177,1
-5951954135935284336,1
-7256381602857503650,1
-3851847201079703731,1
8331635038432207019,1
-2019941963091284556,1
-845540716222504308,1
-6622818446282074402,1
-609033900632855214,1
7068504355979741661,1
-8607619976868855091,1
8178298329986375429,1
6311249217174938281,1
4197818346931878043,1
1861189860321827395,1
-3199007633657047156,1
7953981649076344291,1
2961932690488877764,1
2462238346754004065,1
2389441531348857893,1
255628575594739686,1
-859509547654771724,1
-7113334144638175904,1
-7494554930583002204,1
-3047250157249193175,1
6710244540262456001,1
6931968695953765633,1
-5578397653199645932,1
5416401437056626203,1
9063649099183172596,1
2952367713544915070,1
7116274417066946307,1
7786061187506181280,1
-7822886912392020368,1
4010802187691686214,1
-3837175201937753215,1
-6688384579072836080,1
1956985748364157291,1
5716982706392963698,1
-5866218910336792801,1
7576959736541339899,1
3543393158925171487,1
-579120395629452677,1
-8046329389323133073,1
321785500575934129,1
-7876861084666688366,1
-792718623269145671,1
-3745955531763326048,1
-7028453291797325270,1
3444629103786999045,1
-7945534137706701730,1
-2343284773288876472,1
8911723923465673739,1
-252914083037788481,1
-4159494537756115189,1
144100734028875204,1
2401288226186721912,1
-8939032893435280643,1
-4461638874633615520,1
4317957237933863028,1
1561374419306116698,1
4501028609653732678,1
3462138222936649130,1
-8431789111499705501,1
-8426541303915737690,1
3047265091624025234,1
-1194840277001400367,1
-7824789420983429686,1
7220069161379889631,1
7202658159060688453,1
-1461609847950011865,1
8950086651622717853,1
537649781947292652,1
-1172166909654980276,1
6648114858553660943,1
-3386672462867693662,1
-3753821469536996554,1
-1362339066718627227,1
-3149188657122441044,1
2419687832672416084,1
7714355492489986298,1
2371003801609373538,1
-7194061245626198133,1
-5946832537228125489,1
7212348311093695243,1
-6865295282978569823,1
6877749797747488382,1
5026872122788202416,1
2333694431307774134,1
-7590710028483512736,1
5424462304932835062,1
3721845103107759872,1
5532966181720053809,1
2936707685628380788,1
4281317249547630395,1
-4763245722344324099,1
4255707809032004156,1
1863272642284965614,1
-6726690474659809919,1
-892843170055012943,1
-5351701660322080273,1
-1827551958459788938,1
-7053660281103907809,1
-2170660366251927999,1
-7254317258604065104,1
-8685645220528313927,1
4040979126043596607,1
-6370956201207963191,1
6337503346696873985,1
-2501693629164336712,1
2300446340971858156,1
-2428504231763473096,1
-8323435442394684958,1
6909163091342050952,1
1713109458049108957,1
6906501898783208425,1
-3138829226312878124,1
-3668967631080909075,1
877003211169176056,1
368048485526553959,1
-2852263359964607590,1
6299916205035521119,1
3366583500245346155,1
2027646417738350569,1
-8673048339377156954,1
-7755629755356653703,1
-1365404356402119136,1
-4637005288100587217,1
-5533714495486991611,1
5203614797216926106,1
-7261896727803946154,1
-4694547394293396278,1
2008591245826318303,1
-4249627533762963118,1
-7271492546450304900,1
6708065167760026241,1
7238051100845228425,1
5228023835043557443,1
-4177299338021697620,1
-4068007493470481527,1
-526299101097284603,1
-577321291331964409,1
-6973667321507210574,1
6211837389217657249,1
4989258913316426495,1
3959510275449913719,1
5549419951692087714,1
-1062178379809429126,1
-8938511416874247078,1
9053812308443236476,1
3197828005259524448,1
-1762812632881262221,1
5536500668478561215,1
-2703096699430571117,1
-2428503907482609835,1
2720171066792896984,1
-7852362751938338427,1
4051921190889122892,1
4213673715042986880,1
1426797622674271544,1
3832613592143409968,1
-3434856437923935015,1
5548886727044818150,1
4071968777014733723,1
3286735684501225033,1
2394083427265668034,1
1645481596764975482,1
8944733371405050461,1
5629327601784496990,1
2023428354599556084,1
6091396217072703592,1
2732432661664402316,1
8753471083648541540,1
-2544907953771900340,1
6043254322434802678,1
-3962365446855990793,1
-8468864980292735235,1
-6294909284963558100,1
980065334658405723,1
-2910242940244444807,1
-2525838750725817150,1
3376698335448603431,1
2211170979805696344,1
-9016071556684195291,1
-8976032925457167393,1
4906160030754761459,1
6119322422285801288,1
-5070505137079587076,1
-5461104162614357039,1
-2977862492571695961,1
-7594985942362056391,1
5517013183528959198,1
-5611905054037320998,1
4682455234836412729,1
-3684680822493464282,1
4765022269209619812,1
-6817263830460722113,1
-5416191437323289299,1
-1896367675764734495,1
-7819367922921449194,1
1151322761548148257,1
-3965587084147731164,1
270525244041209812,1
194639752462654684,1
5085996840849377538,1
5441786426109475603,1
7857623292101312014,1
3117004359792853423,1
2290319925159870449,1
-3795126614364107055,1
4750968739143984796,1
1099721057101678924,1
-764041650500678508,1
5817997093124854791,1
990059878076351712,1
-3504889711106713921,1
7255913151949552034,1
2827692445137423421,1
2255403611780404381,1
762845568782855062,1
-5374343270888597447,1
6898133774051333612,1
1674837957038888516,1
46730783618662747,1
-370395009433917206,1
441905616438418615,1
-6930517384289919955,1
216428383342829681,1
-150629322966847283,1
2431127207340124469,1
-7565311223695722552,1
-6122739618281913186,1
2091533988365098594,1
2251956404492333110,1
-2271445555594920463,1
8500494555386500331,1
7894456748970431833,1
775824204154930061,1
4198674017631408541,1
-5562043895019430633,1
8242530287033627678,1
-1790461589928217650,1
7515707903936190051,1
-3343576607069576868,1
2249622970619892721,1
7912210885990465525,1
6719263650030686487,1
-6583149492698636813,1
-3364744692905338704,1
-4362603717279709365,1
-4154423961691232429,1
1281688245726735585,1
6325404290464775497,1
3988627095509283602,1
-4560012770780013266,1
1675715154266491182,1
1055679756452469729,1
-474338255341850294,1
326392718323788706,1
2188904813554404806,1
-5960981261268371235,1
-7575144842038498257,1
1729051660138616377,1
-544569837349185045,1
-7402958175150622721,1
-7249625676980164136,1
7026486043348358188,1
-8154627206763242254,1
-2189148871348645791,1
1818762018753342852,1
1950613620998422605,1
-4236600249976697305,1
5178324146851091079,1
-7399031135949103786,1
5895126421324126632,1
-7106416378962034533,1
-4770679129875729188,1
5487355409692525355,1
998289007570431273,1
5425479366888298443,1
3977717732686141068,1
6965386589223749061,1
8346557123407599694,1
1170703308231956130,1
-7167545038670034842,1
-5426698215457535777,1
3349803524865366300,1
-2102052898241426780,1
4419676880584712325,1
7280685275826020031,1
-2935203729408851753,1
-8896012271387633085,1
7358209354348811376,1
-4189021146873915559,1
657785673722985937,1
1220291363017203046,1
3871196868054678667,1
5854584833362987043,1
-2319014981526315299,1
-6484732312238717573,1
-8292538013249126025,1
-2920713828804843747,1
210610043517233069,1
-2626627765316750058,1
5896227997728393863,1
165649846909138218,1
3971121163043236923,1
3366886653272333336,1
-7565544959590745195,1
6373096591593517409,1
2940800382200842888,1
7505841265241481790,1
-3551943150396373785,1
-316340421813689475,1
680679627216133958,1
-2001032206381158083,1
-4237256482878728028,1
-630644075929431946,1
9125824896570749013,1
2941369187689832929,1
-9212197434801399682,1
-5264466764707333987,1
5407279243260072174,1
-5267428810320863626,1
-5593279009570285831,1
-4870759485027654957,1
4263113922709842872,1
349333420947302369,1
5533211882045242346,1
4734213438565260627,1
-8169959175402389922,1
-3570728077066064037,1
-1039118279805947910,1
161749426170256594,1
2572109283025969597,1
-4195048746376253318,1
-4667017139469879295,1
-8763856964295296856,1
5741653871601777096,1
-2671105462579666717,1
5006789168409355525,1
6790980054445414017,1
-9186132910302102918,1
4967516813091332192,1
2439171842134721939,1
6269436128695890428,1
-4175484342944929473,1
3206140699491580048,1
1117790203645819984,1
8389119941464913565,1
-7888194682307746578,1
2706324937187588260,1
7665161939557320231,1
2443160435148656917,1
8917176411182796778,1
-8995093690318882600,1
9131951226020839701,1
-546664574702035293,1
-5501076427204049556,1
5512939856135948420,1
-692174062558500206,1
-7259997594481156349,1
-6974169587686170592,1
-3448033436541628277,1
-5859585152516853730,1
-2962338661485397523,1
7195653010935223515,1
-6824409775144082752,1
7643366476954037412,1
6030197590801896888,1
2235401480693110290,1
-8711840798237848141,1
-7406236922635938709,1
-8885295395662560584,1
5763679804129857003,1
5772281764523569297,1
323527191591866449,1
-5674926433872900864,1
-1891238368184452990,1
4076084490583652125,1
-1214967562419755600,1
-8404142545578035023,1
-3620801024218934097,1
-7969149098367075585,1
-8361726673539882736,1
1319089206484105049,1
-7765247549139640520,1
-8047639975857187707,1
1816794373170952558,1
1617599565837802606,1
3366593510020166555,1
-1729894994913682928,1
-194612478997807769,1
9219734193518208614,1
-9112978358545109719,1
-1284446845674863103,1
3306154774168346033,1
2418626968377006137,1
-9012882499095736750,1
-8506785597264819828,1
-623441285664590436,1
7567799033504679784,1
2997913010271835439,1
1340742973058723706,1
2306998078619029364,1
1279148296054151087,1
6871537511020520756,1
-1774709902206549874,1
313405694534118639,1
7964086089799201709,1
1090365707136694364,1
7949394929196425601,1
-7403969401310181407,1
-2681611558910440649,1
8332499386668013105,1
-8661858702226910097,1
-7780234360754460886,1
6260319250204525040,1
-1217837184258698019,1
-5622823558626304590,1
3172204472504845700,1
-439849984368552651,1
-6420447028476463213,1
5227636480848211290,1
3770060495142856887,1
8649033786573347348,1
-6782306230383977001,1
-1091376588055195459,1
8091427382535507791,1
-7712830307394501163,1
1367821168124032225,1
-6798534946540128059,1
-4297263973572277680,1
-6675584990072876385,1
-2982188059173252039,1
4048303372426618763,1
125520326601692920,1
2404936369454731468,1
6312822957420661978,1
-4659967219441466740,1
3179949654027633875,1
-5266167035457130609,1
4026645402051492173,1
6692865290755351323,1
416499812234775503,1
-5486051342284757506,1
2778717658797451634,1
7727098227542227790,1
-4320847221154347607,1
4034810954984000477,1
4561673179253817646,1
-5863458128861256101,1
-1533841022942804464,1
-4376705010963926608,1
-6618356168406685033,1
-222154756491314546,1
3320418217210642035,1
-7624974291609234605,1
-8732854647240886599,1
-7246785777409216520,1
-5870521891920352994,1
1585394938278998025,1
-7038360892052714565,1
7552502861105440805,1
2613264151504127471,1
-8601383039477916581,1
7934490062231180424,1
-8089791808497249171,1
6714631872429352595,1
-1605131385923386598,1
-2899260004900712118,1
-1721547603457319042,1
4498700363441793784,1
1943331954573443939,1
-4126247188299228029,1
3054470711340911145,1
8261249877664081570,1
3376697205727715870,1
2095575405382715910,1
3209939624303688759,1
8131891639825817917,1
9012678950158785652,1
3686935754657016567,1
1064144802985836895,1
-7524155474778889089,1
-7284163310076239530,1
3710661904059812005,1
2196171805669240015,1
-1273433580745992232,1
5080780390145876284,1
-129068496648032487,1
8005008335509872878,1
765238707929043839,1
7803285144867517166,1
-9161922063047765725,1
9051075459091844266,1
-1979827948006762144,1
-2789231426432085377,1
7704670731322806594,1
6345144372203380133,1
7759463778251063603,1
-3364894625385865426,1
8531078829793235320,1
7232119490183242253,1
-7409196474575790937,1
1003751998650411502,1
-6041642471716995381,1
7982097406006993005,1
-8984964854512861145,1
4811160766888626588,1
543375290452636392,1
386544611951769336,1
9122260623935913637,1
-2608912484346402144,1
-5303135655774269674,1
-6119730433649032216,1
-2206554145335811695,1
7565124887260163825,1
-2253073937480529512,1
-8085031127577436280,1
9136399860666389188,1
5738157973884353008,1
8305116066640787027,1
-9001164719027006670,1
6483296092071046381,1
9204946420111505517,1
3167131385289121348,1
1571356256847874472,1
-2533305624910622266,1
9025700418869837962,1
1262368988593915805,1
645881856344778381,1
-2695161555218654427,1
-6007906691162572074,1
7973157700309412860,1
153013024032601559,1
-7640289638396400538,1
1707593187467285905,1
-6194478684325633376,1
5599534272006699973,1
-5155609963180346875,1
6139559551148882124,1
-5480494340790778494,1
7719510650323056284,1
-3538628920900071828,1
1433166717659877962,1
1089416036503492080,1
391611399662226001,1
4643735492985833055,1
3813567526785217140,1
-4930437776042602276,1
-6411281836532927151,1
1627009795091667462,1
-5646922352578364999,1
-5628197604997626548,1
-5528112029981326132,1
1380838146247898818,1
-6089630473293063063,1
5029101033599571818,1
4480925588767311627,1
-2373247125754347639,1
6255314578785320653,1
8292322448481821303,1
-5111891058971499381,1
-2145914691315075747,1
-6447285186307477307,1
-6590385427775011013,1
-7920219563341701524,1
-5342026666801533966,1
-8057274968959226719,1
9191592172528030669,1
-7146176687696383550,1
-5003417646709262325,1
2242475069077611452,1
-942608507733205577,1
-477405276012295251,1
5695607727077971857,1
-1764994359343985977,1
1594404516165993157,1
-1656597690603165613,1
-8347006691343530464,1
8549360090124818151,1
7225019803402319132,1
9139507919655192947,1
2811352337447179472,1
2109814475901478603,1
-5383350085540236720,1
1220968132224930951,1
-2472517883625273074,1
318896574438545689,1
7236577389131628204,1
6189662480130420559,1
8206978812861010231,1
-7700360906121415059,1
-2087985699271174157,1
265090467055571172,1
2273966220887225992,1
7868888205064258374,1
-2434278801728773829,1
-2967499430983575325,1
1535559936593847417,1
2487738314608108379,1
-8516519410094724198,1
-596567584302429623,1
-9134905827765345603,1
4226183536817965874,1
8460784473266811890,1
-635788578172873290,1
-2357110376880466687,1
-3160974648452399445,1
-3539937550559409567,1
-2837320638589936454,1
7838757682047533759,1
3740452034039316610,1
-4852895702717141794,1
6479171734479730570,1
-4936176743277792271,1
4882440276798920917,1
1005824166232014233,1
972477153635052157,1
-7697568459668635743,1
-1064880416164280490,1
1792828268427633448,1
5030557397392605711,1
-6772261846645406198,1
3158862214928671287,1
432232884103784236,1
2959631902494307723,1
-5615845658982246838,1
-6096855077023239626,1
10768918748504719,1
-7367245512708198859,1
-2226678868143442940,1
-1460563894611587815,1
-4184142914213534558,1
1788892344651830160,1
-8551447400801888716,1
5674172770229383639,1
4458333139820533425,1
-1629588818790616410,1
-7696583898268590744,1
347832969934852772,1
-2033638352338998640,1
373773678141836367,1
5887743482871241878,1
6912283668229584603,1
-7629636941055536190,1
-1051631018711683887,1
1507506124968813636,1
-6300813308971701657,1
8379183595532975969,1
5578738176237491938,1
7326025088262656537,1
-1537738025955721621,1
901340918131174883,1
-8006049887454548032,1
9069287335978489019,1
660659156736611607,1
-6608948749444378983,1
3531340146908543890,1
7147547259773710877,1
1631275067294913368,1
8631302203484251970,1
-1593102686155144826,1
5145665952055733220,1
-6611996198872877991,1
5568750935888817034,1
-9090637710840379031,1
6672522038566337679,1
-4520573356801944866,1
1182155360007034161,1
5035347904481054223,1
-6879611521267230089,1
-4298233723264489392,1
3381523355143710678,1
4893602054145221659,1
-6122106476750383313,1
3256607315988488026,1
75872118262766798,1
7759314079045963903,1
-3123078502038511663,1
-6814027453770823943,1
-5130422431044814961,1
-8823730542873517837,1
-3609346524692772154,1
144812981125097489,1
4761654898373286288,1
1919960184280878640,1
2381298270651023171,1
2131870612161197625,1
3194473419106751430,1
-3095966435092797351,1
-7125963392060299571,1
4610115054362526815,1
8096507494772898698,1
3340062028588817702,1
3875311926896037750,1
-4910675299324539528,1
2198533453149922911,1
4699839706852697195,1
4994727801026378090,1
4010527038684556126,1
127324257475859399,1
7074459288650184435,1
3857043693117540749,1
3192091100469759116,1
-3064436834917474368,1
-2215331900673222310,1
-4091803641884680367,1
3331168561873808345,1
-903842431414066900,1
3201240886093203487,1
4473515484860478881,1
-1881610190572096233,1
1332360332253387550,1
-7349400510590003858,1
5719657816217210407,1
7200232418272661180,1
5164779321492216959,1
-5962263578209984576,1
4516932520122853047,1
5206469071992229397,1
-3876813406605933587,1
-8471026946612532026,1
2267795662191724605,1
-1959141923583484696,1
740073894777978452,1
4591653125678037144,1
-1756418639612222020,1
-1351936407572331373,1
-3884695942651660578,1
-5433893225877285492,1
-6579835280977439179,1
-7141974801757707604,1
-6155253135867991904,1
4126627693635117271,1
-6253565485948333747,1
3171748836645192850,1
2919875569777707360,1
-2697235927479858712,1
-7082351613424759618,1
1683743917247895120,1
-9066827227097422373,1
-7347350391640393475,1
7759736729226629598,1
-7931248755677236010,1
985465307012841848,1
-1098114569633028373,1
-3319200999436830877,1
-4174219305707652054,1
-4257731160501118700,1
8210060315285417920,1
8076588511429501032,1
-7273530310365307014,1
-981303617938584243,1
-3464451618115722153,1
7564304370763849637,1
-5357786427116055031,1
-131793024465396635,1
-6833399142144493693,1
6715117052074980951,1
-8736233543442525468,1
-818414394473171918,1
3455647968011796929,1
-5657639827304238193,1
-8802482897076202107,1
4106617874858121584,1
-1173717481576068673,1
3336378402418337192,1
491766751372611606,1
-3988263668364611661,1
4768768687455103805,1
-4953199424797787910,1
7905836072047417153,1
-6127974341103096068,1
1931608993515451411,1
-2263004794801853354,1
-3176401036487058797,1
8736326833197354055,1
5686044774978767144,1
5055803675657835008,1
-55826910494187982,1
-2542357044932792666,1
-3849283088390909990,1
-7121229546142582746,1
-659949788348690198,1
7151609152170753344,1
-6460818656367983361,1
-6269677207913290708,1
-1402839862986560827,1
-7252579367414181992,1
-1552158454557503141,1
3474015020327154645,1
-2476726719398216017,1
-8428074451334492900,1
1910725968724803993,1
5193473784715590652,1
3491922468074972691,1
6718592039731721637,1
-507738963570291345,1
-329650011583572520,1
-2052181519787503288,1
-5008748912268796583,1
8237914216072052675,1
3111466279855707166,1
8189215430265186729,1
3547119700256050561,1
-7620415447173677212,1
-4304310878978101495,1
-2968430106668914124,1
1115723919606866684,1
-5330377259349777628,1
2468294222992701440,1
-7735795287882733169,1
-1000799236729341444,1
-6248910599659323970,1
-4857907651987993772,1
-8339343442680828462,1
-495858409923001314,1
-5038685809465050621,1
5288167093065562609,1
-8784736463465802401,1
-6387686047858413308,1
-391029301146562686,1
-3726512302568950379,1
570017903499805286,1
-3797246866243212228,1
-4173423965569402205,1
6984320073209392341,1
3150943940886857514,1
2707455073586734482,1
8992138933631321063,1
435301946227985880,1
7044919235304017416,1
3109059875120824628,1
890879369560498350,1
4019148926751442296,1
5494264401752132580,1
3475466424453802347,1
-398334621806233210,1
-3939753243037084889,1
-5972018815803815111,1
-316111594110082178,1
2922886931103608200,1
5320695518521693264,1
8238506753720136154,1
-134462337056610630,1
1631469821126093324,1
3858413010179731005,1
-5179807691467043005,1
-8059507278607361871,1
1617395390806635148,1
3718890367264778945,1
4929950742892487038,1
-3912794926175937367,1
-7290531449688372704,1
-5438160706571191365,1
806600360239879029,1
5533988687453225539,1
2023217827402346227,1
2527165383814511321,1
-890463110369804798,1
3065219883879279270,1
7989265014697514118,1
4572043065651372243,1
2363329548583888153,1
3468778806850324885,1
8782899937403931621,1
4721913193901694857,1
-1717013893098468559,1
7322586000927345859,1
7582293868291980782,1
-1318928443030211766,1
4778684894334808909,1
-4574294109903194097,1
-666801274096498384,1
951249262337362237,1
8106650774416075281,1
7918975915540049670,1
-7649252975895463029,1
715630542341900995,1
7933550510482787307,1
-1184367957758087073,1
7778864451516838042,1
-845179699537949548,1
7585949175046584340,1
5559931117600249473,1
-3392748253818153564,1
-4585067900897630867,1
-7723623105634988451,1
2638161763070021044,1
-4925034023597667809,1
-1693344351695982179,1
6040341169732940246,1
7999682731932158589,1
3153358440070601823,1
-8953712893815166258,1
375348470377545709,1
3507713411878245673,1
-3488352510739519443,1
-4003390848751962585,1
7761650031752604223,1
-2545734169339948484,1
-1944888378701949942,1
-7224386090353099808,1
-3969509663905974245,1
3420222365049025861,1
-4760488074379860142,1
8467890453104991409,1
6678979002449928821,1
3326165907380223687,1
-8416189867708912480,1
-4208807680939262614,1
4924991301109917371,1
-3621662441102494617,1
-1671938048758408580,1
3168382374304570604,1
7004699119621176023,1
-5163459861795726557,1
7276762564163548436,1
-1362364305077748064,1
-122177470427413527,1
-298961942404181124,1
844662876868350172,1
-3231867718233687584,1
-1472807114162880053,1
-6157958068445286515,1
-710625531107584022,1
-7383817629705861449,1
-8838273202125378728,1
3048526409963583077,1
3135024182050408648,1
8843793928071492271,1
4583590741749490838,1
-2411547940566763251,1
-2071544949967905539,1
-1563378036591751782,1
8461918034428582063,1
-5985165389006915489,1
-3769385683667962041,1
-756478401432643352,1
3692618483492799146,1
556790656426279149,1
6162893797121135356,1
6593253780164964038,1
6869846276329943868,1
9067663403412369873,1
-6060228763029021997,1
-2117466241504444054,1
-167106110213409581,1
8873149424039276903,1
-7695143137337075347,1
6778417427475841417,1
-4684626734232387463,1
703455670357674383,1
-8634211671833093973,1
6184626490011330238,1
-185257869249750384,1
5765704796455195104,1
4424326835932168955,1
8695264776733990112,1
-7112484069917838534,1
-1609911442967164385,1
464400771263491070,1
-4738380741313825393,1
-4712788120455430115,1
3235202054749113278,1
-6698182092542499552,1
-4810528637585124763,1
4636726742404852395,1
-5974536049599283817,1
-5248665112467421322,1
183355771904253029,1
-3852650729532924674,1
282597647458952958,1
-2482709320259662125,1
2551932861499815802,1
-8369235761760622398,1
4011441700814719582,1
-8632422979541853348,1
-6653732675480091052,1
3356267646796861917,1
-6969971080566261134,1
-3445941742980737247,1
4391134226952936701,1
3641468080665251954,1
-6641672544141524326,1
2762428191059644041,1
-2343781088193269660,1
-6416440245549820848,1
4395774577751550198,1
-8972303354084742491,1
-5468743716889288876,1
1915665319416824815,1
32093052976656199,1
-400097308423412464,1
-8350093297264882874,1
-6261407857136934046,1
-3463920232244144522,1
7642043637423351668,1
-8471334830600730168,1
-1983571542069415394,1
-3005989356605749310,1
-6688166912611932006,1
-6810740681659177056,1
5660970874092824335,1
-6707899251628002394,1
5708722139181113119,1
6491747614707881830,1
3327630691323049048,1
-2560535048031646739,1
2451879237057164678,1
2739074913761140177,1
-3621614898980015663,1
-5023229857009162364,1
2255197362906861416,1
-1934012610216081838,1
-4757636775654552768,1
-4292074895716752760,1
-9200369424073149005,1
1667928682561364544,1
-8599828695692330748,1
-8473943479902083863,1
7359961583040391037,1
7674687161652997358,1
2987518299079652500,1
6475261643439693807,1
-6696823195773995193,1
8207652932122891792,1
2828028094541933478,1
7694665421072360014,1
-2326534381758649271,1
-3319064839534347810,1
1693919855648746993,1
-4631412344125106495,1
-6353140637353682826,1
2637166620122313618,1
5475204922530329448,1
6329614355570316510,1
4301242637566798353,1
-8281277010832273072,1
7329921234464261066,1
4891613786429994125,1
-9205390259515032674,1
7245596601830060292,1
-8375131724465006400,1
-5454075230397126209,1
-2675948716474964921,1
-8171473532798004055,1
6637772646202165898,1
1350614147190271616,1
-3997426841144700689,1
2321240912168880695,1
8155433061925272134,1
-6859202410926299543,1
4839529016469626835,1
-2765096755637324848,1
9032187489010651887,1
5388221219909184400,1
205758429254580843,1
7945928339321163681,1
-2184468207216418403,1
-1574911574593099899,1
-7756447754612465465,1
-8574547926622776923,1
-8509671398553432317,1
5133688054545088150,1
5292663466861681371,1
6956816748007143156,1
723402763124183679,1
17650266382306939,1
-2139818021301922931,1
-4824128792085342470,1
-8978576829214583470,1
-5009059927410990169,1
-117467989296317164,1
-2992152938884622407,1
-1447241411191900238,1
-52940122628344023,1
4189788393272012670,1
5309095505094367853,1
9131895845835771780,1
-7503475270350011187,1
-794775493871544863,1
-3244835109657384170,1
1108592130703965668,1
-1358182894791723384,1
-2413396692844320721,1
9018283237713269545,1
-2287192949926508033,1
-3426444559484658199,1
8953762516180612683,1
-2762844542949019827,1
-8887466460530606161,1
2630800903326457388,1
4274459540939286611,1
-7368823754819748134,1
-589258657613503423,1
-4935590992791053385,1
521125462757596122,1
-1062078864717366995,1
-1462204842153405642,1
-5366973326482351181,1
-8746010267790360184,1
-7638854921883151654,1
-3051501375087424854,1
-8725952224549358553,1
-5732568223025608222,1
4551891817947283724,1
8676110381971486503,1
-599587620611818315,1
6097028648935419084,1
8870590724534916310,1
6339227558792032464,1
6629620785249643689,1
4496703785196216234,1
4210630266831950659,1
4657273518875515631,1
2379052627032852674,1
8742214263181901117,1
-2157143418029625549,1
8794745164031548999,1
-1260325893330905597,1
-1500654705679432857,1
-909110145530093897,1
-8104772452713741767,1
2960875336445959828,1
8290907764278108929,1
-907492985070835567,1
-2965056061298227585,1
-6299706339669331387,1
-5669738351363290350,1
-2875330190623322873,1
193197584904866867,1
-1393075570269432923,1
-2230261926148007024,1
137569514474333933,1
7796465884105919869,1
522360424084335065,1
-4285602677031567926,1
-4643835523430353802,1
4892814351747032610,1
3488167975531130098,1
2696983647721461135,1
7554146153562041926,1
-3197441562154394438,1
2720533859860420463,1
-9014231960377051871,1
-3042694068697529690,1
979513901756185861,1
3984749854175542642,1
5152596764964005711,1
-7879412354319905533,1
3782020085790995589,1
1872392126486031928,1
-880271111903594985,1
8011902440311708470,1
-3298429276416910554,1
9187192903180617872,1
1215335806560647220,1
-4848876074052048657,1
1616874029091105222,1
-868606433646499592,1
-3961127668160764668,1
-368624446887364924,1
-5058488158382858487,1
1184165432300101748,1
3926202425322133899,1
-6998002031603786743,1
8383856878095120851,1
1102002190652657148,1
-8774342943733521170,1
8088838597024529605,1
-7733481649440931602,1
8355034507297224994,1
7811961559047764534,1
2457392855366133564,1
-8709567759249950672,1
3654686527409095305,1
1570152938709419964,1
5621023612331001450,1
-1550160474618583742,1
-2817739575117821506,1
6736227424020576577,1
-5442042874869684084,1
2483683907083500689,1
1076640027173015063,1
3229784207822679878,1
3191573539552793656,1
8203193768054126166,1
-7283693466392135107,1
-2651484129129657026,1
1028479306982326679,1
-3393643263401536233,1
2404475887019113634,1
8792378335256807951,1
-1214444053135926336,1
-1040558133834254878,1
3308937882967470519,1
8940450397051081977,1
-3893891084700624551,1
-4487550261714504339,1
-6096199987992882959,1
-4982670221195068843,1
3373024123937434969,1
752705332696062592,1
5072584658680173836,1
-6420607023809675189,1
-7056252626559686639,1
-3975876346847361931,1
-3590920735563764841,1
-2709888605421507374,1
-1616203468692575721,1
-1361509389010760794,1
2180524694292830168,1
8519461913957848069,1
-2037311586561046667,1
5008008998688007019,1
718928005396729157,1
3808512808561048158,1
3627922450080259216,1
5902305390697774633,1
8670009914036778249,1
-1504455336161681209,1
-6648225004857902921,1
6612943934240580183,1
6687162019819974416,1
8794502549835209140,1
2282475293196812542,1
-5498137830989414668,1
5814714797455016895,1
4445285031353617350,1
1210177278438361979,1
1592024477400436092,1
-4931864696374359268,1
7070712729128889432,1
5966022984942324320,1
-8259576590527969188,1
8239707222471907280,1
4685169157632969753,1
-8509490349732004382,1
2725318256483164949,1
8984566670326886304,1
-396796381469735283,1
-3791811237708764314,1
-6252780714484066787,1
-9206499412302809003,1
4646099317459858477,1
-571399234012822625,1
7805040447443251353,1
-950495913745594898,1
-6849909580308035348,1
8227637010660611099,1
-1177613651422071232,1
-2596267964489919097,1
-2248839480952817203,1
-1002848163089018611,1
-1424771717164290087,1
-8453545805470530609,1
534558174466709982,1
-8926365955731983250,1
1705542696811844243,1
-5476227797642558329,1
7162078986478496584,1
7963321967623461652,1
3336375466237674021,1
2335300804700848550,1
-1328682722162868034,1
-6002120625027817424,1
5443553592161740682,1
7894775091922668021,1
-1953928605932525460,1
-3698480190463766803,1
3472426445445994161,1
981145760456634676,1
1389168157237003996,1
2188037691965672325,1
-4802531664130477299,1
1881966973973778824,1
-8584555728796999904,1
-7132636033163003766,1
6470045227074916982,1
3796161284307005043,1
-893451593199812566,1
-928468482244026794,1
8034565119919993934,1
-8642111616484233549,1
8164826667988262631,1
8004752031448978368,1
-3747679130122418835,1
6363665741478279071,1
7580317375085956674,1
-8875999622902955266,1
3620051516163395275,1
-6280863475791933430,1
-7757307148356387461,1
2650008333073293079,1
3512392334913407908,1
6323180377148008786,1
3284238393861550588,1
7861465218837689302,1
2039545234333568986,1
-7060190425444252069,1
1511498067764428869,1
-9119167211242857904,1
4668095611766870480,1
-4235593679788498767,1
6036185719005424481,1
-7606027564520506631,1
-8798278896452213461,1
8332543596087035249,1
-3020800364299500048,1
-3009028260295498644,1
2004280022536878753,1
-4332247255653874734,1
6363838217177084600,1
-2318446426809296803,1
6770969227776702267,1
2013426003247444682,1
7941228157663552688,1
-2932925611676205326,1
-1223184224040397356,1
5655269009013028491,1
-9019881605601217145,1
7996895806031675842,1
-1182648299640888838,1
-8063940286357182671,1
-1378863454356389590,1
-7113082201677263721,1
-7604804312162406590,1
4893422234290688695,1
6497869187279528373,1
-3694766184440097801,1
-2452664348577495872,1
-398227179038381590,1
1343655468655078070,1
-2879547435913936288,1
8535070034871455727,1
-4914894416331005790,1
1946201837769377547,1
-4954622771069711989,1
5683819285819439319,1
6707737207587246455,1
-6171066599385654640,1
2511213347594212274,1
-8078086759579384306,1
193479617637423472,1
-8906486559340359701,1
-1743709055526535600,1
7910266698142699526,1
-6315498907017098645,1
-2972204664697866726,1
-3203881998542357659,1
-1059034111586786704,1
-3406114982447514378,1
-227691076223134567,1
-2533292574108053369,1
2094977453594255935,1
-602721025644077867,1
-2772716425202550271,1
7025655657474731096,1
-114644454339098353,1
-1164958741462207104,1
1717879738872416875,1
9129889440406720743,1
5029035765199718975,1
-1275912344925270129,1
7427576883806890582,1
-5008318995005756151,1
-5466149926235690063,1
2478213094270530998,1
4542230971204180514,1
2478815763303514966,1
-4625234493264791864,1
-4958322582439727522,1
-4817868582471945218,1
6659144310678344801,1
-5881494247657568246,1
-3968139983911683877,1
-9156212342490581912,1
5834055888785578453,1
2403223120276158805,1
-6921551856391313996,1
6751380975959940047,1
5912348892754485419,1
8047869873911925081,1
8182926015207408022,1
-7201649864994220700,1
1669981505039645166,1
3565620997159251933,1
7437903871429480153,1
7952005663357452643,1
-2733195211542353024,1
2015829463613578388,1
2066474707895824784,1
-2710999506828357621,1
4704936260649742412,1
-1038299994666442552,1
5163451162454570560,1
-6642203599311481836,1
-1432086415277127403,1
4883865984457676566,1
-9106522303224412413,1
-9191916915657932494,1
2561276028857895596,1
4236498315272046030,1
-1145370879454299940,1
279845609869198547,1
-2936280652427645721,1
-1349917885786404502,1
5713850683110464506,1
7066609419662453597,1
-2291658519887703929,1
8070283452061863264,1
-7682717864415409189,1
-7882754464323215755,1
-2314158596292492385,1
3775873561292965783,1
7160731314454197124,1
-634037029079974186,1
-4060283403556506590,1
-6374041018781070708,1
1365651418662649596,1
6030343953766034521,1
-106468420334353092,1
632181676536253251,1
-6550041800494591845,1
4075211195841437269,1
-6745106676833821759,1
1748759765322130508,1
-4880158158238455571,1
-3667578300231966887,1
3701149115039503024,1
2254353238479511776,1
-4459239530101789671,1
1293608595063338927,1
1205171667399215544,1
5007162084340701790,1
-8363053096890928303,1
5947016425726496208,1
7425357461628706735,1
-3651403773638557170,1
-6748577011327682814,1
-3823890612926485137,1
7096740482950830315,1
-5410176715928470977,1
-8099658682326481952,1
7558896212530573540,1
6852842906486898268,1
-5258271895569856107,1
7666671151391678541,1
-2944205118951657780,1
5276022646807322633,1
-158310616664528981,1
-7626246234214034968,1
-8617847822149076371,1
6852592260182386010,1
-3642757272598383601,1
8208814582149336153,1
-2291288400903936450,1
1918073815843131188,1
-7985124514065150042,1
-947725730040506399,1
7978421160862652623,1
-8246783177573011349,1
-2650132253654581909,1
-9138600173480710617,1
-3657450752246924065,1
-434131234372636394,1
-4812532968816880501,1
-8275443881816888404,1
2154589535323747987,1
-1431240732483115834,1
-4142751472161683804,1
-5473255383424483340,1
-7157130900796321021,1
-8537402390105008775,1
3359802815573373604,1
3353999546369014952,1
-4785796662372279872,1
6215877156788759683,1
4942722971001422967,1
-2942763193948086373,1
7208995553620596405,1
926001220260247247,1
4228722857377326623,1
-274001005442176521,1
-391352772704339446,1
-4995769764170621367,1
-6952392425794417391,1
-2797908383373436821,1
4960923333891068017,1
-3216223544633317192,1
-6060731790523584472,1
-805352645433372745,1
1475641709991718295,1
5403567595178741557,1
1051522699611205031,1
5806615769168874854,1
-2326120898320265526,1
4715461606888874145,1
3386063929456249042,1
-1159970022386423695,1
1971167167412314184,1
-1998903060096646777,1
-2233582840921598410,1
-7117187791470428932,1
-8677793405723069570,1
-8647031208948575785,1
6071986322743873632,1
1870224417768383460,1
4090160136516497285,1
-803802916340996942,1
496645930219718374,1
138930580935255909,1
15705303215465556,1
5637138001526480795,1
-5838924495831458326,1
7738717575714049382,1
7277943821647321981,1
-7747661546708901513,1
-3747113956283150856,1
7979230425978240349,1
-7059786891132282941,1
6585279837402167733,1
-1001605849635532058,1
1854902565293571832,1
6730122800112106748,1
-2438833233467556616,1
6502161947860360812,1
-8754019001147388,1
-4428052112432919265,1
-8902448543582476815,1
6627338801305741126,1
6379220546737417170,1
-6604604285016166104,1
4704379076615356690,1
-1730878258629446371,1
-4975683081479297690,1
7036180794642380586,1
-7664355633931015709,1
-2468495978616710119,1
5883021944062105220,1
5534962420828224552,1
-1289653118080380591,1
2587965668255695372,1
-1365404708626517129,1
6703894203148633319,1
3816810251121847180,1
-7356309463226150190,1
2044542502611905151,1
2836591161142754828,1
5968622612452842001,1
6681945307229263134,1
635593539999786743,1
-711864952762449960,1
5308889300042730334,1
-798994925437393856,1
163870301957629141,1
-2957591956109725630,1
-3854917816277378744,1
-6913947369610657851,1
-5470602874272607265,1
-6657758305556744735,1
-4935941468452329744,1
5178242736531125071,1
-1342445139408944875,1
5897984897313370240,1
-447986406960553109,1
-11403489416862633,1
-6905670154865541751,1
-9092389302623020139,1
-3437477176527235759,1
-6605610045002937419,1
-5189806792462916910,1
913190830918325341,1
743885266495163083,1
6438455709315140875,1
-5567237473130688572,1
2432659534815886694,1
-2059259829431923848,1
-5675779549485613176,1
-7275048282884757421,1
-4513216153631641212,1
-1524218124698316678,1
1419974307495462077,1
-6664245309783821480,1
-7741194388345249062,1
1837100726669344576,1
-6038456240862368964,1
2618246864664040170,1
-6343791235617668534,1
-7931016454153419824,1
-2888751984319552041,1
-7537840264111737828,1
-9080361036015544278,1
-4546468076899746866,1
3479683550083506212,1
4147759232075688839,1
-8266235590403985541,1
-2429529126199882447,1
2764732446615728961,1
8408275393836541292,1
-4971224750357620951,1
2684381997376660783,1
2780061645739057331,1
-6886540513446427875,1
-8849025262249390252,1
1678775844708062227,1
-5152196931846201245,1
2527975392023715382,1
7037069590700272920,1
-2468889029984699635,1
7168708036969300148,1
7063759503094592841,1
327127331740490355,1
8958670435315113880,1
5695151024001180681,1
3976536687173999864,1
8932937063853398232,1
9142244893606916073,1
-6607205886726036299,1
7558738562812374043,1
7953436652575054649,1
-3838383680723357424,1
-1807162623835478150,1
-5478716608016161537,1
581081871664686121,1
-7588980781012666237,1
-5537907777324961867,1
-1967994272975779139,1
-3784260790613108842,1
5390756338900341641,1
618865797483522137,1
929112653463680605,1
1207686297977895623,1
6559788170472924295,1
-1430389106346218,1
-2740977773095399928,1
